# MagicaVoxel @ Ephtracy

# group
o 

# material
mtllib Voxelhaven_Chomper.mtl
usemtl palette

# normals
vn -1 0 0
vn 1 0 0
vn 0 0 1
vn 0 0 -1
vn 0 -1 0
vn 0 1 0

# texcoords
vt 0.00195312 0.5
vt 0.00585938 0.5
vt 0.00976562 0.5
vt 0.0214844 0.5
vt 0.0253906 0.5
vt 0.0605469 0.5
vt 0.0761719 0.5
vt 0.970703 0.5
vt 0.974609 0.5
vt 0.978516 0.5
vt 0.982422 0.5
vt 0.986328 0.5

# verts
v -0.9 0.7 0.2
v -0.9 0.7 0.1
v -0.9 0.8 0.3
v -0.9 0.8 0.2
v -0.9 0.8 0.1
v -0.9 0.8 0
v -0.9 0.9 0.3
v -0.9 0.9 0.2
v -0.9 0.9 0.1
v -0.9 0.9 0
v -0.9 1 0.2
v -0.9 1 0.1
v -0.8 0.6 0.3
v -0.8 0.6 -0.1
v -0.8 0.7 0.4
v -0.8 0.7 0.3
v -0.8 0.7 0.2
v -0.8 0.7 0.1
v -0.8 0.7 -0.1
v -0.8 0.7 -0.2
v -0.8 0.8 0.3
v -0.8 0.8 0.2
v -0.8 0.8 0.1
v -0.8 0.8 0
v -0.8 0.9 0.3
v -0.8 0.9 0.2
v -0.8 0.9 0.1
v -0.8 0.9 0
v -0.8 0.9 -0.2
v -0.8 0.9 -0.4
v -0.8 1 0.4
v -0.8 1 0.3
v -0.8 1 0.2
v -0.8 1 0.1
v -0.8 1 -0.2
v -0.8 1 -0.3
v -0.8 1.1 0.3
v -0.8 1.1 -0.1
v -0.8 1.1 -0.3
v -0.8 1.1 -0.4
v -0.8 1.2 -0.1
v -0.8 1.2 -0.2
v -0.7 0 0.7
v -0.7 0 0.2
v -0.7 0.1 0.4
v -0.7 0.1 0.2
v -0.7 0.2 0.7
v -0.7 0.2 0.6
v -0.7 0.2 0.5
v -0.7 0.2 0.4
v -0.7 0.3 0.6
v -0.7 0.3 0.5
v -0.7 0.4 0.1
v -0.7 0.4 -0.1
v -0.7 0.5 0.2
v -0.7 0.5 0.1
v -0.7 0.6 0.2
v -0.7 0.6 -0.1
v -0.7 0.6 -0.3
v -0.7 0.7 -0.1
v -0.7 0.7 -0.2
v -0.7 0.7 -0.3
v -0.7 0.7 -0.4
v -0.7 0.8 0.5
v -0.7 0.8 0.4
v -0.7 0.9 -0.2
v -0.7 0.9 -0.4
v -0.7 0.9 -0.5
v -0.7 1 0.4
v -0.7 1 0.3
v -0.7 1 -0.2
v -0.7 1 -0.3
v -0.7 1.1 0.3
v -0.7 1.1 -0.1
v -0.7 1.1 -0.3
v -0.7 1.1 -0.4
v -0.7 1.2 -0.1
v -0.7 1.2 -0.2
v -0.7 1.2 -0.3
v -0.7 1.2 -0.4
v -0.7 1.2 -0.5
v -0.7 1.3 0.5
v -0.7 1.3 0.4
v -0.7 1.3 -0.1
v -0.7 1.3 -0.2
v -0.7 1.3 -0.3
v -0.7 1.3 -0.4
v -0.7 1.4 0.4
v -0.7 1.4 -0.1
v -0.7 1.8 -0.1
v -0.7 1.8 -0.3
v -0.7 2 -0.1
v -0.7 2 -0.3
v -0.6 0 0.2
v -0.6 0 0.1
v -0.6 0.1 0.4
v -0.6 0.1 0.2
v -0.6 0.1 0.1
v -0.6 0.2 0.7
v -0.6 0.2 0.6
v -0.6 0.2 0.5
v -0.6 0.2 0.4
v -0.6 0.2 0.2
v -0.6 0.3 0.6
v -0.6 0.3 0.5
v -0.6 0.3 0
v -0.6 0.3 -0.1
v -0.6 0.4 0
v -0.6 0.4 -0.1
v -0.6 0.4 -0.2
v -0.6 0.5 0.6
v -0.6 0.5 0.5
v -0.6 0.5 -0.2
v -0.6 0.5 -0.3
v -0.6 0.6 0.7
v -0.6 0.6 0.6
v -0.6 0.6 0.5
v -0.6 0.6 0.4
v -0.6 0.6 0.2
v -0.6 0.6 -0.1
v -0.6 0.6 -0.3
v -0.6 0.6 -0.4
v -0.6 0.7 0.6
v -0.6 0.7 0.5
v -0.6 0.7 0.4
v -0.6 0.7 0.2
v -0.6 0.7 -0.3
v -0.6 0.7 -0.4
v -0.6 0.7 -0.5
v -0.6 0.8 0.5
v -0.6 0.8 0.4
v -0.6 0.8 0.2
v -0.6 0.9 -0.4
v -0.6 0.9 -0.5
v -0.6 0.9 -0.6
v -0.6 1 0.4
v -0.6 1 0.3
v -0.6 1 0.2
v -0.6 1 -0.1
v -0.6 1 -0.5
v -0.6 1 -0.6
v -0.6 1.1 0.3
v -0.6 1.1 -0.1
v -0.6 1.2 -0.2
v -0.6 1.2 -0.3
v -0.6 1.2 -0.4
v -0.6 1.2 -0.5
v -0.6 1.3 0.5
v -0.6 1.3 0.4
v -0.6 1.3 -0.1
v -0.6 1.3 -0.2
v -0.6 1.3 -0.3
v -0.6 1.3 -0.4
v -0.6 1.4 0.6
v -0.6 1.4 0.5
v -0.6 1.4 0.4
v -0.6 1.4 -0.1
v -0.6 1.4 -0.2
v -0.6 1.4 -0.3
v -0.6 1.4 -0.4
v -0.6 1.4 -0.5
v -0.6 1.5 0.5
v -0.6 1.5 -0.2
v -0.6 1.7 -0.1
v -0.6 1.7 -0.3
v -0.6 1.8 0
v -0.6 1.8 -0.1
v -0.6 1.8 -0.3
v -0.6 2 0
v -0.6 2 -0.1
v -0.6 2 -0.3
v -0.6 2.1 -0.1
v -0.6 2.1 -0.3
v -0.5 0.1 0.2
v -0.5 0.1 0.1
v -0.5 0.2 0.4
v -0.5 0.2 0.3
v -0.5 0.2 0.2
v -0.5 0.2 0.1
v -0.5 0.3 0.4
v -0.5 0.3 0.3
v -0.5 0.3 -0.1
v -0.5 0.3 -0.2
v -0.5 0.4 -0.1
v -0.5 0.4 -0.2
v -0.5 0.4 -0.3
v -0.5 0.5 0.4
v -0.5 0.5 0
v -0.5 0.5 -0.1
v -0.5 0.5 -0.2
v -0.5 0.5 -0.3
v -0.5 0.5 -0.4
v -0.5 0.6 0.7
v -0.5 0.6 0.6
v -0.5 0.6 0.4
v -0.5 0.6 0
v -0.5 0.6 -0.1
v -0.5 0.6 -0.2
v -0.5 0.6 -0.3
v -0.5 0.6 -0.4
v -0.5 0.6 -0.5
v -0.5 0.7 0.6
v -0.5 0.7 -0.2
v -0.5 0.7 -0.3
v -0.5 0.7 -0.4
v -0.5 0.7 -0.5
v -0.5 0.7 -0.6
v -0.5 0.9 -0.5
v -0.5 0.9 -0.6
v -0.5 0.9 -0.7
v -0.5 1 -0.5
v -0.5 1 -0.6
v -0.5 1 -0.7
v -0.5 1.1 -0.3
v -0.5 1.1 -0.4
v -0.5 1.2 -0.5
v -0.5 1.2 -0.6
v -0.5 1.4 0.6
v -0.5 1.4 0.5
v -0.5 1.4 -0.2
v -0.5 1.4 -0.3
v -0.5 1.4 -0.4
v -0.5 1.5 0.7
v -0.5 1.5 0.6
v -0.5 1.5 0.5
v -0.5 1.5 -0.2
v -0.5 1.5 -0.3
v -0.5 1.5 -0.4
v -0.5 1.6 0.6
v -0.5 1.6 -0.1
v -0.5 1.6 -0.3
v -0.5 1.7 0
v -0.5 1.7 -0.1
v -0.5 1.7 -0.3
v -0.5 1.8 0.1
v -0.5 1.8 0
v -0.5 1.8 -0.1
v -0.5 2 0.1
v -0.5 2 0
v -0.5 2 -0.1
v -0.5 2.1 0
v -0.5 2.1 -0.1
v -0.5 2.1 -0.3
v -0.5 2.2 -0.1
v -0.5 2.2 -0.3
v -0.4 0.3 -0.2
v -0.4 0.3 -0.3
v -0.4 0.4 0.4
v -0.4 0.4 0
v -0.4 0.4 -0.1
v -0.4 0.4 -0.2
v -0.4 0.4 -0.3
v -0.4 0.4 -0.4
v -0.4 0.5 0.4
v -0.4 0.5 0
v -0.4 0.5 -0.1
v -0.4 0.5 -0.2
v -0.4 0.5 -0.3
v -0.4 0.5 -0.4
v -0.4 0.5 -0.5
v -0.4 0.6 0.8
v -0.4 0.6 0.7
v -0.4 0.6 -0.4
v -0.4 0.6 -0.5
v -0.4 0.6 -0.6
v -0.4 0.7 -0.5
v -0.4 0.7 -0.6
v -0.4 0.7 -0.7
v -0.4 0.9 -0.6
v -0.4 0.9 -0.7
v -0.4 0.9 -0.8
v -0.4 1 -0.6
v -0.4 1 -0.7
v -0.4 1.1 -0.4
v -0.4 1.1 -0.5
v -0.4 1.1 -0.7
v -0.4 1.1 -0.8
v -0.4 1.2 -0.5
v -0.4 1.2 -0.6
v -0.4 1.3 -0.6
v -0.4 1.3 -0.7
v -0.4 1.5 0.8
v -0.4 1.5 0.7
v -0.4 1.5 0.6
v -0.4 1.5 -0.3
v -0.4 1.5 -0.4
v -0.4 1.5 -0.5
v -0.4 1.6 0.7
v -0.4 1.6 0.6
v -0.4 1.6 -0.1
v -0.4 1.6 -0.3
v -0.4 1.6 -0.4
v -0.4 1.7 0.6
v -0.4 1.7 0.2
v -0.4 1.7 0
v -0.4 1.7 -0.1
v -0.4 1.8 0.1
v -0.4 1.8 0
v -0.4 1.9 0.2
v -0.4 1.9 0.1
v -0.3 0.3 0.5
v -0.3 0.3 -0.1
v -0.3 0.3 -0.3
v -0.3 0.3 -0.4
v -0.3 0.4 0.7
v -0.3 0.4 0.6
v -0.3 0.4 0.5
v -0.3 0.4 -0.1
v -0.3 0.4 -0.3
v -0.3 0.4 -0.4
v -0.3 0.4 -0.5
v -0.3 0.5 0.8
v -0.3 0.5 0.7
v -0.3 0.5 0.6
v -0.3 0.5 -0.4
v -0.3 0.5 -0.5
v -0.3 0.5 -0.6
v -0.3 0.6 0.8
v -0.3 0.6 0.7
v -0.3 0.6 -0.5
v -0.3 0.6 -0.6
v -0.3 0.6 -0.7
v -0.3 0.7 0.9
v -0.3 0.7 0.8
v -0.3 0.7 -0.6
v -0.3 0.7 -0.7
v -0.3 0.7 -0.8
v -0.3 0.9 -0.7
v -0.3 0.9 -0.8
v -0.3 0.9 -0.9
v -0.3 1.1 -0.5
v -0.3 1.1 -0.6
v -0.3 1.1 -0.7
v -0.3 1.1 -0.8
v -0.3 1.2 -0.8
v -0.3 1.2 -0.9
v -0.3 1.3 -0.6
v -0.3 1.3 -0.7
v -0.3 1.4 0.9
v -0.3 1.4 0.8
v -0.3 1.4 -0.5
v -0.3 1.4 -0.6
v -0.3 1.5 0.8
v -0.3 1.5 0.7
v -0.3 1.5 -0.4
v -0.3 1.5 -0.5
v -0.3 1.5 -0.7
v -0.3 1.5 -0.8
v -0.3 1.6 0.8
v -0.3 1.6 0.7
v -0.3 1.6 0.6
v -0.3 1.6 -0.3
v -0.3 1.6 -0.4
v -0.3 1.6 -0.5
v -0.3 1.7 0.7
v -0.3 1.7 0.6
v -0.3 1.7 0.5
v -0.3 1.7 0.2
v -0.3 1.7 -0.3
v -0.3 1.7 -0.4
v -0.3 1.8 0.5
v -0.3 1.8 0.2
v -0.2 0.3 0.6
v -0.2 0.3 0.5
v -0.2 0.3 -0.4
v -0.2 0.3 -0.5
v -0.2 0.4 0.6
v -0.2 0.4 0.5
v -0.2 0.4 -0.4
v -0.2 0.4 -0.5
v -0.2 0.4 -0.6
v -0.2 0.5 -0.5
v -0.2 0.5 -0.6
v -0.2 0.5 -0.7
v -0.2 0.6 0.9
v -0.2 0.6 0.8
v -0.2 0.6 -0.5
v -0.2 0.6 -0.6
v -0.2 0.6 -0.7
v -0.2 0.6 -0.8
v -0.2 0.7 0.9
v -0.2 0.7 0.8
v -0.2 0.7 -0.5
v -0.2 0.7 -0.6
v -0.2 0.7 -0.7
v -0.2 0.7 -0.8
v -0.2 0.8 -0.8
v -0.2 0.8 -0.9
v -0.2 0.9 -0.8
v -0.2 0.9 -0.9
v -0.2 1.4 0.9
v -0.2 1.4 0.8
v -0.2 1.4 -0.5
v -0.2 1.4 -0.6
v -0.2 1.5 0.9
v -0.2 1.5 0.8
v -0.2 1.5 -0.5
v -0.2 1.5 -0.6
v -0.2 1.7 0.6
v -0.2 1.7 0.5
v -0.2 1.8 0.6
v -0.2 1.8 0.5
v -0.1 0.3 -0.5
v -0.1 0.3 -0.6
v -0.1 0.4 -0.5
v -0.1 0.4 -0.6
v -0.1 0.4 -0.7
v -0.1 0.5 -0.6
v -0.1 0.5 -0.7
v -0.1 0.5 -0.8
v -0.1 0.6 -0.7
v -0.1 0.6 -0.8
v -0.1 0.7 -0.8
v -0.1 0.7 -0.9
v -0.1 0.8 -0.8
v -0.1 0.8 -0.9
v 0.1 0.3 -0.3
v 0.1 0.3 -0.4
v 0.1 0.4 -0.3
v 0.1 0.4 -0.4
v 0.1 0.4 -0.5
v 0.1 0.4 -0.6
v 0.1 0.5 -0.5
v 0.1 0.5 -0.6
v 0.1 0.6 -0.6
v 0.1 0.6 -0.7
v 0.1 0.7 -0.6
v 0.1 0.7 -0.7
v 0.1 1 -0.8
v 0.1 1 -0.9
v 0.1 1.1 -0.8
v 0.1 1.1 -0.9
v 0.1 1.2 -0.7
v 0.1 1.2 -0.8
v 0.1 1.3 -0.7
v 0.1 1.3 -0.8
v 0.1 1.8 0
v 0.1 1.8 -0.3
v 0.1 1.9 0
v 0.1 1.9 -0.1
v 0.1 2 -0.1
v 0.1 2 -0.3
v 0.2 0.4 -0.4
v 0.2 0.4 -0.5
v 0.2 0.5 -0.4
v 0.2 0.5 -0.5
v 0.2 0.5 -0.6
v 0.2 0.6 -0.5
v 0.2 0.6 -0.6
v 0.2 0.7 -0.6
v 0.2 0.7 -0.7
v 0.2 0.8 -0.7
v 0.2 1.1 -0.6
v 0.2 1.1 -0.7
v 0.2 1.1 -0.8
v 0.2 1.1 -0.9
v 0.2 1.2 -0.8
v 0.2 1.2 -0.9
v 0.2 1.3 -0.7
v 0.2 1.3 -0.8
v 0.2 1.5 -0.7
v 0.2 1.5 -0.8
v 0.2 1.8 0.2
v 0.2 1.8 0
v 0.2 1.9 0.2
v 0.2 1.9 0
v 0.2 1.9 -0.1
v 0.2 2 0
v 0.2 2 -0.1
v 0.2 2 -0.3
v 0.2 2.1 -0.1
v 0.2 2.1 -0.3
v 0.3 0.6 -0.5
v 0.3 0.6 -0.6
v 0.3 0.7 -0.5
v 0.3 0.7 -0.6
v 0.3 1.1 -0.6
v 0.3 1.1 -0.7
v 0.3 1.3 -0.6
v 0.3 1.3 -0.7
v 0.3 1.9 0.1
v 0.3 1.9 0
v 0.3 2 0.1
v 0.3 2 0
v 0.3 2 -0.1
v 0.3 2.1 0
v 0.3 2.1 -0.1
v 0.3 2.1 -0.3
v 0.3 2.2 -0.1
v 0.3 2.2 -0.3
v 0.4 0 0.7
v 0.4 0 0.1
v 0.4 0.2 0.3
v 0.4 0.2 0.1
v 0.4 0.3 0.4
v 0.4 0.3 0.3
v 0.4 0.3 0
v 0.4 0.3 -0.1
v 0.4 0.4 0.6
v 0.4 0.4 0.4
v 0.4 0.4 0
v 0.4 0.4 -0.1
v 0.4 0.5 0.7
v 0.4 0.5 0.6
v 0.4 1.1 -0.5
v 0.4 1.1 -0.6
v 0.4 1.2 -0.5
v 0.4 1.2 -0.6
v 0.5 0.4 0
v 0.5 0.4 -0.1
v 0.5 0.4 -0.2
v 0.5 0.5 0
v 0.5 0.5 -0.1
v 0.5 0.5 -0.2
v 0.5 1.1 -0.4
v 0.5 1.1 -0.5
v 0.5 1.2 -0.5
v 0.5 1.4 -0.4
v 0.5 1.4 -0.5
v 0.6 0.4 0.1
v 0.6 0.4 0
v 0.6 0.5 0.2
v 0.6 0.5 0.1
v 0.6 0.5 0
v 0.6 0.5 -0.1
v 0.6 0.6 0.2
v 0.6 0.6 0
v 0.6 0.6 -0.1
v 0.6 0.6 -0.2
v 0.6 0.6 -0.3
v 0.6 0.7 -0.2
v 0.6 0.7 -0.3
v 0.6 1.1 -0.3
v 0.6 1.1 -0.4
v 0.6 1.3 -0.3
v 0.6 1.3 -0.4
v 0.7 0.6 0.3
v 0.7 0.6 0.2
v 0.7 0.7 0.3
v 0.7 0.7 0.2
v 0.7 0.8 0.4
v 0.7 0.8 0.3
v 0.7 0.8 0.2
v 0.7 0.9 0.3
v 0.7 0.9 0.2
v 0.7 1 0.4
v 0.7 1 0.3
v 0.7 1 0.2
v 0.7 1 -0.1
v 0.7 1.1 0.3
v 0.7 1.1 -0.1
v -0.7 0.6 0.3
v -0.7 0.6 0.2
v -0.7 0.7 0.3
v -0.7 0.7 0.2
v -0.7 0.8 0.4
v -0.7 0.8 0.3
v -0.7 0.8 0.2
v -0.7 0.9 0.3
v -0.7 0.9 0.2
v -0.7 1 0.4
v -0.7 1 0.3
v -0.7 1 0.2
v -0.7 1 -0.1
v -0.7 1.1 0.3
v -0.7 1.1 -0.1
v -0.6 0.4 0.1
v -0.6 0.4 0
v -0.6 0.5 0.2
v -0.6 0.5 0.1
v -0.6 0.5 0
v -0.6 0.5 -0.1
v -0.6 0.6 0.2
v -0.6 0.6 0
v -0.6 0.6 -0.1
v -0.6 0.6 -0.2
v -0.6 0.6 -0.3
v -0.6 0.7 -0.2
v -0.6 0.7 -0.3
v -0.6 1.1 -0.3
v -0.6 1.1 -0.4
v -0.6 1.3 -0.3
v -0.6 1.3 -0.4
v -0.5 0.4 0
v -0.5 0.4 -0.1
v -0.5 0.4 -0.2
v -0.5 0.5 0
v -0.5 0.5 -0.1
v -0.5 0.5 -0.2
v -0.5 1.1 -0.4
v -0.5 1.1 -0.5
v -0.5 1.2 -0.5
v -0.5 1.4 -0.4
v -0.5 1.4 -0.5
v -0.4 0 0.7
v -0.4 0 0.1
v -0.4 0.2 0.3
v -0.4 0.2 0.1
v -0.4 0.3 0.4
v -0.4 0.3 0.3
v -0.4 0.3 0
v -0.4 0.3 -0.1
v -0.4 0.4 0.6
v -0.4 0.4 0.4
v -0.4 0.4 0
v -0.4 0.4 -0.1
v -0.4 0.5 0.7
v -0.4 0.5 0.6
v -0.4 1.1 -0.5
v -0.4 1.1 -0.6
v -0.4 1.2 -0.5
v -0.4 1.2 -0.6
v -0.3 0.6 -0.5
v -0.3 0.6 -0.6
v -0.3 0.7 -0.5
v -0.3 0.7 -0.6
v -0.3 1.1 -0.6
v -0.3 1.1 -0.7
v -0.3 1.3 -0.6
v -0.3 1.3 -0.7
v -0.3 1.9 0.1
v -0.3 1.9 0
v -0.3 2 0.1
v -0.3 2 0
v -0.3 2 -0.1
v -0.3 2.1 0
v -0.3 2.1 -0.1
v -0.3 2.1 -0.3
v -0.3 2.2 -0.1
v -0.3 2.2 -0.3
v -0.2 0.4 -0.4
v -0.2 0.4 -0.5
v -0.2 0.5 -0.4
v -0.2 0.5 -0.5
v -0.2 0.5 -0.6
v -0.2 0.6 -0.5
v -0.2 0.6 -0.6
v -0.2 0.7 -0.6
v -0.2 0.7 -0.7
v -0.2 0.8 -0.7
v -0.2 1.1 -0.6
v -0.2 1.1 -0.7
v -0.2 1.1 -0.8
v -0.2 1.1 -0.9
v -0.2 1.2 -0.8
v -0.2 1.2 -0.9
v -0.2 1.3 -0.7
v -0.2 1.3 -0.8
v -0.2 1.5 -0.7
v -0.2 1.5 -0.8
v -0.2 1.8 0.2
v -0.2 1.8 0
v -0.2 1.9 0.2
v -0.2 1.9 0
v -0.2 1.9 -0.1
v -0.2 2 0
v -0.2 2 -0.1
v -0.2 2 -0.3
v -0.2 2.1 -0.1
v -0.2 2.1 -0.3
v -0.1 0.3 -0.3
v -0.1 0.3 -0.4
v -0.1 0.4 -0.3
v -0.1 0.4 -0.4
v -0.1 0.4 -0.5
v -0.1 0.4 -0.6
v -0.1 0.5 -0.5
v -0.1 0.5 -0.6
v -0.1 0.6 -0.6
v -0.1 0.6 -0.7
v -0.1 0.7 -0.6
v -0.1 0.7 -0.7
v -0.1 1 -0.8
v -0.1 1 -0.9
v -0.1 1.1 -0.8
v -0.1 1.1 -0.9
v -0.1 1.2 -0.7
v -0.1 1.2 -0.8
v -0.1 1.3 -0.7
v -0.1 1.3 -0.8
v -0.1 1.8 0
v -0.1 1.8 -0.3
v -0.1 1.9 0
v -0.1 1.9 -0.1
v -0.1 2 -0.1
v -0.1 2 -0.3
v 0.1 0.3 -0.5
v 0.1 0.3 -0.6
v 0.1 0.4 -0.5
v 0.1 0.4 -0.6
v 0.1 0.4 -0.7
v 0.1 0.5 -0.6
v 0.1 0.5 -0.7
v 0.1 0.5 -0.8
v 0.1 0.6 -0.7
v 0.1 0.6 -0.8
v 0.1 0.7 -0.8
v 0.1 0.7 -0.9
v 0.1 0.8 -0.8
v 0.1 0.8 -0.9
v 0.2 0.3 0.6
v 0.2 0.3 0.5
v 0.2 0.3 -0.4
v 0.2 0.3 -0.5
v 0.2 0.4 0.6
v 0.2 0.4 0.5
v 0.2 0.4 -0.4
v 0.2 0.4 -0.5
v 0.2 0.4 -0.6
v 0.2 0.5 -0.5
v 0.2 0.5 -0.6
v 0.2 0.5 -0.7
v 0.2 0.6 0.9
v 0.2 0.6 0.8
v 0.2 0.6 -0.5
v 0.2 0.6 -0.6
v 0.2 0.6 -0.7
v 0.2 0.6 -0.8
v 0.2 0.7 0.9
v 0.2 0.7 0.8
v 0.2 0.7 -0.5
v 0.2 0.7 -0.6
v 0.2 0.7 -0.7
v 0.2 0.7 -0.8
v 0.2 0.8 -0.8
v 0.2 0.8 -0.9
v 0.2 0.9 -0.8
v 0.2 0.9 -0.9
v 0.2 1.4 0.9
v 0.2 1.4 0.8
v 0.2 1.4 -0.5
v 0.2 1.4 -0.6
v 0.2 1.5 0.9
v 0.2 1.5 0.8
v 0.2 1.5 -0.5
v 0.2 1.5 -0.6
v 0.2 1.7 0.6
v 0.2 1.7 0.5
v 0.2 1.8 0.6
v 0.2 1.8 0.5
v 0.3 0.3 0.5
v 0.3 0.3 -0.1
v 0.3 0.3 -0.3
v 0.3 0.3 -0.4
v 0.3 0.4 0.7
v 0.3 0.4 0.6
v 0.3 0.4 0.5
v 0.3 0.4 -0.1
v 0.3 0.4 -0.3
v 0.3 0.4 -0.4
v 0.3 0.4 -0.5
v 0.3 0.5 0.8
v 0.3 0.5 0.7
v 0.3 0.5 0.6
v 0.3 0.5 -0.4
v 0.3 0.5 -0.5
v 0.3 0.5 -0.6
v 0.3 0.6 0.8
v 0.3 0.6 0.7
v 0.3 0.6 -0.5
v 0.3 0.6 -0.6
v 0.3 0.6 -0.7
v 0.3 0.7 0.9
v 0.3 0.7 0.8
v 0.3 0.7 -0.6
v 0.3 0.7 -0.7
v 0.3 0.7 -0.8
v 0.3 0.9 -0.7
v 0.3 0.9 -0.8
v 0.3 0.9 -0.9
v 0.3 1.1 -0.5
v 0.3 1.1 -0.6
v 0.3 1.1 -0.7
v 0.3 1.1 -0.8
v 0.3 1.2 -0.8
v 0.3 1.2 -0.9
v 0.3 1.3 -0.6
v 0.3 1.3 -0.7
v 0.3 1.4 0.9
v 0.3 1.4 0.8
v 0.3 1.4 -0.5
v 0.3 1.4 -0.6
v 0.3 1.5 0.8
v 0.3 1.5 0.7
v 0.3 1.5 -0.4
v 0.3 1.5 -0.5
v 0.3 1.5 -0.7
v 0.3 1.5 -0.8
v 0.3 1.6 0.8
v 0.3 1.6 0.7
v 0.3 1.6 0.6
v 0.3 1.6 -0.3
v 0.3 1.6 -0.4
v 0.3 1.6 -0.5
v 0.3 1.7 0.7
v 0.3 1.7 0.6
v 0.3 1.7 0.5
v 0.3 1.7 0.2
v 0.3 1.7 -0.3
v 0.3 1.7 -0.4
v 0.3 1.8 0.5
v 0.3 1.8 0.2
v 0.4 0.3 -0.2
v 0.4 0.3 -0.3
v 0.4 0.4 0.4
v 0.4 0.4 0
v 0.4 0.4 -0.1
v 0.4 0.4 -0.2
v 0.4 0.4 -0.3
v 0.4 0.4 -0.4
v 0.4 0.5 0.4
v 0.4 0.5 0
v 0.4 0.5 -0.1
v 0.4 0.5 -0.2
v 0.4 0.5 -0.3
v 0.4 0.5 -0.4
v 0.4 0.5 -0.5
v 0.4 0.6 0.8
v 0.4 0.6 0.7
v 0.4 0.6 -0.4
v 0.4 0.6 -0.5
v 0.4 0.6 -0.6
v 0.4 0.7 -0.5
v 0.4 0.7 -0.6
v 0.4 0.7 -0.7
v 0.4 0.9 -0.6
v 0.4 0.9 -0.7
v 0.4 0.9 -0.8
v 0.4 1 -0.6
v 0.4 1 -0.7
v 0.4 1.1 -0.4
v 0.4 1.1 -0.5
v 0.4 1.1 -0.7
v 0.4 1.1 -0.8
v 0.4 1.2 -0.5
v 0.4 1.2 -0.6
v 0.4 1.3 -0.6
v 0.4 1.3 -0.7
v 0.4 1.5 0.8
v 0.4 1.5 0.7
v 0.4 1.5 0.6
v 0.4 1.5 -0.3
v 0.4 1.5 -0.4
v 0.4 1.5 -0.5
v 0.4 1.6 0.7
v 0.4 1.6 0.6
v 0.4 1.6 -0.1
v 0.4 1.6 -0.3
v 0.4 1.6 -0.4
v 0.4 1.7 0.6
v 0.4 1.7 0.2
v 0.4 1.7 0
v 0.4 1.7 -0.1
v 0.4 1.8 0.1
v 0.4 1.8 0
v 0.4 1.9 0.2
v 0.4 1.9 0.1
v 0.5 0.1 0.2
v 0.5 0.1 0.1
v 0.5 0.2 0.4
v 0.5 0.2 0.3
v 0.5 0.2 0.2
v 0.5 0.2 0.1
v 0.5 0.3 0.4
v 0.5 0.3 0.3
v 0.5 0.3 -0.1
v 0.5 0.3 -0.2
v 0.5 0.4 -0.1
v 0.5 0.4 -0.2
v 0.5 0.4 -0.3
v 0.5 0.5 0.4
v 0.5 0.5 0
v 0.5 0.5 -0.1
v 0.5 0.5 -0.2
v 0.5 0.5 -0.3
v 0.5 0.5 -0.4
v 0.5 0.6 0.7
v 0.5 0.6 0.6
v 0.5 0.6 0.4
v 0.5 0.6 0
v 0.5 0.6 -0.1
v 0.5 0.6 -0.2
v 0.5 0.6 -0.3
v 0.5 0.6 -0.4
v 0.5 0.6 -0.5
v 0.5 0.7 0.6
v 0.5 0.7 -0.2
v 0.5 0.7 -0.3
v 0.5 0.7 -0.4
v 0.5 0.7 -0.5
v 0.5 0.7 -0.6
v 0.5 0.9 -0.5
v 0.5 0.9 -0.6
v 0.5 0.9 -0.7
v 0.5 1 -0.5
v 0.5 1 -0.6
v 0.5 1 -0.7
v 0.5 1.1 -0.3
v 0.5 1.1 -0.4
v 0.5 1.2 -0.5
v 0.5 1.2 -0.6
v 0.5 1.4 0.6
v 0.5 1.4 0.5
v 0.5 1.4 -0.2
v 0.5 1.4 -0.3
v 0.5 1.4 -0.4
v 0.5 1.5 0.7
v 0.5 1.5 0.6
v 0.5 1.5 0.5
v 0.5 1.5 -0.2
v 0.5 1.5 -0.3
v 0.5 1.5 -0.4
v 0.5 1.6 0.6
v 0.5 1.6 -0.1
v 0.5 1.6 -0.3
v 0.5 1.7 0
v 0.5 1.7 -0.1
v 0.5 1.7 -0.3
v 0.5 1.8 0.1
v 0.5 1.8 0
v 0.5 1.8 -0.1
v 0.5 2 0.1
v 0.5 2 0
v 0.5 2 -0.1
v 0.5 2.1 0
v 0.5 2.1 -0.1
v 0.5 2.1 -0.3
v 0.5 2.2 -0.1
v 0.5 2.2 -0.3
v 0.6 0 0.2
v 0.6 0 0.1
v 0.6 0.1 0.4
v 0.6 0.1 0.2
v 0.6 0.1 0.1
v 0.6 0.2 0.7
v 0.6 0.2 0.6
v 0.6 0.2 0.5
v 0.6 0.2 0.4
v 0.6 0.2 0.2
v 0.6 0.3 0.6
v 0.6 0.3 0.5
v 0.6 0.3 0
v 0.6 0.3 -0.1
v 0.6 0.4 0
v 0.6 0.4 -0.1
v 0.6 0.4 -0.2
v 0.6 0.5 0.6
v 0.6 0.5 0.5
v 0.6 0.5 -0.2
v 0.6 0.5 -0.3
v 0.6 0.6 0.7
v 0.6 0.6 0.6
v 0.6 0.6 0.5
v 0.6 0.6 0.4
v 0.6 0.6 0.2
v 0.6 0.6 -0.1
v 0.6 0.6 -0.3
v 0.6 0.6 -0.4
v 0.6 0.7 0.6
v 0.6 0.7 0.5
v 0.6 0.7 0.4
v 0.6 0.7 0.2
v 0.6 0.7 -0.3
v 0.6 0.7 -0.4
v 0.6 0.7 -0.5
v 0.6 0.8 0.5
v 0.6 0.8 0.4
v 0.6 0.8 0.2
v 0.6 0.9 -0.4
v 0.6 0.9 -0.5
v 0.6 0.9 -0.6
v 0.6 1 0.4
v 0.6 1 0.3
v 0.6 1 0.2
v 0.6 1 -0.1
v 0.6 1 -0.5
v 0.6 1 -0.6
v 0.6 1.1 0.3
v 0.6 1.1 -0.1
v 0.6 1.2 -0.2
v 0.6 1.2 -0.3
v 0.6 1.2 -0.4
v 0.6 1.2 -0.5
v 0.6 1.3 0.5
v 0.6 1.3 0.4
v 0.6 1.3 -0.1
v 0.6 1.3 -0.2
v 0.6 1.3 -0.3
v 0.6 1.3 -0.4
v 0.6 1.4 0.6
v 0.6 1.4 0.5
v 0.6 1.4 0.4
v 0.6 1.4 -0.1
v 0.6 1.4 -0.2
v 0.6 1.4 -0.3
v 0.6 1.4 -0.4
v 0.6 1.4 -0.5
v 0.6 1.5 0.5
v 0.6 1.5 -0.2
v 0.6 1.7 -0.1
v 0.6 1.7 -0.3
v 0.6 1.8 0
v 0.6 1.8 -0.1
v 0.6 1.8 -0.3
v 0.6 2 0
v 0.6 2 -0.1
v 0.6 2 -0.3
v 0.6 2.1 -0.1
v 0.6 2.1 -0.3
v 0.7 0 0.7
v 0.7 0 0.2
v 0.7 0.1 0.4
v 0.7 0.1 0.2
v 0.7 0.2 0.7
v 0.7 0.2 0.6
v 0.7 0.2 0.5
v 0.7 0.2 0.4
v 0.7 0.3 0.6
v 0.7 0.3 0.5
v 0.7 0.4 0.1
v 0.7 0.4 -0.1
v 0.7 0.5 0.2
v 0.7 0.5 0.1
v 0.7 0.6 0.2
v 0.7 0.6 -0.1
v 0.7 0.6 -0.3
v 0.7 0.7 -0.1
v 0.7 0.7 -0.2
v 0.7 0.7 -0.3
v 0.7 0.7 -0.4
v 0.7 0.8 0.5
v 0.7 0.8 0.4
v 0.7 0.9 -0.2
v 0.7 0.9 -0.4
v 0.7 0.9 -0.5
v 0.7 1 0.4
v 0.7 1 0.3
v 0.7 1 -0.2
v 0.7 1 -0.3
v 0.7 1.1 0.3
v 0.7 1.1 -0.1
v 0.7 1.1 -0.3
v 0.7 1.1 -0.4
v 0.7 1.2 -0.1
v 0.7 1.2 -0.2
v 0.7 1.2 -0.3
v 0.7 1.2 -0.4
v 0.7 1.2 -0.5
v 0.7 1.3 0.5
v 0.7 1.3 0.4
v 0.7 1.3 -0.1
v 0.7 1.3 -0.2
v 0.7 1.3 -0.3
v 0.7 1.3 -0.4
v 0.7 1.4 0.4
v 0.7 1.4 -0.1
v 0.7 1.8 -0.1
v 0.7 1.8 -0.3
v 0.7 2 -0.1
v 0.7 2 -0.3
v 0.8 0.6 0.3
v 0.8 0.6 -0.1
v 0.8 0.7 0.4
v 0.8 0.7 0.3
v 0.8 0.7 0.2
v 0.8 0.7 0.1
v 0.8 0.7 -0.1
v 0.8 0.7 -0.2
v 0.8 0.8 0.3
v 0.8 0.8 0.2
v 0.8 0.8 0.1
v 0.8 0.8 0
v 0.8 0.9 0.3
v 0.8 0.9 0.2
v 0.8 0.9 0.1
v 0.8 0.9 0
v 0.8 0.9 -0.2
v 0.8 0.9 -0.4
v 0.8 1 0.4
v 0.8 1 0.3
v 0.8 1 0.2
v 0.8 1 0.1
v 0.8 1 -0.2
v 0.8 1 -0.3
v 0.8 1.1 0.3
v 0.8 1.1 -0.1
v 0.8 1.1 -0.3
v 0.8 1.1 -0.4
v 0.8 1.2 -0.1
v 0.8 1.2 -0.2
v 0.9 0.7 0.2
v 0.9 0.7 0.1
v 0.9 0.8 0.3
v 0.9 0.8 0.2
v 0.9 0.8 0.1
v 0.9 0.8 0
v 0.9 0.9 0.3
v 0.9 0.9 0.2
v 0.9 0.9 0.1
v 0.9 0.9 0
v 0.9 1 0.2
v 0.9 1 0.1
v -0.3 0.7 0.9
v -0.3 1.4 0.9
v -0.2 0.6 0.9
v -0.2 0.7 0.9
v -0.2 1.4 0.9
v -0.2 1.5 0.9
v 0.2 0.6 0.9
v 0.2 0.7 0.9
v 0.2 1.4 0.9
v 0.2 1.5 0.9
v 0.3 0.7 0.9
v 0.3 1.4 0.9
v -0.4 0.6 0.8
v -0.4 1.5 0.8
v -0.3 0.5 0.8
v -0.3 0.6 0.8
v -0.3 0.7 0.8
v -0.3 1.4 0.8
v -0.3 1.5 0.8
v -0.3 1.6 0.8
v -0.2 0.6 0.8
v -0.2 0.7 0.8
v -0.2 1.4 0.8
v -0.2 1.5 0.8
v 0.2 0.6 0.8
v 0.2 0.7 0.8
v 0.2 1.4 0.8
v 0.2 1.5 0.8
v 0.3 0.5 0.8
v 0.3 0.6 0.8
v 0.3 0.7 0.8
v 0.3 1.4 0.8
v 0.3 1.5 0.8
v 0.3 1.6 0.8
v 0.4 0.6 0.8
v 0.4 1.5 0.8
v -0.7 0 0.7
v -0.7 0.2 0.7
v -0.6 0.2 0.7
v -0.6 0.6 0.7
v -0.5 0.6 0.7
v -0.5 1.5 0.7
v -0.4 0 0.7
v -0.4 0.5 0.7
v -0.4 0.6 0.7
v -0.4 1.5 0.7
v -0.4 1.6 0.7
v -0.3 0.4 0.7
v -0.3 0.5 0.7
v -0.3 0.6 0.7
v -0.3 1.5 0.7
v -0.3 1.6 0.7
v -0.3 1.7 0.7
v 0.3 0.4 0.7
v 0.3 0.5 0.7
v 0.3 0.6 0.7
v 0.3 1.5 0.7
v 0.3 1.6 0.7
v 0.3 1.7 0.7
v 0.4 0 0.7
v 0.4 0.5 0.7
v 0.4 0.6 0.7
v 0.4 1.5 0.7
v 0.4 1.6 0.7
v 0.5 0.6 0.7
v 0.5 1.5 0.7
v 0.6 0.2 0.7
v 0.6 0.6 0.7
v 0.7 0 0.7
v 0.7 0.2 0.7
v -0.7 0.2 0.6
v -0.7 0.3 0.6
v -0.6 0.2 0.6
v -0.6 0.3 0.6
v -0.6 0.6 0.6
v -0.6 0.7 0.6
v -0.6 1.4 0.6
v -0.5 0.6 0.6
v -0.5 0.7 0.6
v -0.5 1.4 0.6
v -0.5 1.5 0.6
v -0.5 1.6 0.6
v -0.4 0.4 0.6
v -0.4 0.5 0.6
v -0.4 1.5 0.6
v -0.4 1.6 0.6
v -0.4 1.7 0.6
v -0.3 0.4 0.6
v -0.3 0.5 0.6
v -0.3 1.6 0.6
v -0.3 1.7 0.6
v -0.2 0.3 0.6
v -0.2 0.4 0.6
v -0.2 1.7 0.6
v -0.2 1.8 0.6
v 0.2 0.3 0.6
v 0.2 0.4 0.6
v 0.2 1.7 0.6
v 0.2 1.8 0.6
v 0.3 0.4 0.6
v 0.3 0.5 0.6
v 0.3 1.6 0.6
v 0.3 1.7 0.6
v 0.4 0.4 0.6
v 0.4 0.5 0.6
v 0.4 1.5 0.6
v 0.4 1.6 0.6
v 0.4 1.7 0.6
v 0.5 0.6 0.6
v 0.5 0.7 0.6
v 0.5 1.4 0.6
v 0.5 1.5 0.6
v 0.5 1.6 0.6
v 0.6 0.2 0.6
v 0.6 0.3 0.6
v 0.6 0.6 0.6
v 0.6 0.7 0.6
v 0.6 1.4 0.6
v 0.7 0.2 0.6
v 0.7 0.3 0.6
v -0.7 0.8 0.5
v -0.7 1.3 0.5
v -0.6 0.8 0.5
v -0.6 1.3 0.5
v -0.6 1.4 0.5
v -0.6 1.5 0.5
v -0.5 1.4 0.5
v -0.5 1.5 0.5
v -0.3 0.3 0.5
v -0.3 0.4 0.5
v -0.3 1.7 0.5
v -0.3 1.8 0.5
v -0.2 0.3 0.5
v -0.2 0.4 0.5
v -0.2 1.7 0.5
v -0.2 1.8 0.5
v 0.2 0.3 0.5
v 0.2 0.4 0.5
v 0.2 1.7 0.5
v 0.2 1.8 0.5
v 0.3 0.3 0.5
v 0.3 0.4 0.5
v 0.3 1.7 0.5
v 0.3 1.8 0.5
v 0.5 1.4 0.5
v 0.5 1.5 0.5
v 0.6 0.8 0.5
v 0.6 1.3 0.5
v 0.6 1.4 0.5
v 0.6 1.5 0.5
v 0.7 0.8 0.5
v 0.7 1.3 0.5
v -0.8 0.7 0.4
v -0.8 1 0.4
v -0.7 0.7 0.4
v -0.7 0.8 0.4
v -0.7 1 0.4
v -0.7 1.3 0.4
v -0.7 1.4 0.4
v -0.6 0.7 0.4
v -0.6 0.8 0.4
v -0.6 1.3 0.4
v -0.6 1.4 0.4
v 0.6 0.7 0.4
v 0.6 0.8 0.4
v 0.6 1.3 0.4
v 0.6 1.4 0.4
v 0.7 0.7 0.4
v 0.7 0.8 0.4
v 0.7 1 0.4
v 0.7 1.3 0.4
v 0.7 1.4 0.4
v 0.8 0.7 0.4
v 0.8 1 0.4
v -0.9 0.8 0.3
v -0.9 0.9 0.3
v -0.8 0.6 0.3
v -0.8 0.7 0.3
v -0.8 0.8 0.3
v -0.8 0.9 0.3
v -0.8 1 0.3
v -0.8 1.1 0.3
v -0.7 0.6 0.3
v -0.7 0.7 0.3
v -0.7 1 0.3
v -0.7 1.1 0.3
v 0.7 0.6 0.3
v 0.7 0.7 0.3
v 0.7 1 0.3
v 0.7 1.1 0.3
v 0.8 0.6 0.3
v 0.8 0.7 0.3
v 0.8 0.8 0.3
v 0.8 0.9 0.3
v 0.8 1 0.3
v 0.8 1.1 0.3
v 0.9 0.8 0.3
v 0.9 0.9 0.3
v -0.9 0.7 0.2
v -0.9 0.8 0.2
v -0.9 0.9 0.2
v -0.9 1 0.2
v -0.8 0.7 0.2
v -0.8 0.8 0.2
v -0.8 0.9 0.2
v -0.8 1 0.2
v -0.7 0.5 0.2
v -0.7 0.6 0.2
v -0.7 0.7 0.2
v -0.7 0.8 0.2
v -0.7 0.9 0.2
v -0.7 1 0.2
v -0.6 0.5 0.2
v -0.6 0.6 0.2
v -0.6 0.7 0.2
v -0.6 0.8 0.2
v -0.6 1 0.2
v -0.4 1.7 0.2
v -0.4 1.9 0.2
v -0.3 1.7 0.2
v -0.3 1.8 0.2
v -0.2 1.8 0.2
v -0.2 1.9 0.2
v 0.2 1.8 0.2
v 0.2 1.9 0.2
v 0.3 1.7 0.2
v 0.3 1.8 0.2
v 0.4 1.7 0.2
v 0.4 1.9 0.2
v 0.6 0.5 0.2
v 0.6 0.6 0.2
v 0.6 0.7 0.2
v 0.6 0.8 0.2
v 0.6 1 0.2
v 0.7 0.5 0.2
v 0.7 0.6 0.2
v 0.7 0.7 0.2
v 0.7 0.8 0.2
v 0.7 0.9 0.2
v 0.7 1 0.2
v 0.8 0.7 0.2
v 0.8 0.8 0.2
v 0.8 0.9 0.2
v 0.8 1 0.2
v 0.9 0.7 0.2
v 0.9 0.8 0.2
v 0.9 0.9 0.2
v 0.9 1 0.2
v -0.7 0.4 0.1
v -0.7 0.5 0.1
v -0.6 0.4 0.1
v -0.6 0.5 0.1
v -0.5 1.8 0.1
v -0.5 2 0.1
v -0.4 1.8 0.1
v -0.4 1.9 0.1
v -0.3 1.9 0.1
v -0.3 2 0.1
v 0.3 1.9 0.1
v 0.3 2 0.1
v 0.4 1.8 0.1
v 0.4 1.9 0.1
v 0.5 1.8 0.1
v 0.5 2 0.1
v 0.6 0.4 0.1
v 0.6 0.5 0.1
v 0.7 0.4 0.1
v 0.7 0.5 0.1
v -0.6 0.3 0
v -0.6 0.4 0
v -0.6 0.5 0
v -0.6 1.8 0
v -0.6 2 0
v -0.5 0.4 0
v -0.5 0.5 0
v -0.5 1.7 0
v -0.5 1.8 0
v -0.5 2 0
v -0.5 2.1 0
v -0.4 0.3 0
v -0.4 0.4 0
v -0.4 1.7 0
v -0.4 1.8 0
v -0.3 1.9 0
v -0.3 2 0
v -0.3 2.1 0
v -0.2 1.8 0
v -0.2 1.9 0
v -0.2 2 0
v -0.1 1.8 0
v -0.1 1.9 0
v 0.1 1.8 0
v 0.1 1.9 0
v 0.2 1.8 0
v 0.2 1.9 0
v 0.2 2 0
v 0.3 1.9 0
v 0.3 2 0
v 0.3 2.1 0
v 0.4 0.3 0
v 0.4 0.4 0
v 0.4 1.7 0
v 0.4 1.8 0
v 0.5 0.4 0
v 0.5 0.5 0
v 0.5 1.7 0
v 0.5 1.8 0
v 0.5 2 0
v 0.5 2.1 0
v 0.6 0.3 0
v 0.6 0.4 0
v 0.6 0.5 0
v 0.6 1.8 0
v 0.6 2 0
v -0.8 1.1 -0.1
v -0.8 1.2 -0.1
v -0.7 1 -0.1
v -0.7 1.1 -0.1
v -0.7 1.2 -0.1
v -0.7 1.8 -0.1
v -0.7 2 -0.1
v -0.6 0.5 -0.1
v -0.6 0.6 -0.1
v -0.6 1 -0.1
v -0.6 1.1 -0.1
v -0.6 1.7 -0.1
v -0.6 1.8 -0.1
v -0.6 2 -0.1
v -0.6 2.1 -0.1
v -0.5 0.5 -0.1
v -0.5 0.6 -0.1
v -0.5 1.6 -0.1
v -0.5 1.7 -0.1
v -0.5 1.8 -0.1
v -0.5 2 -0.1
v -0.5 2.1 -0.1
v -0.5 2.2 -0.1
v -0.4 0.3 -0.1
v -0.4 0.4 -0.1
v -0.4 1.6 -0.1
v -0.4 1.7 -0.1
v -0.3 0.3 -0.1
v -0.3 0.4 -0.1
v -0.3 2 -0.1
v -0.3 2.1 -0.1
v -0.3 2.2 -0.1
v -0.2 1.9 -0.1
v -0.2 2 -0.1
v -0.2 2.1 -0.1
v -0.1 1.9 -0.1
v -0.1 2 -0.1
v 0.1 1.9 -0.1
v 0.1 2 -0.1
v 0.2 1.9 -0.1
v 0.2 2 -0.1
v 0.2 2.1 -0.1
v 0.3 0.3 -0.1
v 0.3 0.4 -0.1
v 0.3 2 -0.1
v 0.3 2.1 -0.1
v 0.3 2.2 -0.1
v 0.4 0.3 -0.1
v 0.4 0.4 -0.1
v 0.4 1.6 -0.1
v 0.4 1.7 -0.1
v 0.5 0.5 -0.1
v 0.5 0.6 -0.1
v 0.5 1.6 -0.1
v 0.5 1.7 -0.1
v 0.5 1.8 -0.1
v 0.5 2 -0.1
v 0.5 2.1 -0.1
v 0.5 2.2 -0.1
v 0.6 0.5 -0.1
v 0.6 0.6 -0.1
v 0.6 1 -0.1
v 0.6 1.1 -0.1
v 0.6 1.7 -0.1
v 0.6 1.8 -0.1
v 0.6 2 -0.1
v 0.6 2.1 -0.1
v 0.7 1 -0.1
v 0.7 1.1 -0.1
v 0.7 1.2 -0.1
v 0.7 1.8 -0.1
v 0.7 2 -0.1
v 0.8 1.1 -0.1
v 0.8 1.2 -0.1
v -0.5 0.4 -0.2
v -0.5 0.5 -0.2
v -0.4 0.4 -0.2
v -0.4 0.5 -0.2
v 0.4 0.4 -0.2
v 0.4 0.5 -0.2
v 0.5 0.4 -0.2
v 0.5 0.5 -0.2
v -0.8 1 -0.3
v -0.8 1.1 -0.3
v -0.7 1 -0.3
v -0.7 1.1 -0.3
v -0.7 1.2 -0.3
v -0.7 1.3 -0.3
v -0.6 0.6 -0.3
v -0.6 0.7 -0.3
v -0.6 1.2 -0.3
v -0.6 1.3 -0.3
v -0.5 0.6 -0.3
v -0.5 0.7 -0.3
v 0.5 0.6 -0.3
v 0.5 0.7 -0.3
v 0.6 0.6 -0.3
v 0.6 0.7 -0.3
v 0.6 1.2 -0.3
v 0.6 1.3 -0.3
v 0.7 1 -0.3
v 0.7 1.1 -0.3
v 0.7 1.2 -0.3
v 0.7 1.3 -0.3
v 0.8 1 -0.3
v 0.8 1.1 -0.3
v -0.6 1.1 -0.4
v -0.6 1.3 -0.4
v -0.6 1.4 -0.4
v -0.5 1.1 -0.4
v -0.5 1.4 -0.4
v -0.1 0.3 -0.4
v -0.1 0.4 -0.4
v 0.1 0.3 -0.4
v 0.1 0.4 -0.4
v 0.5 1.1 -0.4
v 0.5 1.4 -0.4
v 0.6 1.1 -0.4
v 0.6 1.3 -0.4
v 0.6 1.4 -0.4
v -0.5 1.1 -0.5
v -0.5 1.2 -0.5
v -0.4 1.1 -0.5
v -0.4 1.2 -0.5
v -0.2 0.4 -0.5
v -0.2 0.5 -0.5
v -0.1 0.4 -0.5
v -0.1 0.5 -0.5
v 0.1 0.4 -0.5
v 0.1 0.5 -0.5
v 0.2 0.4 -0.5
v 0.2 0.5 -0.5
v 0.4 1.1 -0.5
v 0.4 1.2 -0.5
v 0.5 1.1 -0.5
v 0.5 1.2 -0.5
v -0.4 1.1 -0.6
v -0.4 1.2 -0.6
v -0.4 1.3 -0.6
v -0.3 0.6 -0.6
v -0.3 0.7 -0.6
v -0.3 1.1 -0.6
v -0.3 1.3 -0.6
v -0.2 0.5 -0.6
v -0.2 0.6 -0.6
v -0.2 0.7 -0.6
v -0.1 0.4 -0.6
v -0.1 0.5 -0.6
v -0.1 0.6 -0.6
v 0.1 0.4 -0.6
v 0.1 0.5 -0.6
v 0.1 0.6 -0.6
v 0.2 0.5 -0.6
v 0.2 0.6 -0.6
v 0.2 0.7 -0.6
v 0.3 0.6 -0.6
v 0.3 0.7 -0.6
v 0.3 1.1 -0.6
v 0.3 1.3 -0.6
v 0.4 1.1 -0.6
v 0.4 1.2 -0.6
v 0.4 1.3 -0.6
v -0.3 1.1 -0.7
v -0.3 1.3 -0.7
v -0.3 1.5 -0.7
v -0.2 0.7 -0.7
v -0.2 0.8 -0.7
v -0.2 1.1 -0.7
v -0.2 1.3 -0.7
v -0.2 1.5 -0.7
v -0.1 0.6 -0.7
v -0.1 0.7 -0.7
v -0.1 0.8 -0.7
v -0.1 1 -0.7
v -0.1 1.1 -0.7
v -0.1 1.2 -0.7
v -0.1 1.3 -0.7
v 0.1 0.6 -0.7
v 0.1 0.7 -0.7
v 0.1 0.8 -0.7
v 0.1 1 -0.7
v 0.1 1.1 -0.7
v 0.1 1.2 -0.7
v 0.1 1.3 -0.7
v 0.2 0.7 -0.7
v 0.2 0.8 -0.7
v 0.2 1.1 -0.7
v 0.2 1.3 -0.7
v 0.2 1.5 -0.7
v 0.3 1.1 -0.7
v 0.3 1.3 -0.7
v 0.3 1.5 -0.7
v -0.7 0.2 0.5
v -0.7 0.3 0.5
v -0.6 0.2 0.5
v -0.6 0.3 0.5
v 0.6 0.2 0.5
v 0.6 0.3 0.5
v 0.7 0.2 0.5
v 0.7 0.3 0.5
v -0.7 0.1 0.4
v -0.7 0.2 0.4
v -0.7 0.8 0.4
v -0.7 1 0.4
v -0.6 0.1 0.4
v -0.6 0.2 0.4
v -0.6 0.6 0.4
v -0.6 0.8 0.4
v -0.6 1 0.4
v -0.5 0.2 0.4
v -0.5 0.3 0.4
v -0.5 0.4 0.4
v -0.5 0.5 0.4
v -0.5 0.6 0.4
v -0.4 0.3 0.4
v -0.4 0.4 0.4
v -0.4 0.5 0.4
v 0.4 0.3 0.4
v 0.4 0.4 0.4
v 0.4 0.5 0.4
v 0.5 0.2 0.4
v 0.5 0.3 0.4
v 0.5 0.4 0.4
v 0.5 0.5 0.4
v 0.5 0.6 0.4
v 0.6 0.1 0.4
v 0.6 0.2 0.4
v 0.6 0.6 0.4
v 0.6 0.8 0.4
v 0.6 1 0.4
v 0.7 0.1 0.4
v 0.7 0.2 0.4
v 0.7 0.8 0.4
v 0.7 1 0.4
v -0.7 1 0.3
v -0.7 1.1 0.3
v -0.6 1 0.3
v -0.6 1.1 0.3
v -0.5 0.2 0.3
v -0.5 0.3 0.3
v -0.4 0.2 0.3
v -0.4 0.3 0.3
v 0.4 0.2 0.3
v 0.4 0.3 0.3
v 0.5 0.2 0.3
v 0.5 0.3 0.3
v 0.6 1 0.3
v 0.6 1.1 0.3
v 0.7 1 0.3
v 0.7 1.1 0.3
v -0.7 0 0.2
v -0.7 0.1 0.2
v -0.6 0 0.2
v -0.6 0.1 0.2
v -0.6 0.2 0.2
v -0.5 0.1 0.2
v -0.5 0.2 0.2
v 0.5 0.1 0.2
v 0.5 0.2 0.2
v 0.6 0 0.2
v 0.6 0.1 0.2
v 0.6 0.2 0.2
v 0.7 0 0.2
v 0.7 0.1 0.2
v -0.9 0.7 0.1
v -0.9 0.8 0.1
v -0.9 0.9 0.1
v -0.9 1 0.1
v -0.8 0.7 0.1
v -0.8 0.8 0.1
v -0.8 0.9 0.1
v -0.8 1 0.1
v -0.6 0 0.1
v -0.6 0.1 0.1
v -0.5 0.1 0.1
v -0.5 0.2 0.1
v -0.4 0 0.1
v -0.4 0.2 0.1
v 0.4 0 0.1
v 0.4 0.2 0.1
v 0.5 0.1 0.1
v 0.5 0.2 0.1
v 0.6 0 0.1
v 0.6 0.1 0.1
v 0.8 0.7 0.1
v 0.8 0.8 0.1
v 0.8 0.9 0.1
v 0.8 1 0.1
v 0.9 0.7 0.1
v 0.9 0.8 0.1
v 0.9 0.9 0.1
v 0.9 1 0.1
v -0.9 0.8 0
v -0.9 0.9 0
v -0.8 0.8 0
v -0.8 0.9 0
v 0.8 0.8 0
v 0.8 0.9 0
v 0.9 0.8 0
v 0.9 0.9 0
v -0.8 0.6 -0.1
v -0.8 0.7 -0.1
v -0.7 0.4 -0.1
v -0.7 0.6 -0.1
v -0.7 0.7 -0.1
v -0.7 1.3 -0.1
v -0.7 1.4 -0.1
v -0.6 0.3 -0.1
v -0.6 0.4 -0.1
v -0.6 0.6 -0.1
v -0.6 1.3 -0.1
v -0.6 1.4 -0.1
v -0.5 0.3 -0.1
v -0.5 0.4 -0.1
v 0.5 0.3 -0.1
v 0.5 0.4 -0.1
v 0.6 0.3 -0.1
v 0.6 0.4 -0.1
v 0.6 0.6 -0.1
v 0.6 1.3 -0.1
v 0.6 1.4 -0.1
v 0.7 0.4 -0.1
v 0.7 0.6 -0.1
v 0.7 0.7 -0.1
v 0.7 1.3 -0.1
v 0.7 1.4 -0.1
v 0.8 0.6 -0.1
v 0.8 0.7 -0.1
v -0.8 0.7 -0.2
v -0.8 0.9 -0.2
v -0.8 1 -0.2
v -0.8 1.2 -0.2
v -0.7 0.7 -0.2
v -0.7 0.9 -0.2
v -0.7 1 -0.2
v -0.7 1.2 -0.2
v -0.7 1.3 -0.2
v -0.6 0.4 -0.2
v -0.6 0.5 -0.2
v -0.6 0.6 -0.2
v -0.6 0.7 -0.2
v -0.6 1.2 -0.2
v -0.6 1.3 -0.2
v -0.6 1.4 -0.2
v -0.6 1.5 -0.2
v -0.5 0.3 -0.2
v -0.5 0.4 -0.2
v -0.5 0.5 -0.2
v -0.5 0.6 -0.2
v -0.5 0.7 -0.2
v -0.5 1.4 -0.2
v -0.5 1.5 -0.2
v -0.4 0.3 -0.2
v -0.4 0.4 -0.2
v 0.4 0.3 -0.2
v 0.4 0.4 -0.2
v 0.5 0.3 -0.2
v 0.5 0.4 -0.2
v 0.5 0.5 -0.2
v 0.5 0.6 -0.2
v 0.5 0.7 -0.2
v 0.5 1.4 -0.2
v 0.5 1.5 -0.2
v 0.6 0.4 -0.2
v 0.6 0.5 -0.2
v 0.6 0.6 -0.2
v 0.6 0.7 -0.2
v 0.6 1.2 -0.2
v 0.6 1.3 -0.2
v 0.6 1.4 -0.2
v 0.6 1.5 -0.2
v 0.7 0.7 -0.2
v 0.7 0.9 -0.2
v 0.7 1 -0.2
v 0.7 1.2 -0.2
v 0.7 1.3 -0.2
v 0.8 0.7 -0.2
v 0.8 0.9 -0.2
v 0.8 1 -0.2
v 0.8 1.2 -0.2
v -0.7 0.6 -0.3
v -0.7 0.7 -0.3
v -0.7 1.8 -0.3
v -0.7 2 -0.3
v -0.6 0.5 -0.3
v -0.6 0.6 -0.3
v -0.6 0.7 -0.3
v -0.6 1.1 -0.3
v -0.6 1.3 -0.3
v -0.6 1.4 -0.3
v -0.6 1.7 -0.3
v -0.6 1.8 -0.3
v -0.6 2 -0.3
v -0.6 2.1 -0.3
v -0.5 0.4 -0.3
v -0.5 0.5 -0.3
v -0.5 0.6 -0.3
v -0.5 1.1 -0.3
v -0.5 1.4 -0.3
v -0.5 1.5 -0.3
v -0.5 1.6 -0.3
v -0.5 1.7 -0.3
v -0.5 1.8 -0.3
v -0.5 2 -0.3
v -0.5 2.1 -0.3
v -0.5 2.2 -0.3
v -0.4 0.3 -0.3
v -0.4 0.4 -0.3
v -0.4 0.5 -0.3
v -0.4 1.5 -0.3
v -0.4 1.6 -0.3
v -0.3 0.3 -0.3
v -0.3 0.4 -0.3
v -0.3 1.6 -0.3
v -0.3 1.7 -0.3
v -0.3 1.8 -0.3
v -0.3 2 -0.3
v -0.3 2.1 -0.3
v -0.3 2.2 -0.3
v -0.2 1.7 -0.3
v -0.2 1.8 -0.3
v -0.2 2 -0.3
v -0.2 2.1 -0.3
v -0.1 0.3 -0.3
v -0.1 0.4 -0.3
v -0.1 1.8 -0.3
v -0.1 2 -0.3
v 0.1 0.3 -0.3
v 0.1 0.4 -0.3
v 0.1 1.8 -0.3
v 0.1 2 -0.3
v 0.2 1.7 -0.3
v 0.2 1.8 -0.3
v 0.2 2 -0.3
v 0.2 2.1 -0.3
v 0.3 0.3 -0.3
v 0.3 0.4 -0.3
v 0.3 1.6 -0.3
v 0.3 1.7 -0.3
v 0.3 1.8 -0.3
v 0.3 2 -0.3
v 0.3 2.1 -0.3
v 0.3 2.2 -0.3
v 0.4 0.3 -0.3
v 0.4 0.4 -0.3
v 0.4 0.5 -0.3
v 0.4 1.5 -0.3
v 0.4 1.6 -0.3
v 0.5 0.4 -0.3
v 0.5 0.5 -0.3
v 0.5 0.6 -0.3
v 0.5 1.1 -0.3
v 0.5 1.4 -0.3
v 0.5 1.5 -0.3
v 0.5 1.6 -0.3
v 0.5 1.7 -0.3
v 0.5 1.8 -0.3
v 0.5 2 -0.3
v 0.5 2.1 -0.3
v 0.5 2.2 -0.3
v 0.6 0.5 -0.3
v 0.6 0.6 -0.3
v 0.6 0.7 -0.3
v 0.6 1.1 -0.3
v 0.6 1.3 -0.3
v 0.6 1.4 -0.3
v 0.6 1.7 -0.3
v 0.6 1.8 -0.3
v 0.6 2 -0.3
v 0.6 2.1 -0.3
v 0.7 0.6 -0.3
v 0.7 0.7 -0.3
v 0.7 1.8 -0.3
v 0.7 2 -0.3
v -0.8 0.9 -0.4
v -0.8 1.1 -0.4
v -0.7 0.7 -0.4
v -0.7 0.9 -0.4
v -0.7 1.1 -0.4
v -0.7 1.2 -0.4
v -0.7 1.3 -0.4
v -0.6 0.6 -0.4
v -0.6 0.7 -0.4
v -0.6 0.9 -0.4
v -0.6 1.2 -0.4
v -0.6 1.3 -0.4
v -0.5 0.5 -0.4
v -0.5 0.6 -0.4
v -0.5 0.7 -0.4
v -0.5 1.1 -0.4
v -0.5 1.4 -0.4
v -0.5 1.5 -0.4
v -0.4 0.4 -0.4
v -0.4 0.5 -0.4
v -0.4 0.6 -0.4
v -0.4 1.1 -0.4
v -0.4 1.5 -0.4
v -0.4 1.6 -0.4
v -0.3 0.3 -0.4
v -0.3 0.4 -0.4
v -0.3 0.5 -0.4
v -0.3 1.5 -0.4
v -0.3 1.6 -0.4
v -0.3 1.7 -0.4
v -0.2 0.3 -0.4
v -0.2 0.4 -0.4
v -0.2 0.5 -0.4
v -0.1 0.4 -0.4
v -0.1 0.5 -0.4
v 0.1 0.4 -0.4
v 0.1 0.5 -0.4
v 0.2 0.3 -0.4
v 0.2 0.4 -0.4
v 0.2 0.5 -0.4
v 0.3 0.3 -0.4
v 0.3 0.4 -0.4
v 0.3 0.5 -0.4
v 0.3 1.5 -0.4
v 0.3 1.6 -0.4
v 0.3 1.7 -0.4
v 0.4 0.4 -0.4
v 0.4 0.5 -0.4
v 0.4 0.6 -0.4
v 0.4 1.1 -0.4
v 0.4 1.5 -0.4
v 0.4 1.6 -0.4
v 0.5 0.5 -0.4
v 0.5 0.6 -0.4
v 0.5 0.7 -0.4
v 0.5 1.1 -0.4
v 0.5 1.4 -0.4
v 0.5 1.5 -0.4
v 0.6 0.6 -0.4
v 0.6 0.7 -0.4
v 0.6 0.9 -0.4
v 0.6 1.2 -0.4
v 0.6 1.3 -0.4
v 0.7 0.7 -0.4
v 0.7 0.9 -0.4
v 0.7 1.1 -0.4
v 0.7 1.2 -0.4
v 0.7 1.3 -0.4
v 0.8 0.9 -0.4
v 0.8 1.1 -0.4
v -0.7 0.9 -0.5
v -0.7 1.2 -0.5
v -0.6 0.7 -0.5
v -0.6 0.9 -0.5
v -0.6 1 -0.5
v -0.6 1.2 -0.5
v -0.6 1.4 -0.5
v -0.5 0.6 -0.5
v -0.5 0.7 -0.5
v -0.5 0.9 -0.5
v -0.5 1 -0.5
v -0.5 1.2 -0.5
v -0.5 1.4 -0.5
v -0.4 0.5 -0.5
v -0.4 0.6 -0.5
v -0.4 0.7 -0.5
v -0.4 1.1 -0.5
v -0.4 1.2 -0.5
v -0.4 1.5 -0.5
v -0.3 0.4 -0.5
v -0.3 0.5 -0.5
v -0.3 0.6 -0.5
v -0.3 0.7 -0.5
v -0.3 1.1 -0.5
v -0.3 1.4 -0.5
v -0.3 1.5 -0.5
v -0.3 1.6 -0.5
v -0.2 0.3 -0.5
v -0.2 0.4 -0.5
v -0.2 0.5 -0.5
v -0.2 0.6 -0.5
v -0.2 0.7 -0.5
v -0.2 1.4 -0.5
v -0.2 1.5 -0.5
v -0.1 0.3 -0.5
v -0.1 0.4 -0.5
v -0.1 0.5 -0.5
v -0.1 0.6 -0.5
v 0.1 0.3 -0.5
v 0.1 0.4 -0.5
v 0.1 0.5 -0.5
v 0.1 0.6 -0.5
v 0.2 0.3 -0.5
v 0.2 0.4 -0.5
v 0.2 0.5 -0.5
v 0.2 0.6 -0.5
v 0.2 0.7 -0.5
v 0.2 1.4 -0.5
v 0.2 1.5 -0.5
v 0.3 0.4 -0.5
v 0.3 0.5 -0.5
v 0.3 0.6 -0.5
v 0.3 0.7 -0.5
v 0.3 1.1 -0.5
v 0.3 1.4 -0.5
v 0.3 1.5 -0.5
v 0.3 1.6 -0.5
v 0.4 0.5 -0.5
v 0.4 0.6 -0.5
v 0.4 0.7 -0.5
v 0.4 1.1 -0.5
v 0.4 1.2 -0.5
v 0.4 1.5 -0.5
v 0.5 0.6 -0.5
v 0.5 0.7 -0.5
v 0.5 0.9 -0.5
v 0.5 1 -0.5
v 0.5 1.2 -0.5
v 0.5 1.4 -0.5
v 0.6 0.7 -0.5
v 0.6 0.9 -0.5
v 0.6 1 -0.5
v 0.6 1.2 -0.5
v 0.6 1.4 -0.5
v 0.7 0.9 -0.5
v 0.7 1.2 -0.5
v -0.6 0.9 -0.6
v -0.6 1 -0.6
v -0.5 0.7 -0.6
v -0.5 0.9 -0.6
v -0.5 1 -0.6
v -0.5 1.2 -0.6
v -0.4 0.6 -0.6
v -0.4 0.7 -0.6
v -0.4 0.9 -0.6
v -0.4 1 -0.6
v -0.4 1.2 -0.6
v -0.3 0.5 -0.6
v -0.3 0.6 -0.6
v -0.3 0.7 -0.6
v -0.3 1.1 -0.6
v -0.3 1.3 -0.6
v -0.3 1.4 -0.6
v -0.2 0.4 -0.6
v -0.2 0.5 -0.6
v -0.2 0.6 -0.6
v -0.2 0.7 -0.6
v -0.2 1.1 -0.6
v -0.2 1.4 -0.6
v -0.2 1.5 -0.6
v -0.1 0.3 -0.6
v -0.1 0.4 -0.6
v -0.1 0.5 -0.6
v -0.1 0.6 -0.6
v -0.1 0.7 -0.6
v 0.1 0.3 -0.6
v 0.1 0.4 -0.6
v 0.1 0.5 -0.6
v 0.1 0.6 -0.6
v 0.1 0.7 -0.6
v 0.2 0.4 -0.6
v 0.2 0.5 -0.6
v 0.2 0.6 -0.6
v 0.2 0.7 -0.6
v 0.2 1.1 -0.6
v 0.2 1.4 -0.6
v 0.2 1.5 -0.6
v 0.3 0.5 -0.6
v 0.3 0.6 -0.6
v 0.3 0.7 -0.6
v 0.3 1.1 -0.6
v 0.3 1.3 -0.6
v 0.3 1.4 -0.6
v 0.4 0.6 -0.6
v 0.4 0.7 -0.6
v 0.4 0.9 -0.6
v 0.4 1 -0.6
v 0.4 1.2 -0.6
v 0.5 0.7 -0.6
v 0.5 0.9 -0.6
v 0.5 1 -0.6
v 0.5 1.2 -0.6
v 0.6 0.9 -0.6
v 0.6 1 -0.6
v -0.5 0.9 -0.7
v -0.5 1 -0.7
v -0.4 0.7 -0.7
v -0.4 0.9 -0.7
v -0.4 1 -0.7
v -0.4 1.1 -0.7
v -0.4 1.3 -0.7
v -0.3 0.6 -0.7
v -0.3 0.7 -0.7
v -0.3 0.9 -0.7
v -0.3 1.1 -0.7
v -0.3 1.3 -0.7
v -0.2 0.5 -0.7
v -0.2 0.6 -0.7
v -0.2 0.7 -0.7
v -0.1 0.4 -0.7
v -0.1 0.5 -0.7
v -0.1 0.6 -0.7
v 0.1 0.4 -0.7
v 0.1 0.5 -0.7
v 0.1 0.6 -0.7
v 0.2 0.5 -0.7
v 0.2 0.6 -0.7
v 0.2 0.7 -0.7
v 0.3 0.6 -0.7
v 0.3 0.7 -0.7
v 0.3 0.9 -0.7
v 0.3 1.1 -0.7
v 0.3 1.3 -0.7
v 0.4 0.7 -0.7
v 0.4 0.9 -0.7
v 0.4 1 -0.7
v 0.4 1.1 -0.7
v 0.4 1.3 -0.7
v 0.5 0.9 -0.7
v 0.5 1 -0.7
v -0.4 0.9 -0.8
v -0.4 1.1 -0.8
v -0.3 0.7 -0.8
v -0.3 0.9 -0.8
v -0.3 1.1 -0.8
v -0.3 1.2 -0.8
v -0.3 1.5 -0.8
v -0.2 0.6 -0.8
v -0.2 0.7 -0.8
v -0.2 0.8 -0.8
v -0.2 0.9 -0.8
v -0.2 1.1 -0.8
v -0.2 1.2 -0.8
v -0.2 1.3 -0.8
v -0.2 1.5 -0.8
v -0.1 0.5 -0.8
v -0.1 0.6 -0.8
v -0.1 0.7 -0.8
v -0.1 0.8 -0.8
v -0.1 1 -0.8
v -0.1 1.1 -0.8
v -0.1 1.2 -0.8
v -0.1 1.3 -0.8
v 0.1 0.5 -0.8
v 0.1 0.6 -0.8
v 0.1 0.7 -0.8
v 0.1 0.8 -0.8
v 0.1 1 -0.8
v 0.1 1.1 -0.8
v 0.1 1.2 -0.8
v 0.1 1.3 -0.8
v 0.2 0.6 -0.8
v 0.2 0.7 -0.8
v 0.2 0.8 -0.8
v 0.2 0.9 -0.8
v 0.2 1.1 -0.8
v 0.2 1.2 -0.8
v 0.2 1.3 -0.8
v 0.2 1.5 -0.8
v 0.3 0.7 -0.8
v 0.3 0.9 -0.8
v 0.3 1.1 -0.8
v 0.3 1.2 -0.8
v 0.3 1.5 -0.8
v 0.4 0.9 -0.8
v 0.4 1.1 -0.8
v -0.3 0.9 -0.9
v -0.3 1.2 -0.9
v -0.2 0.8 -0.9
v -0.2 0.9 -0.9
v -0.2 1.1 -0.9
v -0.2 1.2 -0.9
v -0.1 0.7 -0.9
v -0.1 0.8 -0.9
v -0.1 1 -0.9
v -0.1 1.1 -0.9
v 0.1 0.7 -0.9
v 0.1 0.8 -0.9
v 0.1 1 -0.9
v 0.1 1.1 -0.9
v 0.2 0.8 -0.9
v 0.2 0.9 -0.9
v 0.2 1.1 -0.9
v 0.2 1.2 -0.9
v 0.3 0.9 -0.9
v 0.3 1.2 -0.9
v -0.7 0 0.7
v -0.4 0 0.7
v 0.4 0 0.7
v 0.7 0 0.7
v -0.7 0 0.2
v -0.6 0 0.2
v 0.6 0 0.2
v 0.7 0 0.2
v -0.6 0 0.1
v -0.4 0 0.1
v 0.4 0 0.1
v 0.6 0 0.1
v -0.2 0.3 0.6
v 0.2 0.3 0.6
v -0.3 0.3 0.5
v -0.2 0.3 0.5
v 0.2 0.3 0.5
v 0.3 0.3 0.5
v -0.6 0.3 0
v -0.4 0.3 0
v 0.4 0.3 0
v 0.6 0.3 0
v -0.6 0.3 -0.1
v -0.5 0.3 -0.1
v -0.4 0.3 -0.1
v -0.3 0.3 -0.1
v 0.3 0.3 -0.1
v 0.4 0.3 -0.1
v 0.5 0.3 -0.1
v 0.6 0.3 -0.1
v -0.5 0.3 -0.2
v -0.4 0.3 -0.2
v -0.3 0.3 -0.2
v -0.2 0.3 -0.2
v 0.2 0.3 -0.2
v 0.3 0.3 -0.2
v 0.4 0.3 -0.2
v 0.5 0.3 -0.2
v -0.4 0.3 -0.3
v -0.3 0.3 -0.3
v -0.2 0.3 -0.3
v -0.1 0.3 -0.3
v 0.1 0.3 -0.3
v 0.2 0.3 -0.3
v 0.3 0.3 -0.3
v 0.4 0.3 -0.3
v -0.3 0.3 -0.4
v -0.2 0.3 -0.4
v -0.1 0.3 -0.4
v 0.1 0.3 -0.4
v 0.2 0.3 -0.4
v 0.3 0.3 -0.4
v -0.2 0.3 -0.5
v -0.1 0.3 -0.5
v 0.1 0.3 -0.5
v 0.2 0.3 -0.5
v -0.1 0.3 -0.6
v 0.1 0.3 -0.6
v -0.3 0.4 0.7
v 0.3 0.4 0.7
v -0.4 0.4 0.6
v -0.3 0.4 0.6
v -0.2 0.4 0.6
v 0.2 0.4 0.6
v 0.3 0.4 0.6
v 0.4 0.4 0.6
v -0.3 0.4 0.5
v -0.2 0.4 0.5
v 0.2 0.4 0.5
v 0.3 0.4 0.5
v -0.4 0.4 0.4
v 0.4 0.4 0.4
v -0.7 0.4 0.1
v -0.6 0.4 0.1
v 0.6 0.4 0.1
v 0.7 0.4 0.1
v -0.6 0.4 0
v -0.4 0.4 0
v 0.4 0.4 0
v 0.6 0.4 0
v -0.7 0.4 -0.1
v -0.6 0.4 -0.1
v -0.5 0.4 -0.1
v -0.4 0.4 -0.1
v -0.3 0.4 -0.1
v 0.3 0.4 -0.1
v 0.4 0.4 -0.1
v 0.5 0.4 -0.1
v 0.6 0.4 -0.1
v 0.7 0.4 -0.1
v -0.6 0.4 -0.2
v -0.5 0.4 -0.2
v -0.4 0.4 -0.2
v 0.4 0.4 -0.2
v 0.5 0.4 -0.2
v 0.6 0.4 -0.2
v -0.5 0.4 -0.3
v -0.4 0.4 -0.3
v -0.3 0.4 -0.3
v -0.1 0.4 -0.3
v 0.1 0.4 -0.3
v 0.3 0.4 -0.3
v 0.4 0.4 -0.3
v 0.5 0.4 -0.3
v -0.4 0.4 -0.4
v -0.3 0.4 -0.4
v -0.2 0.4 -0.4
v -0.1 0.4 -0.4
v 0.1 0.4 -0.4
v 0.2 0.4 -0.4
v 0.3 0.4 -0.4
v 0.4 0.4 -0.4
v -0.3 0.4 -0.5
v -0.2 0.4 -0.5
v -0.1 0.4 -0.5
v 0.1 0.4 -0.5
v 0.2 0.4 -0.5
v 0.3 0.4 -0.5
v -0.2 0.4 -0.6
v -0.1 0.4 -0.6
v 0.1 0.4 -0.6
v 0.2 0.4 -0.6
v -0.1 0.4 -0.7
v 0.1 0.4 -0.7
v -0.3 0.5 0.8
v 0.3 0.5 0.8
v -0.4 0.5 0.7
v -0.3 0.5 0.7
v 0.3 0.5 0.7
v 0.4 0.5 0.7
v -0.4 0.5 0.6
v -0.3 0.5 0.6
v 0.3 0.5 0.6
v 0.4 0.5 0.6
v -0.5 0.5 0.4
v -0.4 0.5 0.4
v 0.4 0.5 0.4
v 0.5 0.5 0.4
v -0.7 0.5 0.2
v -0.6 0.5 0.2
v 0.6 0.5 0.2
v 0.7 0.5 0.2
v -0.7 0.5 0.1
v -0.6 0.5 0.1
v 0.6 0.5 0.1
v 0.7 0.5 0.1
v -0.5 0.5 0
v -0.4 0.5 0
v 0.4 0.5 0
v 0.5 0.5 0
v -0.5 0.5 -0.1
v -0.4 0.5 -0.1
v 0.4 0.5 -0.1
v 0.5 0.5 -0.1
v -0.6 0.5 -0.2
v -0.5 0.5 -0.2
v -0.4 0.5 -0.2
v 0.4 0.5 -0.2
v 0.5 0.5 -0.2
v 0.6 0.5 -0.2
v -0.6 0.5 -0.3
v -0.5 0.5 -0.3
v -0.4 0.5 -0.3
v 0.4 0.5 -0.3
v 0.5 0.5 -0.3
v 0.6 0.5 -0.3
v -0.5 0.5 -0.4
v -0.4 0.5 -0.4
v -0.3 0.5 -0.4
v -0.2 0.5 -0.4
v -0.1 0.5 -0.4
v 0.1 0.5 -0.4
v 0.2 0.5 -0.4
v 0.3 0.5 -0.4
v 0.4 0.5 -0.4
v 0.5 0.5 -0.4
v -0.4 0.5 -0.5
v -0.3 0.5 -0.5
v -0.2 0.5 -0.5
v -0.1 0.5 -0.5
v 0.1 0.5 -0.5
v 0.2 0.5 -0.5
v 0.3 0.5 -0.5
v 0.4 0.5 -0.5
v -0.3 0.5 -0.6
v -0.2 0.5 -0.6
v -0.1 0.5 -0.6
v 0.1 0.5 -0.6
v 0.2 0.5 -0.6
v 0.3 0.5 -0.6
v -0.2 0.5 -0.7
v -0.1 0.5 -0.7
v 0.1 0.5 -0.7
v 0.2 0.5 -0.7
v -0.1 0.5 -0.8
v 0.1 0.5 -0.8
v -0.2 0.6 0.9
v 0.2 0.6 0.9
v -0.4 0.6 0.8
v -0.3 0.6 0.8
v -0.2 0.6 0.8
v 0.2 0.6 0.8
v 0.3 0.6 0.8
v 0.4 0.6 0.8
v -0.4 0.6 0.7
v -0.3 0.6 0.7
v 0.3 0.6 0.7
v 0.4 0.6 0.7
v -0.6 0.6 0.4
v -0.5 0.6 0.4
v 0.5 0.6 0.4
v 0.6 0.6 0.4
v -0.8 0.6 0.3
v -0.7 0.6 0.3
v 0.7 0.6 0.3
v 0.8 0.6 0.3
v -0.7 0.6 0.2
v -0.6 0.6 0.2
v 0.6 0.6 0.2
v 0.7 0.6 0.2
v -0.6 0.6 0
v -0.5 0.6 0
v 0.5 0.6 0
v 0.6 0.6 0
v -0.8 0.6 -0.1
v -0.7 0.6 -0.1
v -0.6 0.6 -0.1
v -0.5 0.6 -0.1
v 0.5 0.6 -0.1
v 0.6 0.6 -0.1
v 0.7 0.6 -0.1
v 0.8 0.6 -0.1
v -0.7 0.6 -0.3
v -0.6 0.6 -0.3
v -0.5 0.6 -0.3
v 0.5 0.6 -0.3
v 0.6 0.6 -0.3
v 0.7 0.6 -0.3
v -0.6 0.6 -0.4
v -0.5 0.6 -0.4
v -0.4 0.6 -0.4
v 0.4 0.6 -0.4
v 0.5 0.6 -0.4
v 0.6 0.6 -0.4
v -0.5 0.6 -0.5
v -0.4 0.6 -0.5
v -0.3 0.6 -0.5
v -0.2 0.6 -0.5
v -0.1 0.6 -0.5
v 0.1 0.6 -0.5
v 0.2 0.6 -0.5
v 0.3 0.6 -0.5
v 0.4 0.6 -0.5
v 0.5 0.6 -0.5
v -0.4 0.6 -0.6
v -0.3 0.6 -0.6
v -0.2 0.6 -0.6
v -0.1 0.6 -0.6
v 0.1 0.6 -0.6
v 0.2 0.6 -0.6
v 0.3 0.6 -0.6
v 0.4 0.6 -0.6
v -0.3 0.6 -0.7
v -0.2 0.6 -0.7
v -0.1 0.6 -0.7
v 0.1 0.6 -0.7
v 0.2 0.6 -0.7
v 0.3 0.6 -0.7
v -0.2 0.6 -0.8
v -0.1 0.6 -0.8
v 0.1 0.6 -0.8
v 0.2 0.6 -0.8
v -0.3 0.7 0.9
v -0.2 0.7 0.9
v 0.2 0.7 0.9
v 0.3 0.7 0.9
v -0.3 0.7 0.8
v -0.2 0.7 0.8
v 0.2 0.7 0.8
v 0.3 0.7 0.8
v -0.8 0.7 0.4
v -0.7 0.7 0.4
v -0.6 0.7 0.4
v 0.6 0.7 0.4
v 0.7 0.7 0.4
v 0.8 0.7 0.4
v -0.8 0.7 0.3
v -0.7 0.7 0.3
v 0.7 0.7 0.3
v 0.8 0.7 0.3
v -0.9 0.7 0.2
v -0.8 0.7 0.2
v -0.7 0.7 0.2
v -0.6 0.7 0.2
v 0.6 0.7 0.2
v 0.7 0.7 0.2
v 0.8 0.7 0.2
v 0.9 0.7 0.2
v -0.9 0.7 0.1
v -0.8 0.7 0.1
v 0.8 0.7 0.1
v 0.9 0.7 0.1
v -0.8 0.7 -0.1
v -0.7 0.7 -0.1
v 0.7 0.7 -0.1
v 0.8 0.7 -0.1
v -0.8 0.7 -0.2
v -0.7 0.7 -0.2
v -0.6 0.7 -0.2
v -0.5 0.7 -0.2
v 0.5 0.7 -0.2
v 0.6 0.7 -0.2
v 0.7 0.7 -0.2
v 0.8 0.7 -0.2
v -0.7 0.7 -0.3
v -0.6 0.7 -0.3
v -0.5 0.7 -0.3
v 0.5 0.7 -0.3
v 0.6 0.7 -0.3
v 0.7 0.7 -0.3
v -0.7 0.7 -0.4
v -0.6 0.7 -0.4
v -0.5 0.7 -0.4
v 0.5 0.7 -0.4
v 0.6 0.7 -0.4
v 0.7 0.7 -0.4
v -0.6 0.7 -0.5
v -0.5 0.7 -0.5
v -0.4 0.7 -0.5
v -0.3 0.7 -0.5
v -0.2 0.7 -0.5
v 0.2 0.7 -0.5
v 0.3 0.7 -0.5
v 0.4 0.7 -0.5
v 0.5 0.7 -0.5
v 0.6 0.7 -0.5
v -0.5 0.7 -0.6
v -0.4 0.7 -0.6
v -0.3 0.7 -0.6
v -0.2 0.7 -0.6
v 0.2 0.7 -0.6
v 0.3 0.7 -0.6
v 0.4 0.7 -0.6
v 0.5 0.7 -0.6
v -0.4 0.7 -0.7
v -0.3 0.7 -0.7
v -0.2 0.7 -0.7
v 0.2 0.7 -0.7
v 0.3 0.7 -0.7
v 0.4 0.7 -0.7
v -0.3 0.7 -0.8
v -0.2 0.7 -0.8
v -0.1 0.7 -0.8
v 0.1 0.7 -0.8
v 0.2 0.7 -0.8
v 0.3 0.7 -0.8
v -0.1 0.7 -0.9
v 0.1 0.7 -0.9
v -0.7 0.8 0.5
v -0.6 0.8 0.5
v 0.6 0.8 0.5
v 0.7 0.8 0.5
v -0.7 0.8 0.4
v -0.6 0.8 0.4
v 0.6 0.8 0.4
v 0.7 0.8 0.4
v -0.9 0.8 0.3
v -0.8 0.8 0.3
v 0.8 0.8 0.3
v 0.9 0.8 0.3
v -0.9 0.8 0.2
v -0.8 0.8 0.2
v 0.8 0.8 0.2
v 0.9 0.8 0.2
v -0.9 0.8 0.1
v -0.8 0.8 0.1
v 0.8 0.8 0.1
v 0.9 0.8 0.1
v -0.9 0.8 0
v -0.8 0.8 0
v 0.8 0.8 0
v 0.9 0.8 0
v -0.2 0.8 -0.8
v -0.1 0.8 -0.8
v 0.1 0.8 -0.8
v 0.2 0.8 -0.8
v -0.2 0.8 -0.9
v -0.1 0.8 -0.9
v 0.1 0.8 -0.9
v 0.2 0.8 -0.9
v -0.8 0.9 -0.2
v -0.7 0.9 -0.2
v 0.7 0.9 -0.2
v 0.8 0.9 -0.2
v -0.8 0.9 -0.4
v -0.7 0.9 -0.4
v -0.6 0.9 -0.4
v 0.6 0.9 -0.4
v 0.7 0.9 -0.4
v 0.8 0.9 -0.4
v -0.7 0.9 -0.5
v -0.6 0.9 -0.5
v -0.5 0.9 -0.5
v 0.5 0.9 -0.5
v 0.6 0.9 -0.5
v 0.7 0.9 -0.5
v -0.6 0.9 -0.6
v -0.5 0.9 -0.6
v -0.4 0.9 -0.6
v 0.4 0.9 -0.6
v 0.5 0.9 -0.6
v 0.6 0.9 -0.6
v -0.5 0.9 -0.7
v -0.4 0.9 -0.7
v -0.3 0.9 -0.7
v 0.3 0.9 -0.7
v 0.4 0.9 -0.7
v 0.5 0.9 -0.7
v -0.4 0.9 -0.8
v -0.3 0.9 -0.8
v -0.2 0.9 -0.8
v 0.2 0.9 -0.8
v 0.3 0.9 -0.8
v 0.4 0.9 -0.8
v -0.3 0.9 -0.9
v -0.2 0.9 -0.9
v 0.2 0.9 -0.9
v 0.3 0.9 -0.9
v -0.7 1 0.4
v -0.6 1 0.4
v 0.6 1 0.4
v 0.7 1 0.4
v -0.7 1 0.3
v -0.6 1 0.3
v 0.6 1 0.3
v 0.7 1 0.3
v -0.7 1.1 0.3
v -0.6 1.1 0.3
v 0.6 1.1 0.3
v 0.7 1.1 0.3
v -0.7 1.1 -0.1
v -0.6 1.1 -0.1
v 0.6 1.1 -0.1
v 0.7 1.1 -0.1
v -0.5 1.7 0
v -0.4 1.7 0
v 0.4 1.7 0
v 0.5 1.7 0
v -0.6 1.7 -0.1
v -0.5 1.7 -0.1
v -0.4 1.7 -0.1
v 0.4 1.7 -0.1
v 0.5 1.7 -0.1
v 0.6 1.7 -0.1
v -0.6 1.7 -0.3
v -0.5 1.7 -0.3
v 0.5 1.7 -0.3
v 0.6 1.7 -0.3
v -0.5 1.8 0.1
v -0.4 1.8 0.1
v 0.4 1.8 0.1
v 0.5 1.8 0.1
v -0.6 1.8 0
v -0.5 1.8 0
v -0.4 1.8 0
v 0.4 1.8 0
v 0.5 1.8 0
v 0.6 1.8 0
v -0.7 1.8 -0.1
v -0.6 1.8 -0.1
v -0.5 1.8 -0.1
v 0.5 1.8 -0.1
v 0.6 1.8 -0.1
v 0.7 1.8 -0.1
v -0.7 1.8 -0.3
v -0.6 1.8 -0.3
v 0.6 1.8 -0.3
v 0.7 1.8 -0.3
v -0.7 0.1 0.4
v -0.6 0.1 0.4
v 0.6 0.1 0.4
v 0.7 0.1 0.4
v -0.7 0.1 0.2
v -0.6 0.1 0.2
v -0.5 0.1 0.2
v 0.5 0.1 0.2
v 0.6 0.1 0.2
v 0.7 0.1 0.2
v -0.6 0.1 0.1
v -0.5 0.1 0.1
v 0.5 0.1 0.1
v 0.6 0.1 0.1
v -0.7 0.2 0.7
v -0.6 0.2 0.7
v 0.6 0.2 0.7
v 0.7 0.2 0.7
v -0.7 0.2 0.6
v -0.6 0.2 0.6
v 0.6 0.2 0.6
v 0.7 0.2 0.6
v -0.7 0.2 0.5
v -0.6 0.2 0.5
v 0.6 0.2 0.5
v 0.7 0.2 0.5
v -0.7 0.2 0.4
v -0.6 0.2 0.4
v -0.5 0.2 0.4
v 0.5 0.2 0.4
v 0.6 0.2 0.4
v 0.7 0.2 0.4
v -0.5 0.2 0.3
v -0.4 0.2 0.3
v 0.4 0.2 0.3
v 0.5 0.2 0.3
v -0.6 0.2 0.2
v -0.5 0.2 0.2
v 0.5 0.2 0.2
v 0.6 0.2 0.2
v -0.5 0.2 0.1
v -0.4 0.2 0.1
v 0.4 0.2 0.1
v 0.5 0.2 0.1
v -0.7 0.3 0.6
v -0.6 0.3 0.6
v 0.6 0.3 0.6
v 0.7 0.3 0.6
v -0.7 0.3 0.5
v -0.6 0.3 0.5
v 0.6 0.3 0.5
v 0.7 0.3 0.5
v -0.5 0.3 0.4
v -0.4 0.3 0.4
v 0.4 0.3 0.4
v 0.5 0.3 0.4
v -0.5 0.3 0.3
v -0.4 0.3 0.3
v 0.4 0.3 0.3
v 0.5 0.3 0.3
v -0.5 0.4 0
v -0.4 0.4 0
v 0.4 0.4 0
v 0.5 0.4 0
v -0.5 0.4 -0.1
v -0.4 0.4 -0.1
v 0.4 0.4 -0.1
v 0.5 0.4 -0.1
v -0.5 0.4 -0.2
v -0.4 0.4 -0.2
v 0.4 0.4 -0.2
v 0.5 0.4 -0.2
v -0.2 0.4 -0.4
v -0.1 0.4 -0.4
v 0.1 0.4 -0.4
v 0.2 0.4 -0.4
v -0.2 0.4 -0.5
v -0.1 0.4 -0.5
v 0.1 0.4 -0.5
v 0.2 0.4 -0.5
v -0.1 0.4 -0.6
v 0.1 0.4 -0.6
v -0.6 0.5 0
v -0.5 0.5 0
v 0.5 0.5 0
v 0.6 0.5 0
v -0.6 0.5 -0.1
v -0.5 0.5 -0.1
v 0.5 0.5 -0.1
v 0.6 0.5 -0.1
v -0.2 0.5 -0.5
v -0.1 0.5 -0.5
v 0.1 0.5 -0.5
v 0.2 0.5 -0.5
v -0.2 0.5 -0.6
v -0.1 0.5 -0.6
v 0.1 0.5 -0.6
v 0.2 0.5 -0.6
v -0.6 0.6 0.7
v -0.5 0.6 0.7
v 0.5 0.6 0.7
v 0.6 0.6 0.7
v -0.6 0.6 0.6
v -0.5 0.6 0.6
v 0.5 0.6 0.6
v 0.6 0.6 0.6
v -0.6 0.6 -0.2
v -0.5 0.6 -0.2
v 0.5 0.6 -0.2
v 0.6 0.6 -0.2
v -0.6 0.6 -0.3
v -0.5 0.6 -0.3
v 0.5 0.6 -0.3
v 0.6 0.6 -0.3
v -0.3 0.6 -0.5
v -0.2 0.6 -0.5
v 0.2 0.6 -0.5
v 0.3 0.6 -0.5
v -0.3 0.6 -0.6
v -0.2 0.6 -0.6
v -0.1 0.6 -0.6
v 0.1 0.6 -0.6
v 0.2 0.6 -0.6
v 0.3 0.6 -0.6
v -0.1 0.6 -0.7
v 0.1 0.6 -0.7
v -0.2 0.7 -0.6
v -0.1 0.7 -0.6
v 0.1 0.7 -0.6
v 0.2 0.7 -0.6
v -0.2 0.7 -0.7
v -0.1 0.7 -0.7
v 0.1 0.7 -0.7
v 0.2 0.7 -0.7
v -0.7 0.8 0.4
v -0.6 0.8 0.4
v 0.6 0.8 0.4
v 0.7 0.8 0.4
v -0.7 0.8 0.3
v 0.7 0.8 0.3
v -0.7 0.8 0.2
v -0.6 0.8 0.2
v 0.6 0.8 0.2
v 0.7 0.8 0.2
v -0.9 0.9 0.3
v -0.8 0.9 0.3
v 0.8 0.9 0.3
v 0.9 0.9 0.3
v -0.9 0.9 0.2
v -0.8 0.9 0.2
v 0.8 0.9 0.2
v 0.9 0.9 0.2
v -0.9 0.9 0.1
v -0.8 0.9 0.1
v 0.8 0.9 0.1
v 0.9 0.9 0.1
v -0.9 0.9 0
v -0.8 0.9 0
v 0.8 0.9 0
v 0.9 0.9 0
v -0.8 1 0.4
v -0.7 1 0.4
v 0.7 1 0.4
v 0.8 1 0.4
v -0.8 1 0.3
v -0.7 1 0.3
v 0.7 1 0.3
v 0.8 1 0.3
v -0.9 1 0.2
v -0.8 1 0.2
v -0.7 1 0.2
v -0.6 1 0.2
v 0.6 1 0.2
v 0.7 1 0.2
v 0.8 1 0.2
v 0.9 1 0.2
v -0.9 1 0.1
v -0.8 1 0.1
v 0.8 1 0.1
v 0.9 1 0.1
v -0.7 1 -0.1
v -0.6 1 -0.1
v 0.6 1 -0.1
v 0.7 1 -0.1
v -0.8 1 -0.2
v -0.7 1 -0.2
v 0.7 1 -0.2
v 0.8 1 -0.2
v -0.8 1 -0.3
v -0.7 1 -0.3
v 0.7 1 -0.3
v 0.8 1 -0.3
v -0.6 1 -0.5
v -0.5 1 -0.5
v 0.5 1 -0.5
v 0.6 1 -0.5
v -0.6 1 -0.6
v -0.5 1 -0.6
v -0.4 1 -0.6
v 0.4 1 -0.6
v 0.5 1 -0.6
v 0.6 1 -0.6
v -0.5 1 -0.7
v -0.4 1 -0.7
v 0.4 1 -0.7
v 0.5 1 -0.7
v -0.1 1 -0.8
v 0.1 1 -0.8
v -0.1 1 -0.9
v 0.1 1 -0.9
v -0.8 1.1 0.3
v -0.7 1.1 0.3
v 0.7 1.1 0.3
v 0.8 1.1 0.3
v -0.8 1.1 -0.1
v -0.7 1.1 -0.1
v 0.7 1.1 -0.1
v 0.8 1.1 -0.1
v -0.8 1.1 -0.3
v -0.7 1.1 -0.3
v -0.6 1.1 -0.3
v -0.5 1.1 -0.3
v 0.5 1.1 -0.3
v 0.6 1.1 -0.3
v 0.7 1.1 -0.3
v 0.8 1.1 -0.3
v -0.8 1.1 -0.4
v -0.7 1.1 -0.4
v -0.6 1.1 -0.4
v -0.5 1.1 -0.4
v -0.4 1.1 -0.4
v 0.4 1.1 -0.4
v 0.5 1.1 -0.4
v 0.6 1.1 -0.4
v 0.7 1.1 -0.4
v 0.8 1.1 -0.4
v -0.5 1.1 -0.5
v -0.4 1.1 -0.5
v -0.3 1.1 -0.5
v 0.3 1.1 -0.5
v 0.4 1.1 -0.5
v 0.5 1.1 -0.5
v -0.4 1.1 -0.6
v -0.3 1.1 -0.6
v -0.2 1.1 -0.6
v 0.2 1.1 -0.6
v 0.3 1.1 -0.6
v 0.4 1.1 -0.6
v -0.4 1.1 -0.7
v -0.3 1.1 -0.7
v -0.2 1.1 -0.7
v 0.2 1.1 -0.7
v 0.3 1.1 -0.7
v 0.4 1.1 -0.7
v -0.4 1.1 -0.8
v -0.3 1.1 -0.8
v -0.2 1.1 -0.8
v -0.1 1.1 -0.8
v 0.1 1.1 -0.8
v 0.2 1.1 -0.8
v 0.3 1.1 -0.8
v 0.4 1.1 -0.8
v -0.2 1.1 -0.9
v -0.1 1.1 -0.9
v 0.1 1.1 -0.9
v 0.2 1.1 -0.9
v -0.8 1.2 -0.1
v -0.7 1.2 -0.1
v 0.7 1.2 -0.1
v 0.8 1.2 -0.1
v -0.8 1.2 -0.2
v -0.7 1.2 -0.2
v -0.6 1.2 -0.2
v 0.6 1.2 -0.2
v 0.7 1.2 -0.2
v 0.8 1.2 -0.2
v -0.7 1.2 -0.3
v -0.6 1.2 -0.3
v 0.6 1.2 -0.3
v 0.7 1.2 -0.3
v -0.7 1.2 -0.4
v -0.6 1.2 -0.4
v 0.6 1.2 -0.4
v 0.7 1.2 -0.4
v -0.7 1.2 -0.5
v -0.6 1.2 -0.5
v -0.5 1.2 -0.5
v -0.4 1.2 -0.5
v 0.4 1.2 -0.5
v 0.5 1.2 -0.5
v 0.6 1.2 -0.5
v 0.7 1.2 -0.5
v -0.5 1.2 -0.6
v -0.4 1.2 -0.6
v 0.4 1.2 -0.6
v 0.5 1.2 -0.6
v -0.1 1.2 -0.7
v 0.1 1.2 -0.7
v -0.3 1.2 -0.8
v -0.2 1.2 -0.8
v -0.1 1.2 -0.8
v 0.1 1.2 -0.8
v 0.2 1.2 -0.8
v 0.3 1.2 -0.8
v -0.3 1.2 -0.9
v -0.2 1.2 -0.9
v 0.2 1.2 -0.9
v 0.3 1.2 -0.9
v -0.7 1.3 0.5
v -0.6 1.3 0.5
v 0.6 1.3 0.5
v 0.7 1.3 0.5
v -0.7 1.3 0.4
v -0.6 1.3 0.4
v 0.6 1.3 0.4
v 0.7 1.3 0.4
v -0.7 1.3 -0.1
v -0.6 1.3 -0.1
v 0.6 1.3 -0.1
v 0.7 1.3 -0.1
v -0.7 1.3 -0.2
v -0.6 1.3 -0.2
v 0.6 1.3 -0.2
v 0.7 1.3 -0.2
v -0.7 1.3 -0.3
v -0.6 1.3 -0.3
v 0.6 1.3 -0.3
v 0.7 1.3 -0.3
v -0.7 1.3 -0.4
v -0.6 1.3 -0.4
v 0.6 1.3 -0.4
v 0.7 1.3 -0.4
v -0.4 1.3 -0.6
v -0.3 1.3 -0.6
v 0.3 1.3 -0.6
v 0.4 1.3 -0.6
v -0.4 1.3 -0.7
v -0.3 1.3 -0.7
v -0.2 1.3 -0.7
v -0.1 1.3 -0.7
v 0.1 1.3 -0.7
v 0.2 1.3 -0.7
v 0.3 1.3 -0.7
v 0.4 1.3 -0.7
v -0.2 1.3 -0.8
v -0.1 1.3 -0.8
v 0.1 1.3 -0.8
v 0.2 1.3 -0.8
v -0.3 1.4 0.9
v -0.2 1.4 0.9
v 0.2 1.4 0.9
v 0.3 1.4 0.9
v -0.3 1.4 0.8
v -0.2 1.4 0.8
v 0.2 1.4 0.8
v 0.3 1.4 0.8
v -0.6 1.4 0.6
v -0.5 1.4 0.6
v 0.5 1.4 0.6
v 0.6 1.4 0.6
v -0.6 1.4 0.5
v -0.5 1.4 0.5
v 0.5 1.4 0.5
v 0.6 1.4 0.5
v -0.7 1.4 0.4
v -0.6 1.4 0.4
v 0.6 1.4 0.4
v 0.7 1.4 0.4
v -0.7 1.4 -0.1
v -0.6 1.4 -0.1
v 0.6 1.4 -0.1
v 0.7 1.4 -0.1
v -0.6 1.4 -0.2
v -0.5 1.4 -0.2
v 0.5 1.4 -0.2
v 0.6 1.4 -0.2
v -0.6 1.4 -0.3
v -0.5 1.4 -0.3
v 0.5 1.4 -0.3
v 0.6 1.4 -0.3
v -0.6 1.4 -0.4
v -0.5 1.4 -0.4
v 0.5 1.4 -0.4
v 0.6 1.4 -0.4
v -0.6 1.4 -0.5
v -0.5 1.4 -0.5
v -0.3 1.4 -0.5
v -0.2 1.4 -0.5
v 0.2 1.4 -0.5
v 0.3 1.4 -0.5
v 0.5 1.4 -0.5
v 0.6 1.4 -0.5
v -0.3 1.4 -0.6
v -0.2 1.4 -0.6
v 0.2 1.4 -0.6
v 0.3 1.4 -0.6
v -0.2 1.5 0.9
v 0.2 1.5 0.9
v -0.4 1.5 0.8
v -0.3 1.5 0.8
v -0.2 1.5 0.8
v 0.2 1.5 0.8
v 0.3 1.5 0.8
v 0.4 1.5 0.8
v -0.5 1.5 0.7
v -0.4 1.5 0.7
v -0.3 1.5 0.7
v 0.3 1.5 0.7
v 0.4 1.5 0.7
v 0.5 1.5 0.7
v -0.5 1.5 0.6
v -0.4 1.5 0.6
v 0.4 1.5 0.6
v 0.5 1.5 0.6
v -0.6 1.5 0.5
v -0.5 1.5 0.5
v 0.5 1.5 0.5
v 0.6 1.5 0.5
v -0.6 1.5 -0.2
v -0.5 1.5 -0.2
v 0.5 1.5 -0.2
v 0.6 1.5 -0.2
v -0.5 1.5 -0.3
v -0.4 1.5 -0.3
v 0.4 1.5 -0.3
v 0.5 1.5 -0.3
v -0.5 1.5 -0.4
v -0.4 1.5 -0.4
v -0.3 1.5 -0.4
v 0.3 1.5 -0.4
v 0.4 1.5 -0.4
v 0.5 1.5 -0.4
v -0.4 1.5 -0.5
v -0.3 1.5 -0.5
v -0.2 1.5 -0.5
v 0.2 1.5 -0.5
v 0.3 1.5 -0.5
v 0.4 1.5 -0.5
v -0.2 1.5 -0.6
v 0.2 1.5 -0.6
v -0.3 1.5 -0.7
v -0.2 1.5 -0.7
v 0.2 1.5 -0.7
v 0.3 1.5 -0.7
v -0.3 1.5 -0.8
v -0.2 1.5 -0.8
v 0.2 1.5 -0.8
v 0.3 1.5 -0.8
v -0.3 1.6 0.8
v 0.3 1.6 0.8
v -0.4 1.6 0.7
v -0.3 1.6 0.7
v 0.3 1.6 0.7
v 0.4 1.6 0.7
v -0.5 1.6 0.6
v -0.4 1.6 0.6
v -0.3 1.6 0.6
v 0.3 1.6 0.6
v 0.4 1.6 0.6
v 0.5 1.6 0.6
v -0.5 1.6 -0.1
v -0.4 1.6 -0.1
v 0.4 1.6 -0.1
v 0.5 1.6 -0.1
v -0.4 1.6 -0.3
v -0.3 1.6 -0.3
v 0.3 1.6 -0.3
v 0.4 1.6 -0.3
v -0.4 1.6 -0.4
v -0.3 1.6 -0.4
v 0.3 1.6 -0.4
v 0.4 1.6 -0.4
v -0.3 1.6 -0.5
v 0.3 1.6 -0.5
v -0.3 1.7 0.7
v 0.3 1.7 0.7
v -0.4 1.7 0.6
v -0.3 1.7 0.6
v -0.2 1.7 0.6
v 0.2 1.7 0.6
v 0.3 1.7 0.6
v 0.4 1.7 0.6
v -0.3 1.7 0.5
v -0.2 1.7 0.5
v 0.2 1.7 0.5
v 0.3 1.7 0.5
v -0.4 1.7 0.2
v -0.3 1.7 0.2
v 0.3 1.7 0.2
v 0.4 1.7 0.2
v -0.3 1.7 -0.3
v -0.2 1.7 -0.3
v 0.2 1.7 -0.3
v 0.3 1.7 -0.3
v -0.3 1.7 -0.4
v 0.3 1.7 -0.4
v -0.2 1.8 0.6
v 0.2 1.8 0.6
v -0.3 1.8 0.5
v -0.2 1.8 0.5
v 0.2 1.8 0.5
v 0.3 1.8 0.5
v -0.3 1.8 0.2
v -0.2 1.8 0.2
v 0.2 1.8 0.2
v 0.3 1.8 0.2
v -0.2 1.8 0
v -0.1 1.8 0
v 0.1 1.8 0
v 0.2 1.8 0
v -0.1 1.8 -0.3
v 0.1 1.8 -0.3
v -0.4 1.9 0.2
v -0.2 1.9 0.2
v 0.2 1.9 0.2
v 0.4 1.9 0.2
v -0.4 1.9 0.1
v -0.3 1.9 0.1
v 0.3 1.9 0.1
v 0.4 1.9 0.1
v -0.3 1.9 0
v -0.2 1.9 0
v -0.1 1.9 0
v 0.1 1.9 0
v 0.2 1.9 0
v 0.3 1.9 0
v -0.2 1.9 -0.1
v -0.1 1.9 -0.1
v 0.1 1.9 -0.1
v 0.2 1.9 -0.1
v -0.5 2 0.1
v -0.3 2 0.1
v 0.3 2 0.1
v 0.5 2 0.1
v -0.6 2 0
v -0.5 2 0
v -0.3 2 0
v -0.2 2 0
v 0.2 2 0
v 0.3 2 0
v 0.5 2 0
v 0.6 2 0
v -0.7 2 -0.1
v -0.6 2 -0.1
v -0.5 2 -0.1
v -0.3 2 -0.1
v -0.2 2 -0.1
v -0.1 2 -0.1
v 0.1 2 -0.1
v 0.2 2 -0.1
v 0.3 2 -0.1
v 0.5 2 -0.1
v 0.6 2 -0.1
v 0.7 2 -0.1
v -0.7 2 -0.3
v -0.6 2 -0.3
v -0.2 2 -0.3
v -0.1 2 -0.3
v 0.1 2 -0.3
v 0.2 2 -0.3
v 0.6 2 -0.3
v 0.7 2 -0.3
v -0.5 2.1 0
v -0.3 2.1 0
v 0.3 2.1 0
v 0.5 2.1 0
v -0.6 2.1 -0.1
v -0.5 2.1 -0.1
v -0.3 2.1 -0.1
v -0.2 2.1 -0.1
v 0.2 2.1 -0.1
v 0.3 2.1 -0.1
v 0.5 2.1 -0.1
v 0.6 2.1 -0.1
v -0.6 2.1 -0.3
v -0.5 2.1 -0.3
v -0.3 2.1 -0.3
v -0.2 2.1 -0.3
v 0.2 2.1 -0.3
v 0.3 2.1 -0.3
v 0.5 2.1 -0.3
v 0.6 2.1 -0.3
v -0.5 2.2 -0.1
v -0.3 2.2 -0.1
v 0.3 2.2 -0.1
v 0.5 2.2 -0.1
v -0.5 2.2 -0.3
v -0.3 2.2 -0.3
v 0.3 2.2 -0.3
v 0.5 2.2 -0.3

# faces
f 4/11/1 2/11/1 1/11/1
f 5/11/1 2/11/1 4/11/1
f 7/11/1 4/11/1 3/11/1
f 7/11/1 6/11/1 5/11/1
f 7/11/1 5/11/1 4/11/1
f 8/11/1 6/11/1 7/11/1
f 9/11/1 6/11/1 8/11/1
f 10/11/1 6/11/1 9/11/1
f 11/11/1 9/11/1 8/11/1
f 12/11/1 9/11/1 11/11/1
f 16/9/1 14/9/1 13/9/1
f 17/9/1 14/9/1 16/9/1
f 18/9/1 14/9/1 17/9/1
f 19/9/1 14/9/1 18/9/1
f 21/9/1 16/9/1 15/9/1
f 21/9/1 17/9/1 16/9/1
f 22/9/1 17/9/1 21/9/1
f 23/9/1 20/9/1 19/9/1
f 23/9/1 19/9/1 18/9/1
f 24/9/1 20/9/1 23/9/1
f 25/9/1 21/9/1 15/9/1
f 28/9/1 20/9/1 24/9/1
f 29/9/1 20/9/1 28/9/1
f 31/9/1 26/9/1 25/9/1
f 31/9/1 25/9/1 15/9/1
f 32/9/1 26/9/1 31/9/1
f 33/9/1 26/9/1 32/9/1
f 34/9/1 30/9/1 29/9/1
f 34/9/1 29/9/1 28/9/1
f 34/9/1 28/9/1 27/9/1
f 35/9/1 30/9/1 34/9/1
f 36/9/1 30/9/1 35/9/1
f 37/9/1 33/9/1 32/9/1
f 37/9/1 35/9/1 34/9/1
f 37/9/1 34/9/1 33/9/1
f 38/9/1 35/9/1 37/9/1
f 39/9/1 30/9/1 36/9/1
f 40/9/1 30/9/1 39/9/1
f 41/9/1 35/9/1 38/9/1
f 42/9/1 35/9/1 41/9/1
f 45/12/1 44/12/1 43/12/1
f 46/12/1 44/12/1 45/12/1
f 47/12/1 45/12/1 43/12/1
f 48/12/1 45/12/1 47/12/1
f 49/12/1 45/12/1 48/12/1
f 50/12/1 45/12/1 49/12/1
f 51/12/1 49/12/1 48/12/1
f 52/12/1 49/12/1 51/12/1
f 56/9/1 54/9/1 53/9/1
f 57/9/1 56/9/1 55/9/1
f 58/9/1 54/9/1 56/9/1
f 58/9/1 56/9/1 57/9/1
f 60/9/1 59/9/1 58/9/1
f 61/9/1 59/9/1 60/9/1
f 62/9/1 59/9/1 61/9/1
f 66/9/1 63/9/1 62/9/1
f 66/9/1 62/9/1 61/9/1
f 67/9/1 63/9/1 66/9/1
f 69/11/1 65/11/1 64/11/1
f 73/11/1 70/11/1 69/11/1
f 75/8/1 72/8/1 71/8/1
f 76/9/1 68/9/1 67/9/1
f 77/11/1 74/11/1 73/11/1
f 78/8/1 75/8/1 71/8/1
f 78/8/1 76/8/1 75/8/1
f 79/8/1 76/8/1 78/8/1
f 80/9/1 68/9/1 76/9/1
f 80/8/1 76/8/1 79/8/1
f 81/9/1 68/9/1 80/9/1
f 82/11/1 77/11/1 73/11/1
f 82/11/1 69/11/1 64/11/1
f 82/11/1 78/11/1 77/11/1
f 82/11/1 73/11/1 69/11/1
f 83/11/1 78/11/1 82/11/1
f 84/11/1 78/11/1 83/11/1
f 85/11/1 78/11/1 84/11/1
f 86/8/1 80/8/1 79/8/1
f 87/8/1 80/8/1 86/8/1
f 88/11/1 84/11/1 83/11/1
f 89/11/1 84/11/1 88/11/1
f 92/12/1 91/12/1 90/12/1
f 93/12/1 91/12/1 92/12/1
f 97/12/1 95/12/1 94/12/1
f 98/12/1 95/12/1 97/12/1
f 102/12/1 97/12/1 96/12/1
f 103/12/1 97/12/1 102/12/1
f 104/12/1 100/12/1 99/12/1
f 105/12/1 102/12/1 101/12/1
f 108/9/1 107/9/1 106/9/1
f 109/9/1 107/9/1 108/9/1
f 111/12/1 105/12/1 104/12/1
f 111/12/1 104/12/1 99/12/1
f 112/12/1 102/12/1 105/12/1
f 112/12/1 105/12/1 111/12/1
f 113/9/1 110/9/1 109/9/1
f 115/12/1 111/12/1 99/12/1
f 116/10/1 112/10/1 111/10/1
f 116/12/1 111/12/1 115/12/1
f 117/12/1 102/12/1 112/12/1
f 117/10/1 112/10/1 116/10/1
f 118/12/1 102/12/1 117/12/1
f 120/9/1 114/9/1 113/9/1
f 120/9/1 113/9/1 109/9/1
f 121/9/1 114/9/1 120/9/1
f 123/12/1 117/12/1 116/12/1
f 124/11/1 119/11/1 118/11/1
f 124/12/1 117/12/1 123/12/1
f 124/11/1 118/11/1 117/11/1
f 125/11/1 119/11/1 124/11/1
f 126/11/1 119/11/1 125/11/1
f 127/9/1 122/9/1 121/9/1
f 128/9/1 122/9/1 127/9/1
f 130/11/1 124/11/1 123/11/1
f 130/11/1 125/11/1 124/11/1
f 131/11/1 125/11/1 130/11/1
f 133/9/1 129/9/1 128/9/1
f 134/9/1 129/9/1 133/9/1
f 136/1/1 132/1/1 131/1/1
f 137/1/1 132/1/1 136/1/1
f 138/1/1 132/1/1 137/1/1
f 140/9/1 135/9/1 134/9/1
f 141/9/1 135/9/1 140/9/1
f 142/1/1 139/1/1 138/1/1
f 142/1/1 138/1/1 137/1/1
f 143/1/1 139/1/1 142/1/1
f 148/11/1 130/11/1 123/11/1
f 151/11/1 145/11/1 144/11/1
f 152/11/1 145/11/1 151/11/1
f 153/8/1 147/8/1 146/8/1
f 154/11/1 149/11/1 148/11/1
f 154/11/1 148/11/1 123/11/1
f 155/11/1 149/11/1 154/11/1
f 156/11/1 149/11/1 155/11/1
f 157/11/1 152/11/1 151/11/1
f 157/11/1 151/11/1 150/11/1
f 158/11/1 152/11/1 157/11/1
f 159/11/1 152/11/1 158/11/1
f 160/8/1 147/8/1 153/8/1
f 161/8/1 147/8/1 160/8/1
f 162/11/1 156/11/1 155/11/1
f 162/11/1 158/11/1 157/11/1
f 162/11/1 157/11/1 156/11/1
f 163/11/1 158/11/1 162/11/1
f 167/12/1 165/12/1 164/12/1
f 168/12/1 165/12/1 167/12/1
f 169/12/1 167/12/1 166/12/1
f 170/12/1 167/12/1 169/12/1
f 172/12/1 171/12/1 170/12/1
f 173/12/1 171/12/1 172/12/1
f 178/12/1 175/12/1 174/12/1
f 179/12/1 175/12/1 178/12/1
f 180/12/1 177/12/1 176/12/1
f 181/12/1 177/12/1 180/12/1
f 184/9/1 183/9/1 182/9/1
f 185/9/1 183/9/1 184/9/1
f 190/9/1 186/9/1 185/9/1
f 191/9/1 186/9/1 190/9/1
f 195/11/1 188/11/1 187/11/1
f 196/1/1 189/1/1 188/1/1
f 196/11/1 188/11/1 195/11/1
f 197/1/1 189/1/1 196/1/1
f 199/9/1 192/9/1 191/9/1
f 200/9/1 192/9/1 199/9/1
f 202/11/1 194/11/1 193/11/1
f 203/1/1 199/1/1 198/1/1
f 204/1/1 199/1/1 203/1/1
f 205/9/1 201/9/1 200/9/1
f 206/9/1 201/9/1 205/9/1
f 208/9/1 207/9/1 206/9/1
f 209/9/1 207/9/1 208/9/1
f 212/9/1 210/9/1 209/9/1
f 213/9/1 210/9/1 212/9/1
f 216/8/1 212/8/1 211/8/1
f 217/8/1 212/8/1 216/8/1
f 218/11/1 202/11/1 193/11/1
f 221/11/1 215/11/1 214/11/1
f 222/11/1 215/11/1 221/11/1
f 223/11/1 219/11/1 218/11/1
f 223/11/1 218/11/1 193/11/1
f 224/11/1 219/11/1 223/11/1
f 225/11/1 219/11/1 224/11/1
f 226/11/1 222/11/1 221/11/1
f 226/11/1 221/11/1 220/11/1
f 227/11/1 222/11/1 226/11/1
f 228/11/1 222/11/1 227/11/1
f 229/11/1 225/11/1 224/11/1
f 229/11/1 227/11/1 226/11/1
f 229/11/1 226/11/1 225/11/1
f 230/11/1 227/11/1 229/11/1
f 231/11/1 227/11/1 230/11/1
f 233/12/1 231/12/1 230/12/1
f 234/12/1 231/12/1 233/12/1
f 236/12/1 233/12/1 232/12/1
f 237/12/1 233/12/1 236/12/1
f 238/12/1 236/12/1 235/12/1
f 239/12/1 236/12/1 238/12/1
f 241/12/1 240/12/1 239/12/1
f 242/12/1 240/12/1 241/12/1
f 244/12/1 243/12/1 242/12/1
f 245/12/1 243/12/1 244/12/1
f 251/9/1 247/9/1 246/9/1
f 252/9/1 247/9/1 251/9/1
f 254/11/1 250/11/1 249/11/1
f 254/11/1 249/11/1 248/11/1
f 255/11/1 250/11/1 254/11/1
f 256/1/1 251/1/1 250/1/1
f 256/11/1 250/11/1 255/11/1
f 257/1/1 251/1/1 256/1/1
f 258/9/1 253/9/1 252/9/1
f 259/9/1 253/9/1 258/9/1
f 263/9/1 260/9/1 259/9/1
f 264/9/1 260/9/1 263/9/1
f 266/9/1 265/9/1 264/9/1
f 267/9/1 265/9/1 266/9/1
f 269/9/1 268/9/1 267/9/1
f 270/9/1 268/9/1 269/9/1
f 273/9/1 271/9/1 270/9/1
f 276/9/1 271/9/1 273/9/1
f 276/8/1 273/8/1 272/8/1
f 277/9/1 271/9/1 276/9/1
f 278/11/1 275/11/1 274/11/1
f 279/8/1 276/8/1 272/8/1
f 280/8/1 276/8/1 279/8/1
f 281/8/1 276/8/1 280/8/1
f 282/11/1 262/11/1 261/11/1
f 283/11/1 262/11/1 282/11/1
f 286/11/1 278/11/1 274/11/1
f 287/11/1 278/11/1 286/11/1
f 288/11/1 284/11/1 283/11/1
f 289/11/1 284/11/1 288/11/1
f 291/11/1 286/11/1 285/11/1
f 292/11/1 286/11/1 291/11/1
f 293/11/1 290/11/1 289/11/1
f 294/11/1 290/11/1 293/11/1
f 295/11/1 290/11/1 294/11/1
f 296/11/1 290/11/1 295/11/1
f 297/12/1 295/12/1 294/12/1
f 298/12/1 295/12/1 297/12/1
f 299/12/1 297/12/1 294/12/1
f 300/12/1 297/12/1 299/12/1
f 307/11/1 302/11/1 301/11/1
f 308/11/1 302/11/1 307/11/1
f 309/9/1 304/9/1 303/9/1
f 310/9/1 304/9/1 309/9/1
f 313/11/1 306/11/1 305/11/1
f 314/11/1 306/11/1 313/11/1
f 315/9/1 311/9/1 310/9/1
f 316/9/1 311/9/1 315/9/1
f 318/11/1 313/11/1 312/11/1
f 319/11/1 313/11/1 318/11/1
f 320/9/1 317/9/1 316/9/1
f 321/9/1 317/9/1 320/9/1
f 325/9/1 322/9/1 321/9/1
f 326/9/1 322/9/1 325/9/1
f 328/9/1 327/9/1 326/9/1
f 329/9/1 327/9/1 328/9/1
f 334/9/1 330/9/1 329/9/1
f 335/9/1 330/9/1 334/9/1
f 335/8/1 334/8/1 333/8/1
f 336/9/1 330/9/1 335/9/1
f 337/11/1 332/11/1 331/11/1
f 338/8/1 335/8/1 333/8/1
f 339/11/1 324/11/1 323/11/1
f 340/11/1 324/11/1 339/11/1
f 341/11/1 337/11/1 331/11/1
f 342/11/1 337/11/1 341/11/1
f 347/8/1 335/8/1 338/8/1
f 348/8/1 335/8/1 347/8/1
f 349/11/1 344/11/1 343/11/1
f 350/11/1 344/11/1 349/11/1
f 353/11/1 346/11/1 345/11/1
f 354/11/1 346/11/1 353/11/1
f 355/11/1 351/11/1 350/11/1
f 356/11/1 351/11/1 355/11/1
f 359/11/1 353/11/1 352/11/1
f 360/11/1 353/11/1 359/11/1
f 361/11/1 358/11/1 357/11/1
f 362/11/1 358/11/1 361/11/1
f 367/11/1 364/11/1 363/11/1
f 368/11/1 364/11/1 367/11/1
f 369/9/1 366/9/1 365/9/1
f 370/9/1 366/9/1 369/9/1
f 372/9/1 371/9/1 370/9/1
f 373/9/1 371/9/1 372/9/1
f 378/9/1 374/9/1 373/9/1
f 379/9/1 374/9/1 378/9/1
f 381/11/1 376/11/1 375/11/1
f 382/11/1 376/11/1 381/11/1
f 383/1/1 378/1/1 377/1/1
f 384/1/1 378/1/1 383/1/1
f 385/9/1 380/9/1 379/9/1
f 386/9/1 380/9/1 385/9/1
f 389/9/1 388/9/1 387/9/1
f 390/9/1 388/9/1 389/9/1
f 395/11/1 392/11/1 391/11/1
f 396/11/1 392/11/1 395/11/1
f 397/11/1 394/11/1 393/11/1
f 398/11/1 394/11/1 397/11/1
f 401/11/1 400/11/1 399/11/1
f 402/11/1 400/11/1 401/11/1
f 405/9/1 404/9/1 403/9/1
f 406/9/1 404/9/1 405/9/1
f 408/9/1 407/9/1 406/9/1
f 409/9/1 407/9/1 408/9/1
f 411/9/1 410/9/1 409/9/1
f 412/9/1 410/9/1 411/9/1
f 415/9/1 414/9/1 413/9/1
f 416/9/1 414/9/1 415/9/1
f 419/9/1 418/9/1 417/9/1
f 420/9/1 418/9/1 419/9/1
f 423/9/1 422/9/1 421/9/1
f 424/9/1 422/9/1 423/9/1
f 427/11/1 426/11/1 425/11/1
f 428/11/1 426/11/1 427/11/1
f 431/9/1 430/9/1 429/9/1
f 432/9/1 430/9/1 431/9/1
f 435/8/1 434/8/1 433/8/1
f 436/8/1 434/8/1 435/8/1
f 439/12/1 438/12/1 437/12/1
f 440/12/1 438/12/1 439/12/1
f 441/12/1 438/12/1 440/12/1
f 442/12/1 438/12/1 441/12/1
f 445/9/1 444/9/1 443/9/1
f 446/9/1 444/9/1 445/9/1
f 448/9/1 447/9/1 446/9/1
f 449/9/1 447/9/1 448/9/1
f 452/11/1 451/11/1 450/11/1
f 453/11/1 452/11/1 450/11/1
f 454/11/1 452/11/1 453/11/1
f 457/9/1 456/9/1 455/9/1
f 458/9/1 456/9/1 457/9/1
f 461/8/1 460/8/1 459/8/1
f 462/8/1 460/8/1 461/8/1
f 465/12/1 464/12/1 463/12/1
f 466/12/1 464/12/1 465/12/1
f 468/12/1 467/12/1 466/12/1
f 469/12/1 467/12/1 468/12/1
f 471/12/1 470/12/1 469/12/1
f 472/12/1 470/12/1 471/12/1
f 475/9/1 474/9/1 473/9/1
f 476/9/1 474/9/1 475/9/1
f 479/8/1 478/8/1 477/8/1
f 480/8/1 478/8/1 479/8/1
f 483/12/1 482/12/1 481/12/1
f 484/12/1 482/12/1 483/12/1
f 486/12/1 485/12/1 484/12/1
f 487/12/1 485/12/1 486/12/1
f 489/12/1 488/12/1 487/12/1
f 490/12/1 488/12/1 489/12/1
f 493/12/1 492/12/1 491/12/1
f 494/12/1 492/12/1 493/12/1
f 495/12/1 493/12/1 491/12/1
f 496/12/1 493/12/1 495/12/1
f 499/12/1 495/12/1 491/12/1
f 500/12/1 495/12/1 499/12/1
f 501/9/1 498/9/1 497/9/1
f 502/9/1 498/9/1 501/9/1
f 503/12/1 499/12/1 491/12/1
f 504/12/1 499/12/1 503/12/1
f 507/8/1 506/8/1 505/8/1
f 508/8/1 506/8/1 507/8/1
f 512/7/1 510/7/1 509/7/1
f 513/9/1 511/9/1 510/9/1
f 513/7/1 510/7/1 512/7/1
f 514/9/1 511/9/1 513/9/1
f 517/8/1 516/8/1 515/8/1
f 518/8/1 517/8/1 515/8/1
f 519/8/1 517/8/1 518/8/1
f 523/9/1 521/9/1 520/9/1
f 524/9/1 521/9/1 523/9/1
f 526/9/1 523/9/1 522/9/1
f 526/9/1 525/9/1 524/9/1
f 526/9/1 524/9/1 523/9/1
f 527/9/1 525/9/1 526/9/1
f 528/9/1 525/9/1 527/9/1
f 531/9/1 530/9/1 529/9/1
f 532/9/1 530/9/1 531/9/1
f 535/8/1 534/8/1 533/8/1
f 536/8/1 534/8/1 535/8/1
f 539/9/1 538/9/1 537/9/1
f 540/9/1 538/9/1 539/9/1
f 544/9/1 542/9/1 541/9/1
f 544/5/1 543/5/1 542/5/1
f 545/5/1 543/5/1 544/5/1
f 546/9/1 544/9/1 541/9/1
f 546/9/1 545/9/1 544/9/1
f 547/9/1 545/9/1 546/9/1
f 548/9/1 545/9/1 547/9/1
f 550/9/1 548/9/1 547/9/1
f 550/9/1 549/9/1 548/9/1
f 551/9/1 549/9/1 550/9/1
f 552/9/2 553/9/2 554/9/2
f 554/9/2 553/9/2 555/9/2
f 556/9/2 557/9/2 559/9/2
f 557/5/2 558/5/2 559/5/2
f 559/5/2 558/5/2 560/5/2
f 556/9/2 559/9/2 561/9/2
f 559/9/2 560/9/2 561/9/2
f 561/9/2 560/9/2 562/9/2
f 562/9/2 560/9/2 563/9/2
f 562/9/2 563/9/2 565/9/2
f 563/9/2 564/9/2 565/9/2
f 565/9/2 564/9/2 566/9/2
f 567/9/2 568/9/2 570/9/2
f 570/9/2 568/9/2 571/9/2
f 569/9/2 570/9/2 573/9/2
f 571/9/2 572/9/2 573/9/2
f 570/9/2 571/9/2 573/9/2
f 573/9/2 572/9/2 574/9/2
f 574/9/2 572/9/2 575/9/2
f 576/9/2 577/9/2 578/9/2
f 578/9/2 577/9/2 579/9/2
f 580/8/2 581/8/2 582/8/2
f 582/8/2 581/8/2 583/8/2
f 584/7/2 585/7/2 587/7/2
f 585/9/2 586/9/2 588/9/2
f 587/7/2 585/7/2 588/7/2
f 588/9/2 586/9/2 589/9/2
f 590/8/2 591/8/2 592/8/2
f 590/8/2 592/8/2 593/8/2
f 593/8/2 592/8/2 594/8/2
f 595/12/2 596/12/2 597/12/2
f 597/12/2 596/12/2 598/12/2
f 595/12/2 597/12/2 599/12/2
f 599/12/2 597/12/2 600/12/2
f 595/12/2 599/12/2 603/12/2
f 603/12/2 599/12/2 604/12/2
f 601/9/2 602/9/2 605/9/2
f 605/9/2 602/9/2 606/9/2
f 595/12/2 603/12/2 607/12/2
f 607/12/2 603/12/2 608/12/2
f 609/8/2 610/8/2 611/8/2
f 611/8/2 610/8/2 612/8/2
f 613/9/2 614/9/2 615/9/2
f 615/9/2 614/9/2 616/9/2
f 617/8/2 618/8/2 619/8/2
f 619/8/2 618/8/2 620/8/2
f 621/12/2 622/12/2 623/12/2
f 623/12/2 622/12/2 624/12/2
f 624/12/2 625/12/2 626/12/2
f 626/12/2 625/12/2 627/12/2
f 627/12/2 628/12/2 629/12/2
f 629/12/2 628/12/2 630/12/2
f 631/9/2 632/9/2 633/9/2
f 633/9/2 632/9/2 634/9/2
f 634/9/2 635/9/2 636/9/2
f 636/9/2 635/9/2 637/9/2
f 638/11/2 639/11/2 640/11/2
f 638/11/2 640/11/2 641/11/2
f 641/11/2 640/11/2 642/11/2
f 643/9/2 644/9/2 645/9/2
f 645/9/2 644/9/2 646/9/2
f 647/8/2 648/8/2 649/8/2
f 649/8/2 648/8/2 650/8/2
f 651/12/2 652/12/2 653/12/2
f 653/12/2 652/12/2 654/12/2
f 654/12/2 655/12/2 656/12/2
f 656/12/2 655/12/2 657/12/2
f 657/12/2 658/12/2 659/12/2
f 659/12/2 658/12/2 660/12/2
f 661/9/2 662/9/2 663/9/2
f 663/9/2 662/9/2 664/9/2
f 665/9/2 666/9/2 667/9/2
f 667/9/2 666/9/2 668/9/2
f 669/11/2 670/11/2 671/11/2
f 671/11/2 670/11/2 672/11/2
f 673/9/2 674/9/2 675/9/2
f 675/9/2 674/9/2 676/9/2
f 677/8/2 678/8/2 679/8/2
f 679/8/2 678/8/2 680/8/2
f 681/12/2 682/12/2 683/12/2
f 683/12/2 682/12/2 684/12/2
f 684/12/2 682/12/2 685/12/2
f 685/12/2 682/12/2 686/12/2
f 687/9/2 688/9/2 689/9/2
f 689/9/2 688/9/2 690/9/2
f 690/9/2 691/9/2 692/9/2
f 692/9/2 691/9/2 693/9/2
f 693/9/2 694/9/2 695/9/2
f 695/9/2 694/9/2 696/9/2
f 697/9/2 698/9/2 699/9/2
f 699/9/2 698/9/2 700/9/2
f 701/11/2 702/11/2 705/11/2
f 705/11/2 702/11/2 706/11/2
f 703/9/2 704/9/2 707/9/2
f 707/9/2 704/9/2 708/9/2
f 708/9/2 709/9/2 710/9/2
f 710/9/2 709/9/2 711/9/2
f 711/9/2 712/9/2 716/9/2
f 716/9/2 712/9/2 717/9/2
f 713/11/2 714/11/2 719/11/2
f 719/11/2 714/11/2 720/11/2
f 715/1/2 716/1/2 721/1/2
f 721/1/2 716/1/2 722/1/2
f 717/9/2 718/9/2 723/9/2
f 723/9/2 718/9/2 724/9/2
f 725/9/2 726/9/2 727/9/2
f 727/9/2 726/9/2 728/9/2
f 729/11/2 730/11/2 733/11/2
f 733/11/2 730/11/2 734/11/2
f 731/11/2 732/11/2 735/11/2
f 735/11/2 732/11/2 736/11/2
f 737/11/2 738/11/2 739/11/2
f 739/11/2 738/11/2 740/11/2
f 741/11/2 742/11/2 747/11/2
f 747/11/2 742/11/2 748/11/2
f 743/9/2 744/9/2 749/9/2
f 749/9/2 744/9/2 750/9/2
f 745/11/2 746/11/2 753/11/2
f 753/11/2 746/11/2 754/11/2
f 750/9/2 751/9/2 755/9/2
f 755/9/2 751/9/2 756/9/2
f 752/11/2 753/11/2 758/11/2
f 758/11/2 753/11/2 759/11/2
f 756/9/2 757/9/2 760/9/2
f 760/9/2 757/9/2 761/9/2
f 761/9/2 762/9/2 765/9/2
f 765/9/2 762/9/2 766/9/2
f 766/9/2 767/9/2 768/9/2
f 768/9/2 767/9/2 769/9/2
f 769/9/2 770/9/2 774/9/2
f 774/9/2 770/9/2 775/9/2
f 773/8/2 774/8/2 775/8/2
f 775/9/2 770/9/2 776/9/2
f 771/11/2 772/11/2 777/11/2
f 773/8/2 775/8/2 778/8/2
f 763/11/2 764/11/2 779/11/2
f 779/11/2 764/11/2 780/11/2
f 771/11/2 777/11/2 781/11/2
f 781/11/2 777/11/2 782/11/2
f 778/8/2 775/8/2 787/8/2
f 787/8/2 775/8/2 788/8/2
f 783/11/2 784/11/2 789/11/2
f 789/11/2 784/11/2 790/11/2
f 785/11/2 786/11/2 793/11/2
f 793/11/2 786/11/2 794/11/2
f 790/11/2 791/11/2 795/11/2
f 795/11/2 791/11/2 796/11/2
f 792/11/2 793/11/2 799/11/2
f 799/11/2 793/11/2 800/11/2
f 797/11/2 798/11/2 801/11/2
f 801/11/2 798/11/2 802/11/2
f 803/9/2 804/9/2 808/9/2
f 808/9/2 804/9/2 809/9/2
f 806/11/2 807/11/2 811/11/2
f 805/11/2 806/11/2 811/11/2
f 811/11/2 807/11/2 812/11/2
f 807/1/2 808/1/2 813/1/2
f 812/11/2 807/11/2 813/11/2
f 813/1/2 808/1/2 814/1/2
f 809/9/2 810/9/2 815/9/2
f 815/9/2 810/9/2 816/9/2
f 816/9/2 817/9/2 820/9/2
f 820/9/2 817/9/2 821/9/2
f 821/9/2 822/9/2 823/9/2
f 823/9/2 822/9/2 824/9/2
f 824/9/2 825/9/2 826/9/2
f 826/9/2 825/9/2 827/9/2
f 827/9/2 828/9/2 830/9/2
f 830/9/2 828/9/2 833/9/2
f 829/8/2 830/8/2 833/8/2
f 833/9/2 828/9/2 834/9/2
f 831/11/2 832/11/2 835/11/2
f 829/8/2 833/8/2 836/8/2
f 836/8/2 833/8/2 837/8/2
f 837/8/2 833/8/2 838/8/2
f 818/11/2 819/11/2 839/11/2
f 839/11/2 819/11/2 840/11/2
f 831/11/2 835/11/2 843/11/2
f 843/11/2 835/11/2 844/11/2
f 840/11/2 841/11/2 845/11/2
f 845/11/2 841/11/2 846/11/2
f 842/11/2 843/11/2 848/11/2
f 848/11/2 843/11/2 849/11/2
f 846/11/2 847/11/2 850/11/2
f 850/11/2 847/11/2 851/11/2
f 851/11/2 847/11/2 852/11/2
f 852/11/2 847/11/2 853/11/2
f 851/12/2 852/12/2 854/12/2
f 854/12/2 852/12/2 855/12/2
f 851/12/2 854/12/2 856/12/2
f 856/12/2 854/12/2 857/12/2
f 858/12/2 859/12/2 862/12/2
f 862/12/2 859/12/2 863/12/2
f 860/12/2 861/12/2 864/12/2
f 864/12/2 861/12/2 865/12/2
f 866/9/2 867/9/2 868/9/2
f 868/9/2 867/9/2 869/9/2
f 869/9/2 870/9/2 874/9/2
f 874/9/2 870/9/2 875/9/2
f 871/11/2 872/11/2 879/11/2
f 872/1/2 873/1/2 880/1/2
f 879/11/2 872/11/2 880/11/2
f 880/1/2 873/1/2 881/1/2
f 875/9/2 876/9/2 883/9/2
f 883/9/2 876/9/2 884/9/2
f 877/11/2 878/11/2 886/11/2
f 882/1/2 883/1/2 887/1/2
f 887/1/2 883/1/2 888/1/2
f 884/9/2 885/9/2 889/9/2
f 889/9/2 885/9/2 890/9/2
f 890/9/2 891/9/2 892/9/2
f 892/9/2 891/9/2 893/9/2
f 893/9/2 894/9/2 896/9/2
f 896/9/2 894/9/2 897/9/2
f 895/8/2 896/8/2 900/8/2
f 900/8/2 896/8/2 901/8/2
f 877/11/2 886/11/2 902/11/2
f 898/11/2 899/11/2 905/11/2
f 905/11/2 899/11/2 906/11/2
f 902/11/2 903/11/2 907/11/2
f 877/11/2 902/11/2 907/11/2
f 907/11/2 903/11/2 908/11/2
f 908/11/2 903/11/2 909/11/2
f 905/11/2 906/11/2 910/11/2
f 904/11/2 905/11/2 910/11/2
f 910/11/2 906/11/2 911/11/2
f 911/11/2 906/11/2 912/11/2
f 908/11/2 909/11/2 913/11/2
f 910/11/2 911/11/2 913/11/2
f 909/11/2 910/11/2 913/11/2
f 913/11/2 911/11/2 914/11/2
f 914/11/2 911/11/2 915/11/2
f 914/12/2 915/12/2 917/12/2
f 917/12/2 915/12/2 918/12/2
f 916/12/2 917/12/2 920/12/2
f 920/12/2 917/12/2 921/12/2
f 919/12/2 920/12/2 922/12/2
f 922/12/2 920/12/2 923/12/2
f 923/12/2 924/12/2 925/12/2
f 925/12/2 924/12/2 926/12/2
f 926/12/2 927/12/2 928/12/2
f 928/12/2 927/12/2 929/12/2
f 930/12/2 931/12/2 933/12/2
f 933/12/2 931/12/2 934/12/2
f 932/12/2 933/12/2 938/12/2
f 938/12/2 933/12/2 939/12/2
f 935/12/2 936/12/2 940/12/2
f 937/12/2 938/12/2 941/12/2
f 942/9/2 943/9/2 944/9/2
f 944/9/2 943/9/2 945/9/2
f 940/12/2 941/12/2 947/12/2
f 935/12/2 940/12/2 947/12/2
f 941/12/2 938/12/2 948/12/2
f 947/12/2 941/12/2 948/12/2
f 945/9/2 946/9/2 949/9/2
f 935/12/2 947/12/2 951/12/2
f 947/10/2 948/10/2 952/10/2
f 951/12/2 947/12/2 952/12/2
f 948/12/2 938/12/2 953/12/2
f 952/10/2 948/10/2 953/10/2
f 953/12/2 938/12/2 954/12/2
f 949/9/2 950/9/2 956/9/2
f 945/9/2 949/9/2 956/9/2
f 956/9/2 950/9/2 957/9/2
f 952/12/2 953/12/2 959/12/2
f 954/11/2 955/11/2 960/11/2
f 959/12/2 953/12/2 960/12/2
f 953/11/2 954/11/2 960/11/2
f 960/11/2 955/11/2 961/11/2
f 961/11/2 955/11/2 962/11/2
f 957/9/2 958/9/2 963/9/2
f 963/9/2 958/9/2 964/9/2
f 959/11/2 960/11/2 966/11/2
f 960/11/2 961/11/2 966/11/2
f 966/11/2 961/11/2 967/11/2
f 964/9/2 965/9/2 969/9/2
f 969/9/2 965/9/2 970/9/2
f 967/1/2 968/1/2 972/1/2
f 972/1/2 968/1/2 973/1/2
f 973/1/2 968/1/2 974/1/2
f 970/9/2 971/9/2 976/9/2
f 976/9/2 971/9/2 977/9/2
f 974/1/2 975/1/2 978/1/2
f 973/1/2 974/1/2 978/1/2
f 978/1/2 975/1/2 979/1/2
f 959/11/2 966/11/2 984/11/2
f 980/11/2 981/11/2 987/11/2
f 987/11/2 981/11/2 988/11/2
f 982/8/2 983/8/2 989/8/2
f 984/11/2 985/11/2 990/11/2
f 959/11/2 984/11/2 990/11/2
f 990/11/2 985/11/2 991/11/2
f 991/11/2 985/11/2 992/11/2
f 987/11/2 988/11/2 993/11/2
f 986/11/2 987/11/2 993/11/2
f 993/11/2 988/11/2 994/11/2
f 994/11/2 988/11/2 995/11/2
f 989/8/2 983/8/2 996/8/2
f 996/8/2 983/8/2 997/8/2
f 991/11/2 992/11/2 998/11/2
f 993/11/2 994/11/2 998/11/2
f 992/11/2 993/11/2 998/11/2
f 998/11/2 994/11/2 999/11/2
f 1000/12/2 1001/12/2 1003/12/2
f 1003/12/2 1001/12/2 1004/12/2
f 1002/12/2 1003/12/2 1005/12/2
f 1005/12/2 1003/12/2 1006/12/2
f 1006/12/2 1007/12/2 1008/12/2
f 1008/12/2 1007/12/2 1009/12/2
f 1010/12/2 1011/12/2 1012/12/2
f 1012/12/2 1011/12/2 1013/12/2
f 1010/12/2 1012/12/2 1014/12/2
f 1014/12/2 1012/12/2 1015/12/2
f 1015/12/2 1012/12/2 1016/12/2
f 1016/12/2 1012/12/2 1017/12/2
f 1015/12/2 1016/12/2 1018/12/2
f 1018/12/2 1016/12/2 1019/12/2
f 1020/9/2 1021/9/2 1023/9/2
f 1022/9/2 1023/9/2 1024/9/2
f 1023/9/2 1021/9/2 1025/9/2
f 1024/9/2 1023/9/2 1025/9/2
f 1025/9/2 1026/9/2 1027/9/2
f 1027/9/2 1026/9/2 1028/9/2
f 1028/9/2 1026/9/2 1029/9/2
f 1029/9/2 1030/9/2 1033/9/2
f 1028/9/2 1029/9/2 1033/9/2
f 1033/9/2 1030/9/2 1034/9/2
f 1031/11/2 1032/11/2 1036/11/2
f 1036/11/2 1037/11/2 1040/11/2
f 1038/8/2 1039/8/2 1042/8/2
f 1034/9/2 1035/9/2 1043/9/2
f 1040/11/2 1041/11/2 1044/11/2
f 1038/8/2 1042/8/2 1045/8/2
f 1042/8/2 1043/8/2 1045/8/2
f 1045/8/2 1043/8/2 1046/8/2
f 1043/9/2 1035/9/2 1047/9/2
f 1046/8/2 1043/8/2 1047/8/2
f 1047/9/2 1035/9/2 1048/9/2
f 1040/11/2 1044/11/2 1049/11/2
f 1031/11/2 1036/11/2 1049/11/2
f 1044/11/2 1045/11/2 1049/11/2
f 1036/11/2 1040/11/2 1049/11/2
f 1049/11/2 1045/11/2 1050/11/2
f 1050/11/2 1045/11/2 1051/11/2
f 1051/11/2 1045/11/2 1052/11/2
f 1046/8/2 1047/8/2 1053/8/2
f 1053/8/2 1047/8/2 1054/8/2
f 1050/11/2 1051/11/2 1055/11/2
f 1055/11/2 1051/11/2 1056/11/2
f 1057/12/2 1058/12/2 1059/12/2
f 1059/12/2 1058/12/2 1060/12/2
f 1061/9/2 1062/9/2 1064/9/2
f 1064/9/2 1062/9/2 1065/9/2
f 1065/9/2 1062/9/2 1066/9/2
f 1066/9/2 1062/9/2 1067/9/2
f 1063/9/2 1064/9/2 1069/9/2
f 1064/9/2 1065/9/2 1069/9/2
f 1069/9/2 1065/9/2 1070/9/2
f 1067/9/2 1068/9/2 1071/9/2
f 1066/9/2 1067/9/2 1071/9/2
f 1071/9/2 1068/9/2 1072/9/2
f 1063/9/2 1069/9/2 1073/9/2
f 1072/9/2 1068/9/2 1076/9/2
f 1076/9/2 1068/9/2 1077/9/2
f 1073/9/2 1074/9/2 1079/9/2
f 1063/9/2 1073/9/2 1079/9/2
f 1079/9/2 1074/9/2 1080/9/2
f 1080/9/2 1074/9/2 1081/9/2
f 1077/9/2 1078/9/2 1082/9/2
f 1076/9/2 1077/9/2 1082/9/2
f 1075/9/2 1076/9/2 1082/9/2
f 1082/9/2 1078/9/2 1083/9/2
f 1083/9/2 1078/9/2 1084/9/2
f 1080/9/2 1081/9/2 1085/9/2
f 1082/9/2 1083/9/2 1085/9/2
f 1081/9/2 1082/9/2 1085/9/2
f 1085/9/2 1083/9/2 1086/9/2
f 1084/9/2 1078/9/2 1087/9/2
f 1087/9/2 1078/9/2 1088/9/2
f 1086/9/2 1083/9/2 1089/9/2
f 1089/9/2 1083/9/2 1090/9/2
f 1091/11/2 1092/11/2 1094/11/2
f 1094/11/2 1092/11/2 1095/11/2
f 1093/11/2 1094/11/2 1097/11/2
f 1095/11/2 1096/11/2 1097/11/2
f 1094/11/2 1095/11/2 1097/11/2
f 1097/11/2 1096/11/2 1098/11/2
f 1098/11/2 1096/11/2 1099/11/2
f 1099/11/2 1096/11/2 1100/11/2
f 1098/11/2 1099/11/2 1101/11/2
f 1101/11/2 1099/11/2 1102/11/2
f 1106/11/3 1104/11/3 1103/11/3
f 1107/11/3 1104/11/3 1106/11/3
f 1109/11/3 1106/11/3 1105/11/3
f 1109/11/3 1108/11/3 1107/11/3
f 1109/11/3 1107/11/3 1106/11/3
f 1110/11/3 1108/11/3 1109/11/3
f 1111/11/3 1108/11/3 1110/11/3
f 1112/11/3 1108/11/3 1111/11/3
f 1113/11/3 1111/11/3 1110/11/3
f 1114/11/3 1111/11/3 1113/11/3
f 1118/11/3 1116/11/3 1115/11/3
f 1119/11/3 1116/11/3 1118/11/3
f 1120/11/3 1116/11/3 1119/11/3
f 1121/11/3 1116/11/3 1120/11/3
f 1123/11/3 1118/11/3 1117/11/3
f 1123/11/3 1119/11/3 1118/11/3
f 1124/11/3 1119/11/3 1123/11/3
f 1125/11/3 1122/11/3 1121/11/3
f 1125/11/3 1121/11/3 1120/11/3
f 1126/11/3 1122/11/3 1125/11/3
f 1127/11/3 1123/11/3 1117/11/3
f 1130/11/3 1122/11/3 1126/11/3
f 1131/11/3 1128/11/3 1127/11/3
f 1131/11/3 1127/11/3 1117/11/3
f 1132/11/3 1128/11/3 1131/11/3
f 1133/11/3 1128/11/3 1132/11/3
f 1134/11/3 1130/11/3 1129/11/3
f 1135/11/3 1122/11/3 1130/11/3
f 1135/11/3 1130/11/3 1134/11/3
f 1136/11/3 1122/11/3 1135/11/3
f 1137/11/3 1133/11/3 1132/11/3
f 1137/11/3 1134/11/3 1133/11/3
f 1137/11/3 1135/11/3 1134/11/3
f 1138/11/3 1135/11/3 1137/11/3
f 1141/12/3 1140/12/3 1139/12/3
f 1143/12/3 1142/12/3 1141/12/3
f 1145/12/3 1141/12/3 1139/12/3
f 1145/12/3 1143/12/3 1141/12/3
f 1146/12/3 1143/12/3 1145/12/3
f 1147/11/3 1144/11/3 1143/11/3
f 1147/12/3 1143/12/3 1146/12/3
f 1148/11/3 1144/11/3 1147/11/3
f 1151/11/3 1147/11/3 1146/11/3
f 1152/11/3 1147/11/3 1151/11/3
f 1153/11/3 1149/11/3 1148/11/3
f 1154/11/3 1149/11/3 1153/11/3
f 1156/11/3 1151/11/3 1150/11/3
f 1157/11/3 1151/11/3 1156/11/3
f 1160/11/3 1155/11/3 1154/11/3
f 1161/11/3 1155/11/3 1160/11/3
f 1163/11/3 1158/11/3 1157/11/3
f 1164/11/3 1158/11/3 1163/11/3
f 1165/11/3 1160/11/3 1159/11/3
f 1166/11/3 1160/11/3 1165/11/3
f 1167/12/3 1164/12/3 1163/12/3
f 1167/12/3 1163/12/3 1162/12/3
f 1167/11/3 1165/11/3 1164/11/3
f 1168/11/3 1165/11/3 1167/11/3
f 1169/12/3 1167/12/3 1162/12/3
f 1170/12/3 1167/12/3 1169/12/3
f 1171/12/3 1169/12/3 1162/12/3
f 1172/12/3 1169/12/3 1171/12/3
f 1175/12/3 1174/12/3 1173/12/3
f 1176/12/3 1174/12/3 1175/12/3
f 1180/12/3 1178/12/3 1177/12/3
f 1181/11/3 1179/11/3 1178/11/3
f 1181/12/3 1178/12/3 1180/12/3
f 1182/11/3 1179/11/3 1181/11/3
f 1187/11/3 1184/11/3 1183/11/3
f 1188/11/3 1184/11/3 1187/11/3
f 1190/11/3 1186/11/3 1185/11/3
f 1191/11/3 1186/11/3 1190/11/3
f 1192/11/3 1189/11/3 1188/11/3
f 1193/11/3 1189/11/3 1192/11/3
f 1198/11/3 1195/11/3 1194/11/3
f 1199/11/3 1195/11/3 1198/11/3
f 1200/11/3 1197/11/3 1196/11/3
f 1201/11/3 1197/11/3 1200/11/3
f 1206/11/3 1203/11/3 1202/11/3
f 1207/11/3 1203/11/3 1206/11/3
f 1209/11/3 1205/11/3 1204/11/3
f 1210/11/3 1205/11/3 1209/11/3
f 1214/11/3 1209/11/3 1208/11/3
f 1215/11/3 1209/11/3 1214/11/3
f 1218/12/3 1212/12/3 1211/12/3
f 1219/11/3 1213/11/3 1212/11/3
f 1219/12/3 1212/12/3 1218/12/3
f 1220/11/3 1213/11/3 1219/11/3
f 1221/12/3 1217/12/3 1216/12/3
f 1222/12/3 1217/12/3 1221/12/3
f 1225/11/3 1224/11/3 1223/11/3
f 1226/11/3 1224/11/3 1225/11/3
f 1229/11/3 1228/11/3 1227/11/3
f 1230/11/3 1228/11/3 1229/11/3
f 1235/11/3 1232/11/3 1231/11/3
f 1236/11/3 1232/11/3 1235/11/3
f 1237/11/3 1234/11/3 1233/11/3
f 1238/11/3 1234/11/3 1237/11/3
f 1243/11/3 1240/11/3 1239/11/3
f 1244/11/3 1240/11/3 1243/11/3
f 1245/11/3 1242/11/3 1241/11/3
f 1246/11/3 1242/11/3 1245/11/3
f 1251/11/3 1248/11/3 1247/11/3
f 1252/11/3 1248/11/3 1251/11/3
f 1253/11/3 1250/11/3 1249/11/3
f 1254/11/3 1250/11/3 1253/11/3
f 1257/9/3 1256/9/3 1255/9/3
f 1258/9/3 1256/9/3 1257/9/3
f 1259/9/3 1256/9/3 1258/9/3
f 1262/11/3 1258/11/3 1257/11/3
f 1263/11/3 1258/11/3 1262/11/3
f 1264/11/3 1261/11/3 1260/11/3
f 1265/11/3 1261/11/3 1264/11/3
f 1270/11/3 1267/11/3 1266/11/3
f 1271/11/3 1267/11/3 1270/11/3
f 1273/11/3 1269/11/3 1268/11/3
f 1274/11/3 1269/11/3 1273/11/3
f 1275/9/3 1272/9/3 1271/9/3
f 1275/9/3 1271/9/3 1270/9/3
f 1276/9/3 1272/9/3 1275/9/3
f 1281/11/3 1278/11/3 1277/11/3
f 1282/11/3 1278/11/3 1281/11/3
f 1285/9/3 1280/9/3 1279/9/3
f 1286/9/3 1280/9/3 1285/9/3
f 1287/9/3 1284/9/3 1283/9/3
f 1288/9/3 1284/9/3 1287/9/3
f 1293/9/3 1290/9/3 1289/9/3
f 1294/9/3 1290/9/3 1293/9/3
f 1297/9/3 1292/9/3 1291/9/3
f 1298/9/3 1292/9/3 1297/9/3
f 1299/11/3 1296/11/3 1295/11/3
f 1300/11/3 1296/11/3 1299/11/3
f 1305/11/3 1302/11/3 1301/11/3
f 1306/11/3 1302/11/3 1305/11/3
f 1307/11/3 1304/11/3 1303/11/3
f 1308/11/3 1304/11/3 1307/11/3
f 1315/9/3 1310/9/3 1309/9/3
f 1316/11/3 1311/11/3 1310/11/3
f 1316/9/3 1310/9/3 1315/9/3
f 1317/11/3 1311/11/3 1316/11/3
f 1318/1/3 1314/1/3 1313/1/3
f 1318/1/3 1313/1/3 1312/1/3
f 1319/1/3 1314/1/3 1318/1/3
f 1322/12/3 1321/12/3 1320/12/3
f 1323/12/3 1321/12/3 1322/12/3
f 1324/12/3 1321/12/3 1323/12/3
f 1325/12/3 1321/12/3 1324/12/3
f 1329/12/3 1327/12/3 1326/12/3
f 1330/12/3 1329/12/3 1328/12/3
f 1331/12/3 1327/12/3 1329/12/3
f 1331/12/3 1329/12/3 1330/12/3
f 1337/9/3 1333/9/3 1332/9/3
f 1338/11/3 1334/11/3 1333/11/3
f 1338/9/3 1333/9/3 1337/9/3
f 1339/11/3 1334/11/3 1338/11/3
f 1340/1/3 1336/1/3 1335/1/3
f 1341/1/3 1336/1/3 1340/1/3
f 1342/1/3 1336/1/3 1341/1/3
f 1347/11/3 1344/11/3 1343/11/3
f 1348/11/3 1344/11/3 1347/11/3
f 1349/11/3 1346/11/3 1345/11/3
f 1350/11/3 1346/11/3 1349/11/3
f 1353/9/3 1352/9/3 1351/9/3
f 1354/9/3 1352/9/3 1353/9/3
f 1357/12/3 1356/12/3 1355/12/3
f 1358/12/3 1356/12/3 1357/12/3
f 1359/12/3 1356/12/3 1358/12/3
f 1360/12/3 1356/12/3 1359/12/3
f 1364/12/3 1362/12/3 1361/12/3
f 1365/12/3 1364/12/3 1363/12/3
f 1366/12/3 1362/12/3 1364/12/3
f 1366/12/3 1364/12/3 1365/12/3
f 1369/9/3 1368/9/3 1367/9/3
f 1370/9/3 1368/9/3 1369/9/3
f 1376/9/3 1372/9/3 1371/9/3
f 1376/7/3 1373/7/3 1372/7/3
f 1377/7/3 1373/7/3 1376/7/3
f 1379/12/3 1375/12/3 1374/12/3
f 1380/12/3 1375/12/3 1379/12/3
f 1382/9/3 1376/9/3 1371/9/3
f 1383/9/3 1376/9/3 1382/9/3
f 1384/12/3 1379/12/3 1378/12/3
f 1385/12/3 1379/12/3 1384/12/3
f 1387/12/3 1381/12/3 1380/12/3
f 1388/12/3 1381/12/3 1387/12/3
f 1390/12/3 1387/12/3 1386/12/3
f 1391/12/3 1387/12/3 1390/12/3
f 1392/12/3 1390/12/3 1389/12/3
f 1393/12/3 1390/12/3 1392/12/3
f 1396/12/3 1395/12/3 1394/12/3
f 1397/12/3 1395/12/3 1396/12/3
f 1399/12/3 1398/12/3 1397/12/3
f 1400/12/3 1398/12/3 1399/12/3
f 1406/9/3 1403/9/3 1402/9/3
f 1408/12/3 1405/12/3 1404/12/3
f 1409/12/3 1405/12/3 1408/12/3
f 1410/12/3 1401/12/3 1400/12/3
f 1411/12/3 1401/12/3 1410/12/3
f 1412/9/3 1406/9/3 1402/9/3
f 1413/7/3 1407/7/3 1406/7/3
f 1413/9/3 1406/9/3 1412/9/3
f 1414/7/3 1407/7/3 1413/7/3
f 1415/12/3 1410/12/3 1409/12/3
f 1416/12/3 1410/12/3 1415/12/3
f 1420/9/3 1418/9/3 1417/9/3
f 1421/9/3 1418/9/3 1420/9/3
f 1426/2/3 1420/2/3 1419/2/3
f 1427/2/3 1420/2/3 1426/2/3
f 1429/12/3 1423/12/3 1422/12/3
f 1430/12/3 1423/12/3 1429/12/3
f 1432/9/3 1425/9/3 1424/9/3
f 1433/9/3 1425/9/3 1432/9/3
f 1435/12/3 1429/12/3 1428/12/3
f 1436/12/3 1429/12/3 1435/12/3
f 1437/12/3 1431/12/3 1430/12/3
f 1438/12/3 1431/12/3 1437/12/3
f 1442/12/3 1435/12/3 1434/12/3
f 1443/12/3 1435/12/3 1442/12/3
f 1444/9/3 1441/9/3 1440/9/3
f 1445/9/3 1441/9/3 1444/9/3
f 1447/12/3 1439/12/3 1438/12/3
f 1448/12/3 1439/12/3 1447/12/3
f 1450/12/3 1447/12/3 1446/12/3
f 1451/12/3 1447/12/3 1450/12/3
f 1452/12/3 1450/12/3 1449/12/3
f 1453/12/3 1450/12/3 1452/12/3
f 1456/12/3 1455/12/3 1454/12/3
f 1457/12/3 1455/12/3 1456/12/3
f 1461/12/3 1458/12/3 1457/12/3
f 1462/12/3 1458/12/3 1461/12/3
f 1464/9/3 1460/9/3 1459/9/3
f 1465/9/3 1460/9/3 1464/9/3
f 1470/12/3 1467/12/3 1466/12/3
f 1471/12/3 1467/12/3 1470/12/3
f 1474/12/3 1463/12/3 1462/12/3
f 1475/12/3 1463/12/3 1474/12/3
f 1476/9/3 1469/9/3 1468/9/3
f 1477/9/3 1469/9/3 1476/9/3
f 1480/12/3 1472/12/3 1471/12/3
f 1481/12/3 1472/12/3 1480/12/3
f 1482/12/3 1474/12/3 1473/12/3
f 1483/12/3 1474/12/3 1482/12/3
f 1484/2/3 1479/2/3 1478/2/3
f 1485/2/3 1479/2/3 1484/2/3
f 1487/12/3 1482/12/3 1481/12/3
f 1488/12/3 1482/12/3 1487/12/3
f 1489/9/3 1486/9/3 1485/9/3
f 1490/9/3 1486/9/3 1489/9/3
f 1493/9/3 1492/9/3 1491/9/3
f 1494/9/3 1492/9/3 1493/9/3
f 1497/9/3 1496/9/3 1495/9/3
f 1498/9/3 1496/9/3 1497/9/3
f 1501/9/3 1500/9/3 1499/9/3
f 1502/9/3 1500/9/3 1501/9/3
f 1507/8/3 1504/8/3 1503/8/3
f 1508/8/3 1504/8/3 1507/8/3
f 1509/9/3 1506/9/3 1505/9/3
f 1510/9/3 1506/9/3 1509/9/3
f 1513/9/3 1512/9/3 1511/9/3
f 1514/9/3 1512/9/3 1513/9/3
f 1519/8/3 1516/8/3 1515/8/3
f 1520/8/3 1516/8/3 1519/8/3
f 1521/9/3 1518/9/3 1517/9/3
f 1522/9/3 1518/9/3 1521/9/3
f 1526/8/3 1524/8/3 1523/8/3
f 1526/8/3 1525/8/3 1524/8/3
f 1527/8/3 1525/8/3 1526/8/3
f 1530/9/3 1529/9/3 1528/9/3
f 1531/9/3 1529/9/3 1530/9/3
f 1534/8/3 1533/8/3 1532/8/3
f 1535/8/3 1533/8/3 1534/8/3
f 1536/8/3 1533/8/3 1535/8/3
f 1539/8/3 1538/8/3 1537/8/3
f 1540/8/3 1538/8/3 1539/8/3
f 1543/9/3 1542/9/3 1541/9/3
f 1544/9/3 1542/9/3 1543/9/3
f 1547/9/3 1546/9/3 1545/9/3
f 1548/9/3 1546/9/3 1547/9/3
f 1551/8/3 1550/8/3 1549/8/3
f 1552/8/3 1550/8/3 1551/8/3
f 1558/8/3 1554/8/3 1553/8/3
f 1558/8/3 1555/8/3 1554/8/3
f 1559/8/3 1555/8/3 1558/8/3
f 1561/9/3 1557/9/3 1556/9/3
f 1562/9/3 1557/9/3 1561/9/3
f 1564/9/3 1561/9/3 1560/9/3
f 1565/9/3 1561/9/3 1564/9/3
f 1566/9/3 1564/9/3 1563/9/3
f 1567/11/3 1565/11/3 1564/11/3
f 1567/9/3 1564/9/3 1566/9/3
f 1568/11/3 1565/11/3 1567/11/3
f 1569/9/3 1568/9/3 1567/9/3
f 1570/9/3 1568/9/3 1569/9/3
f 1572/9/3 1571/9/3 1570/9/3
f 1573/9/3 1571/9/3 1572/9/3
f 1576/8/3 1575/8/3 1574/8/3
f 1577/8/3 1575/8/3 1576/8/3
f 1578/8/3 1575/8/3 1577/8/3
f 1584/8/3 1580/8/3 1579/8/3
f 1584/8/3 1581/8/3 1580/8/3
f 1585/8/3 1581/8/3 1584/8/3
f 1586/8/3 1581/8/3 1585/8/3
f 1588/9/3 1583/9/3 1582/9/3
f 1589/10/3 1584/10/3 1583/10/3
f 1589/9/3 1583/9/3 1588/9/3
f 1590/10/3 1584/10/3 1589/10/3
f 1591/8/3 1585/8/3 1584/8/3
f 1591/10/3 1584/10/3 1590/10/3
f 1592/8/3 1585/8/3 1591/8/3
f 1593/8/3 1585/8/3 1592/8/3
f 1594/9/3 1588/9/3 1587/9/3
f 1595/10/3 1590/10/3 1589/10/3
f 1595/9/3 1588/9/3 1594/9/3
f 1595/10/3 1589/10/3 1588/10/3
f 1596/10/3 1590/10/3 1595/10/3
f 1597/8/3 1592/8/3 1591/8/3
f 1597/10/3 1590/10/3 1596/10/3
f 1597/8/3 1591/8/3 1590/8/3
f 1598/8/3 1592/8/3 1597/8/3
f 1599/8/3 1592/8/3 1598/8/3
f 1601/9/3 1596/9/3 1595/9/3
f 1602/10/3 1597/10/3 1596/10/3
f 1602/9/3 1596/9/3 1601/9/3
f 1602/10/3 1598/10/3 1597/10/3
f 1603/8/3 1600/8/3 1599/8/3
f 1603/10/3 1598/10/3 1602/10/3
f 1603/8/3 1599/8/3 1598/8/3
f 1604/8/3 1600/8/3 1603/8/3
f 1606/8/3 1604/8/3 1603/8/3
f 1606/8/3 1605/8/3 1604/8/3
f 1607/8/3 1605/8/3 1606/8/3
f 1608/8/3 1605/8/3 1607/8/3
f 1609/12/4 1610/12/4 1611/12/4
f 1611/12/4 1610/12/4 1612/12/4
f 1613/12/4 1614/12/4 1615/12/4
f 1615/12/4 1614/12/4 1616/12/4
f 1617/12/4 1618/12/4 1621/12/4
f 1621/12/4 1618/12/4 1622/12/4
f 1619/11/4 1620/11/4 1624/11/4
f 1624/11/4 1620/11/4 1625/11/4
f 1622/12/4 1623/12/4 1626/12/4
f 1626/12/4 1623/12/4 1627/12/4
f 1627/12/4 1623/12/4 1628/12/4
f 1628/12/4 1623/12/4 1629/12/4
f 1629/12/4 1623/12/4 1630/12/4
f 1627/12/4 1628/12/4 1631/12/4
f 1628/5/4 1629/5/4 1632/5/4
f 1631/12/4 1628/12/4 1632/12/4
f 1632/5/4 1629/5/4 1633/5/4
f 1634/12/4 1635/12/4 1638/12/4
f 1635/5/4 1636/5/4 1639/5/4
f 1638/12/4 1635/12/4 1639/12/4
f 1639/5/4 1636/5/4 1640/5/4
f 1639/12/4 1640/12/4 1643/12/4
f 1640/12/4 1641/12/4 1643/12/4
f 1638/12/4 1639/12/4 1643/12/4
f 1637/12/4 1638/12/4 1643/12/4
f 1643/12/4 1641/12/4 1644/12/4
f 1642/12/4 1643/12/4 1647/12/4
f 1647/12/4 1643/12/4 1648/12/4
f 1645/11/4 1646/11/4 1649/11/4
f 1649/11/4 1646/11/4 1650/11/4
f 1651/11/4 1652/11/4 1653/11/4
f 1653/11/4 1652/11/4 1654/11/4
f 1655/12/4 1656/12/4 1657/12/4
f 1657/12/4 1656/12/4 1658/12/4
f 1659/12/4 1660/12/4 1661/12/4
f 1661/12/4 1660/12/4 1662/12/4
f 1663/11/4 1664/11/4 1665/11/4
f 1665/11/4 1664/11/4 1666/11/4
f 1667/12/4 1668/12/4 1669/12/4
f 1669/12/4 1668/12/4 1670/12/4
f 1670/12/4 1671/12/4 1672/12/4
f 1672/12/4 1671/12/4 1673/12/4
f 1674/12/4 1675/12/4 1677/12/4
f 1677/12/4 1675/12/4 1678/12/4
f 1676/12/4 1677/12/4 1679/12/4
f 1679/12/4 1677/12/4 1680/12/4
f 1681/11/4 1682/11/4 1685/11/4
f 1685/11/4 1682/11/4 1686/11/4
f 1683/11/4 1684/11/4 1687/11/4
f 1687/11/4 1684/11/4 1688/11/4
f 1689/12/4 1690/12/4 1691/12/4
f 1689/12/4 1691/12/4 1693/12/4
f 1691/12/4 1692/12/4 1693/12/4
f 1693/12/4 1692/12/4 1694/12/4
f 1695/12/4 1696/12/4 1697/12/4
f 1697/12/4 1696/12/4 1698/12/4
f 1695/12/4 1697/12/4 1699/12/4
f 1699/12/4 1697/12/4 1700/12/4
f 1701/11/4 1702/11/4 1705/11/4
f 1705/11/4 1702/11/4 1706/11/4
f 1703/11/4 1704/11/4 1707/11/4
f 1707/11/4 1704/11/4 1708/11/4
f 1709/11/4 1710/11/4 1711/11/4
f 1711/11/4 1710/11/4 1712/11/4
f 1713/11/4 1714/11/4 1715/11/4
f 1715/11/4 1714/11/4 1716/11/4
f 1717/9/4 1718/9/4 1720/9/4
f 1720/9/4 1718/9/4 1721/9/4
f 1719/9/4 1720/9/4 1725/9/4
f 1725/9/4 1720/9/4 1726/9/4
f 1722/11/4 1723/11/4 1727/11/4
f 1727/11/4 1723/11/4 1728/11/4
f 1724/9/4 1725/9/4 1729/9/4
f 1729/9/4 1725/9/4 1730/9/4
f 1731/9/4 1732/9/4 1733/9/4
f 1733/9/4 1732/9/4 1734/9/4
f 1734/9/4 1735/9/4 1738/9/4
f 1738/9/4 1735/9/4 1739/9/4
f 1736/11/4 1737/11/4 1741/11/4
f 1741/11/4 1737/11/4 1742/11/4
f 1739/9/4 1740/9/4 1743/9/4
f 1743/9/4 1740/9/4 1744/9/4
f 1745/9/4 1746/9/4 1749/9/4
f 1749/9/4 1746/9/4 1750/9/4
f 1747/9/4 1748/9/4 1751/9/4
f 1751/9/4 1748/9/4 1752/9/4
f 1752/11/4 1753/11/4 1758/11/4
f 1758/11/4 1753/11/4 1759/11/4
f 1754/9/4 1755/9/4 1763/9/4
f 1763/9/4 1755/9/4 1764/9/4
f 1756/1/4 1757/1/4 1765/1/4
f 1765/1/4 1757/1/4 1766/1/4
f 1760/11/4 1761/11/4 1767/11/4
f 1767/11/4 1761/11/4 1768/11/4
f 1762/9/4 1763/9/4 1769/9/4
f 1769/9/4 1763/9/4 1770/9/4
f 1771/9/4 1772/9/4 1773/9/4
f 1773/9/4 1772/9/4 1774/9/4
f 1774/9/4 1775/9/4 1780/9/4
f 1780/9/4 1775/9/4 1781/9/4
f 1776/1/4 1777/1/4 1782/1/4
f 1782/1/4 1777/1/4 1783/1/4
f 1778/11/4 1779/11/4 1786/11/4
f 1786/11/4 1779/11/4 1787/11/4
f 1784/11/4 1785/11/4 1791/11/4
f 1791/11/4 1785/11/4 1792/11/4
f 1788/9/4 1789/9/4 1793/9/4
f 1793/9/4 1789/9/4 1794/9/4
f 1790/9/4 1791/9/4 1795/9/4
f 1795/9/4 1791/9/4 1796/9/4
f 1797/9/4 1798/9/4 1802/9/4
f 1802/9/4 1798/9/4 1803/9/4
f 1799/12/4 1800/12/4 1808/12/4
f 1808/12/4 1800/12/4 1809/12/4
f 1801/9/4 1802/9/4 1812/9/4
f 1812/9/4 1802/9/4 1813/9/4
f 1805/11/4 1806/11/4 1814/11/4
f 1804/11/4 1805/11/4 1814/11/4
f 1814/11/4 1806/11/4 1815/11/4
f 1807/12/4 1808/12/4 1818/12/4
f 1808/10/4 1809/10/4 1819/10/4
f 1818/12/4 1808/12/4 1819/12/4
f 1809/12/4 1810/12/4 1820/12/4
f 1819/10/4 1809/10/4 1820/10/4
f 1820/12/4 1810/12/4 1821/12/4
f 1811/9/4 1812/9/4 1824/9/4
f 1824/9/4 1812/9/4 1825/9/4
f 1816/11/4 1817/11/4 1826/11/4
f 1817/12/4 1818/12/4 1827/12/4
f 1826/11/4 1817/11/4 1827/11/4
f 1823/9/4 1824/9/4 1828/9/4
f 1828/9/4 1824/9/4 1829/9/4
f 1827/12/4 1818/12/4 1830/12/4
f 1818/10/4 1819/10/4 1831/10/4
f 1830/12/4 1818/12/4 1831/12/4
f 1819/10/4 1820/10/4 1831/10/4
f 1820/10/4 1821/10/4 1831/10/4
f 1831/10/4 1821/10/4 1832/10/4
f 1832/10/4 1821/10/4 1833/10/4
f 1821/12/4 1822/12/4 1834/12/4
f 1833/10/4 1821/10/4 1834/10/4
f 1834/12/4 1822/12/4 1835/12/4
f 1831/12/4 1832/12/4 1836/12/4
f 1832/10/4 1833/10/4 1837/10/4
f 1836/12/4 1832/12/4 1837/12/4
f 1833/12/4 1834/12/4 1838/12/4
f 1837/10/4 1833/10/4 1838/10/4
f 1838/12/4 1834/12/4 1839/12/4
f 1836/11/4 1837/11/4 1842/11/4
f 1837/12/4 1838/12/4 1842/12/4
f 1842/12/4 1838/12/4 1843/12/4
f 1840/11/4 1841/11/4 1844/11/4
f 1844/11/4 1841/11/4 1845/11/4
f 1836/11/4 1842/11/4 1846/11/4
f 1836/11/4 1846/11/4 1848/11/4
f 1846/12/4 1847/12/4 1849/12/4
f 1848/11/4 1846/11/4 1849/11/4
f 1849/12/4 1847/12/4 1850/12/4
f 1848/12/4 1849/12/4 1855/12/4
f 1849/10/4 1850/10/4 1856/10/4
f 1855/12/4 1849/12/4 1856/12/4
f 1850/12/4 1851/12/4 1857/12/4
f 1856/10/4 1850/10/4 1857/10/4
f 1857/12/4 1851/12/4 1858/12/4
f 1852/9/4 1853/9/4 1860/9/4
f 1860/9/4 1853/9/4 1861/9/4
f 1854/12/4 1855/12/4 1864/12/4
f 1861/9/4 1862/9/4 1865/9/4
f 1865/9/4 1862/9/4 1866/9/4
f 1863/11/4 1864/11/4 1870/11/4
f 1864/12/4 1855/12/4 1871/12/4
f 1870/11/4 1864/11/4 1871/11/4
f 1857/10/4 1858/10/4 1872/10/4
f 1871/12/4 1855/12/4 1872/12/4
f 1855/10/4 1856/10/4 1872/10/4
f 1856/10/4 1857/10/4 1872/10/4
f 1872/10/4 1858/10/4 1873/10/4
f 1873/10/4 1858/10/4 1874/10/4
f 1858/12/4 1859/12/4 1875/12/4
f 1874/10/4 1858/10/4 1875/10/4
f 1875/12/4 1859/12/4 1876/12/4
f 1866/9/4 1867/9/4 1877/9/4
f 1877/9/4 1867/9/4 1878/9/4
f 1868/11/4 1869/11/4 1880/11/4
f 1880/11/4 1869/11/4 1881/11/4
f 1881/11/4 1869/11/4 1882/11/4
f 1872/12/4 1873/12/4 1883/12/4
f 1873/10/4 1874/10/4 1884/10/4
f 1883/12/4 1873/12/4 1884/12/4
f 1874/12/4 1875/12/4 1885/12/4
f 1884/10/4 1874/10/4 1885/10/4
f 1885/12/4 1875/12/4 1886/12/4
f 1878/9/4 1879/9/4 1887/9/4
f 1887/9/4 1879/9/4 1888/9/4
f 1884/12/4 1885/12/4 1889/12/4
f 1889/12/4 1885/12/4 1890/12/4
f 1891/9/4 1892/9/4 1894/9/4
f 1894/9/4 1892/9/4 1895/9/4
f 1893/9/4 1894/9/4 1899/9/4
f 1899/9/4 1894/9/4 1900/9/4
f 1896/8/4 1897/8/4 1901/8/4
f 1901/8/4 1897/8/4 1902/8/4
f 1898/9/4 1899/9/4 1904/9/4
f 1904/9/4 1899/9/4 1905/9/4
f 1903/9/4 1904/9/4 1910/9/4
f 1910/9/4 1904/9/4 1911/9/4
f 1907/11/4 1908/11/4 1912/11/4
f 1906/11/4 1907/11/4 1912/11/4
f 1912/11/4 1908/11/4 1913/11/4
f 1909/9/4 1910/9/4 1916/9/4
f 1916/9/4 1910/9/4 1917/9/4
f 1913/11/4 1914/11/4 1918/11/4
f 1918/11/4 1914/11/4 1919/11/4
f 1915/9/4 1916/9/4 1921/9/4
f 1921/9/4 1916/9/4 1922/9/4
f 1922/1/4 1923/1/4 1924/1/4
f 1924/1/4 1923/1/4 1925/1/4
f 1924/11/4 1925/11/4 1926/11/4
f 1926/11/4 1925/11/4 1927/11/4
f 1926/1/4 1927/1/4 1929/1/4
f 1929/1/4 1927/1/4 1930/1/4
f 1928/9/4 1929/9/4 1931/9/4
f 1931/9/4 1929/9/4 1932/9/4
f 1919/11/4 1920/11/4 1935/11/4
f 1935/11/4 1920/11/4 1936/11/4
f 1932/9/4 1933/9/4 1937/9/4
f 1937/9/4 1933/9/4 1938/9/4
f 1934/11/4 1935/11/4 1941/11/4
f 1941/11/4 1935/11/4 1942/11/4
f 1938/9/4 1939/9/4 1943/9/4
f 1943/9/4 1939/9/4 1944/9/4
f 1940/11/4 1941/11/4 1946/11/4
f 1946/11/4 1941/11/4 1947/11/4
f 1947/11/4 1941/11/4 1948/11/4
f 1944/9/4 1945/9/4 1949/9/4
f 1949/9/4 1945/9/4 1950/9/4
f 1950/9/4 1951/9/4 1954/9/4
f 1954/9/4 1951/9/4 1955/9/4
f 1952/8/4 1953/8/4 1957/8/4
f 1957/8/4 1953/8/4 1958/8/4
f 1955/9/4 1956/9/4 1959/9/4
f 1959/9/4 1956/9/4 1960/9/4
f 1961/9/4 1962/9/4 1964/9/4
f 1964/9/4 1962/9/4 1965/9/4
f 1965/9/4 1962/9/4 1966/9/4
f 1963/9/4 1964/9/4 1969/9/4
f 1969/9/4 1964/9/4 1970/9/4
f 1965/8/4 1966/8/4 1971/8/4
f 1966/8/4 1967/8/4 1971/8/4
f 1971/8/4 1967/8/4 1972/8/4
f 1972/8/4 1967/8/4 1973/8/4
f 1968/9/4 1969/9/4 1975/9/4
f 1975/9/4 1969/9/4 1976/9/4
f 1974/9/4 1975/9/4 1981/9/4
f 1981/9/4 1975/9/4 1982/9/4
f 1977/11/4 1978/11/4 1984/11/4
f 1978/11/4 1979/11/4 1984/11/4
f 1984/11/4 1979/11/4 1985/11/4
f 1985/11/4 1979/11/4 1986/11/4
f 1980/9/4 1981/9/4 1989/9/4
f 1989/9/4 1981/9/4 1990/9/4
f 1982/1/4 1983/1/4 1991/1/4
f 1991/1/4 1983/1/4 1992/1/4
f 1986/11/4 1987/11/4 1993/11/4
f 1985/11/4 1986/11/4 1993/11/4
f 1993/11/4 1987/11/4 1994/11/4
f 1988/9/4 1989/9/4 1995/9/4
f 1995/9/4 1989/9/4 1996/9/4
f 1990/1/4 1991/1/4 1997/1/4
f 1997/1/4 1991/1/4 1998/1/4
f 1997/1/4 1998/1/4 2001/1/4
f 2001/1/4 1998/1/4 2002/1/4
f 1999/9/4 2000/9/4 2003/9/4
f 2003/9/4 2000/9/4 2004/9/4
f 2001/1/4 2002/1/4 2005/1/4
f 2005/1/4 2002/1/4 2006/1/4
f 1994/11/4 1987/11/4 2009/11/4
f 2004/9/4 2005/9/4 2010/9/4
f 2010/9/4 2005/9/4 2011/9/4
f 2006/1/4 2007/1/4 2012/1/4
f 2012/1/4 2007/1/4 2013/1/4
f 2008/11/4 2009/11/4 2015/11/4
f 2009/11/4 1987/11/4 2016/11/4
f 2015/11/4 2009/11/4 2016/11/4
f 2016/11/4 1987/11/4 2017/11/4
f 2011/9/4 2012/9/4 2018/9/4
f 2018/9/4 2012/9/4 2019/9/4
f 2015/11/4 2016/11/4 2021/11/4
f 2014/11/4 2015/11/4 2021/11/4
f 2021/11/4 2016/11/4 2022/11/4
f 2022/11/4 2016/11/4 2023/11/4
f 2019/9/4 2020/9/4 2024/9/4
f 2024/9/4 2020/9/4 2025/9/4
f 2025/9/4 2026/9/4 2030/9/4
f 2030/9/4 2026/9/4 2031/9/4
f 2028/8/4 2029/8/4 2032/8/4
f 2027/8/4 2028/8/4 2032/8/4
f 2032/8/4 2029/8/4 2033/8/4
f 2033/8/4 2029/8/4 2034/8/4
f 2031/9/4 2032/9/4 2035/9/4
f 2032/9/4 2033/9/4 2035/9/4
f 2035/9/4 2033/9/4 2036/9/4
f 2037/9/4 2038/9/4 2040/9/4
f 2040/9/4 2038/9/4 2041/9/4
f 2039/9/4 2040/9/4 2044/9/4
f 2044/9/4 2040/9/4 2045/9/4
f 2041/8/4 2042/8/4 2046/8/4
f 2046/8/4 2042/8/4 2047/8/4
f 2043/9/4 2044/9/4 2049/9/4
f 2049/9/4 2044/9/4 2050/9/4
f 2048/9/4 2049/9/4 2055/9/4
f 2055/9/4 2049/9/4 2056/9/4
f 2052/11/4 2053/11/4 2058/11/4
f 2051/11/4 2052/11/4 2058/11/4
f 2058/11/4 2053/11/4 2059/11/4
f 2054/9/4 2055/9/4 2062/9/4
f 2062/9/4 2055/9/4 2063/9/4
f 2059/11/4 2060/11/4 2065/11/4
f 2058/11/4 2059/11/4 2065/11/4
f 2057/11/4 2058/11/4 2065/11/4
f 2061/9/4 2062/9/4 2066/9/4
f 2066/9/4 2062/9/4 2067/9/4
f 2064/11/4 2065/11/4 2069/11/4
f 2065/11/4 2060/11/4 2070/11/4
f 2069/11/4 2065/11/4 2070/11/4
f 2067/9/4 2068/9/4 2071/9/4
f 2071/9/4 2068/9/4 2072/9/4
f 2070/11/4 2060/11/4 2074/11/4
f 2074/11/4 2060/11/4 2075/11/4
f 2075/11/4 2060/11/4 2076/11/4
f 2076/11/4 2060/11/4 2077/11/4
f 2072/9/4 2073/9/4 2078/9/4
f 2078/9/4 2073/9/4 2079/9/4
f 2075/11/4 2076/11/4 2081/11/4
f 2081/11/4 2076/11/4 2082/11/4
f 2082/11/4 2076/11/4 2083/11/4
f 2079/9/4 2080/9/4 2084/9/4
f 2084/9/4 2080/9/4 2085/9/4
f 2085/9/4 2086/9/4 2089/9/4
f 2089/9/4 2086/9/4 2090/9/4
f 2087/8/4 2088/8/4 2091/8/4
f 2091/8/4 2088/8/4 2092/8/4
f 2090/9/4 2091/9/4 2093/9/4
f 2093/9/4 2091/9/4 2094/9/4
f 2095/9/4 2096/9/4 2098/9/4
f 2098/9/4 2096/9/4 2099/9/4
f 2097/9/4 2098/9/4 2103/9/4
f 2103/9/4 2098/9/4 2104/9/4
f 2100/8/4 2101/8/4 2105/8/4
f 2105/8/4 2101/8/4 2106/8/4
f 2102/9/4 2103/9/4 2108/9/4
f 2108/9/4 2103/9/4 2109/9/4
f 2107/9/4 2108/9/4 2111/9/4
f 2111/9/4 2108/9/4 2112/9/4
f 2110/9/4 2111/9/4 2113/9/4
f 2113/9/4 2111/9/4 2114/9/4
f 2114/9/4 2115/9/4 2116/9/4
f 2116/9/4 2115/9/4 2117/9/4
f 2117/9/4 2118/9/4 2119/9/4
f 2119/9/4 2118/9/4 2120/9/4
f 2120/9/4 2121/9/4 2124/9/4
f 2124/9/4 2121/9/4 2125/9/4
f 2122/8/4 2123/8/4 2127/8/4
f 2127/8/4 2123/8/4 2128/8/4
f 2125/9/4 2126/9/4 2129/9/4
f 2129/9/4 2126/9/4 2130/9/4
f 2131/9/4 2132/9/4 2134/9/4
f 2134/9/4 2132/9/4 2135/9/4
f 2133/9/4 2134/9/4 2139/9/4
f 2139/9/4 2134/9/4 2140/9/4
f 2140/9/4 2134/9/4 2141/9/4
f 2136/8/4 2137/8/4 2143/8/4
f 2143/8/4 2137/8/4 2144/8/4
f 2144/8/4 2137/8/4 2145/8/4
f 2138/9/4 2139/9/4 2147/9/4
f 2139/9/4 2140/9/4 2147/9/4
f 2147/9/4 2140/9/4 2148/9/4
f 2148/9/4 2140/9/4 2149/9/4
f 2143/8/4 2144/8/4 2151/8/4
f 2142/8/4 2143/8/4 2151/8/4
f 2151/8/4 2144/8/4 2152/8/4
f 2152/8/4 2144/8/4 2153/8/4
f 2147/9/4 2148/9/4 2154/9/4
f 2146/9/4 2147/9/4 2154/9/4
f 2154/9/4 2148/9/4 2155/9/4
f 2155/9/4 2148/9/4 2156/9/4
f 2151/8/4 2152/8/4 2158/8/4
f 2150/8/4 2151/8/4 2158/8/4
f 2158/8/4 2152/8/4 2159/8/4
f 2159/8/4 2152/8/4 2160/8/4
f 2156/9/4 2157/9/4 2162/9/4
f 2155/9/4 2156/9/4 2162/9/4
f 2162/9/4 2157/9/4 2163/9/4
f 2163/9/4 2157/9/4 2164/9/4
f 2160/8/4 2161/8/4 2166/8/4
f 2159/8/4 2160/8/4 2166/8/4
f 2166/8/4 2161/8/4 2167/8/4
f 2167/8/4 2161/8/4 2168/8/4
f 2164/9/4 2165/9/4 2170/9/4
f 2163/9/4 2164/9/4 2170/9/4
f 2170/9/4 2165/9/4 2171/9/4
f 2167/8/4 2168/8/4 2173/8/4
f 2168/8/4 2169/8/4 2173/8/4
f 2173/8/4 2169/8/4 2174/8/4
f 2171/9/4 2172/9/4 2175/9/4
f 2175/9/4 2172/9/4 2176/9/4
f 2177/9/4 2178/9/4 2180/9/4
f 2180/9/4 2178/9/4 2181/9/4
f 2181/9/4 2178/9/4 2182/9/4
f 2179/9/4 2180/9/4 2184/9/4
f 2180/9/4 2181/9/4 2184/9/4
f 2184/9/4 2181/9/4 2185/9/4
f 2185/9/4 2181/9/4 2186/9/4
f 2183/9/4 2184/9/4 2187/9/4
f 2184/9/4 2185/9/4 2187/9/4
f 2187/9/4 2185/9/4 2188/9/4
f 2188/9/4 2185/9/4 2189/9/4
f 2189/9/4 2190/9/4 2191/9/4
f 2188/9/4 2189/9/4 2191/9/4
f 2191/9/4 2190/9/4 2192/9/4
f 2192/9/4 2190/9/4 2193/9/4
f 2192/9/4 2193/9/4 2195/9/4
f 2193/9/4 2194/9/4 2195/9/4
f 2195/9/4 2194/9/4 2196/9/4
f 2201/12/5 2198/12/5 2197/12/5
f 2202/12/5 2198/12/5 2201/12/5
f 2203/12/5 2200/12/5 2199/12/5
f 2204/12/5 2200/12/5 2203/12/5
f 2205/12/5 2198/12/5 2202/12/5
f 2206/12/5 2198/12/5 2205/12/5
f 2207/12/5 2203/12/5 2199/12/5
f 2208/12/5 2203/12/5 2207/12/5
f 2212/11/5 2210/11/5 2209/11/5
f 2213/11/5 2210/11/5 2212/11/5
f 2219/9/5 2216/9/5 2215/9/5
f 2220/9/5 2216/9/5 2219/9/5
f 2221/9/5 2216/9/5 2220/9/5
f 2222/11/5 2212/11/5 2211/11/5
f 2222/11/5 2213/11/5 2212/11/5
f 2222/11/5 2214/11/5 2213/11/5
f 2223/11/5 2214/11/5 2222/11/5
f 2224/9/5 2218/9/5 2217/9/5
f 2225/9/5 2218/9/5 2224/9/5
f 2226/9/5 2218/9/5 2225/9/5
f 2227/9/5 2221/9/5 2220/9/5
f 2227/9/5 2222/9/5 2221/9/5
f 2228/9/5 2222/9/5 2227/9/5
f 2229/11/5 2223/11/5 2222/11/5
f 2229/9/5 2222/9/5 2228/9/5
f 2230/11/5 2223/11/5 2229/11/5
f 2231/11/5 2223/11/5 2230/11/5
f 2232/9/5 2225/9/5 2224/9/5
f 2232/11/5 2223/11/5 2231/11/5
f 2232/9/5 2224/9/5 2223/9/5
f 2233/9/5 2225/9/5 2232/9/5
f 2234/9/5 2225/9/5 2233/9/5
f 2235/9/5 2230/9/5 2229/9/5
f 2235/9/5 2229/9/5 2228/9/5
f 2236/9/5 2230/9/5 2235/9/5
f 2237/11/5 2231/11/5 2230/11/5
f 2237/9/5 2230/9/5 2236/9/5
f 2238/11/5 2231/11/5 2237/11/5
f 2239/11/5 2231/11/5 2238/11/5
f 2240/9/5 2233/9/5 2232/9/5
f 2240/11/5 2231/11/5 2239/11/5
f 2240/9/5 2232/9/5 2231/9/5
f 2241/9/5 2233/9/5 2240/9/5
f 2242/9/5 2233/9/5 2241/9/5
f 2243/9/5 2238/9/5 2237/9/5
f 2243/9/5 2237/9/5 2236/9/5
f 2244/9/5 2238/9/5 2243/9/5
f 2245/9/5 2238/9/5 2244/9/5
f 2246/9/5 2241/9/5 2240/9/5
f 2246/9/5 2240/9/5 2239/9/5
f 2247/9/5 2241/9/5 2246/9/5
f 2248/9/5 2241/9/5 2247/9/5
f 2249/9/5 2245/9/5 2244/9/5
f 2249/9/5 2247/9/5 2246/9/5
f 2249/9/5 2246/9/5 2245/9/5
f 2250/9/5 2247/9/5 2249/9/5
f 2251/9/5 2247/9/5 2250/9/5
f 2252/9/5 2247/9/5 2251/9/5
f 2253/9/5 2251/9/5 2250/9/5
f 2254/9/5 2251/9/5 2253/9/5
f 2258/11/5 2256/11/5 2255/11/5
f 2259/11/5 2256/11/5 2258/11/5
f 2260/11/5 2256/11/5 2259/11/5
f 2261/11/5 2256/11/5 2260/11/5
f 2263/11/5 2258/11/5 2257/11/5
f 2263/11/5 2259/11/5 2258/11/5
f 2264/11/5 2259/11/5 2263/11/5
f 2265/11/5 2262/11/5 2261/11/5
f 2265/11/5 2261/11/5 2260/11/5
f 2266/11/5 2262/11/5 2265/11/5
f 2267/11/5 2263/11/5 2257/11/5
f 2268/11/5 2262/11/5 2266/11/5
f 2273/9/5 2270/9/5 2269/9/5
f 2274/11/5 2263/11/5 2267/11/5
f 2275/11/5 2268/11/5 2266/11/5
f 2276/9/5 2272/9/5 2271/9/5
f 2277/9/5 2273/9/5 2269/9/5
f 2278/9/5 2273/9/5 2277/9/5
f 2280/11/5 2263/11/5 2274/11/5
f 2281/11/5 2263/11/5 2280/11/5
f 2282/11/5 2275/11/5 2266/11/5
f 2283/11/5 2275/11/5 2282/11/5
f 2285/9/5 2272/9/5 2276/9/5
f 2286/9/5 2272/9/5 2285/9/5
f 2287/9/5 2279/9/5 2278/9/5
f 2288/9/5 2279/9/5 2287/9/5
f 2291/9/5 2285/9/5 2284/9/5
f 2292/9/5 2285/9/5 2291/9/5
f 2293/9/5 2289/9/5 2288/9/5
f 2294/9/5 2289/9/5 2293/9/5
f 2299/9/5 2291/9/5 2290/9/5
f 2300/9/5 2291/9/5 2299/9/5
f 2301/9/5 2295/9/5 2294/9/5
f 2302/9/5 2295/9/5 2301/9/5
f 2304/11/5 2297/11/5 2296/11/5
f 2305/11/5 2297/11/5 2304/11/5
f 2307/9/5 2299/9/5 2298/9/5
f 2308/9/5 2299/9/5 2307/9/5
f 2309/9/5 2303/9/5 2302/9/5
f 2310/9/5 2303/9/5 2309/9/5
f 2313/9/5 2307/9/5 2306/9/5
f 2314/9/5 2307/9/5 2313/9/5
f 2315/9/5 2311/9/5 2310/9/5
f 2316/9/5 2311/9/5 2315/9/5
f 2317/9/5 2313/9/5 2312/9/5
f 2318/9/5 2313/9/5 2317/9/5
f 2319/9/5 2317/9/5 2316/9/5
f 2320/9/5 2317/9/5 2319/9/5
f 2324/11/5 2322/11/5 2321/11/5
f 2325/11/5 2322/11/5 2324/11/5
f 2327/11/5 2324/11/5 2323/11/5
f 2328/11/5 2324/11/5 2327/11/5
f 2329/11/5 2326/11/5 2325/11/5
f 2330/11/5 2326/11/5 2329/11/5
f 2339/9/5 2336/9/5 2335/9/5
f 2340/9/5 2336/9/5 2339/9/5
f 2341/9/5 2338/9/5 2337/9/5
f 2342/9/5 2338/9/5 2341/9/5
f 2343/11/5 2332/11/5 2331/11/5
f 2344/11/5 2332/11/5 2343/11/5
f 2345/11/5 2334/11/5 2333/11/5
f 2346/11/5 2334/11/5 2345/11/5
f 2347/1/5 2344/1/5 2343/1/5
f 2348/1/5 2344/1/5 2347/1/5
f 2349/1/5 2346/1/5 2345/1/5
f 2350/1/5 2346/1/5 2349/1/5
f 2352/1/5 2348/1/5 2347/1/5
f 2353/1/5 2348/1/5 2352/1/5
f 2354/1/5 2350/1/5 2349/1/5
f 2355/1/5 2350/1/5 2354/1/5
f 2357/9/5 2352/9/5 2351/9/5
f 2358/9/5 2352/9/5 2357/9/5
f 2361/9/5 2356/9/5 2355/9/5
f 2362/9/5 2356/9/5 2361/9/5
f 2363/9/5 2359/9/5 2358/9/5
f 2364/9/5 2359/9/5 2363/9/5
f 2371/9/5 2361/9/5 2360/9/5
f 2372/9/5 2361/9/5 2371/9/5
f 2373/9/5 2365/9/5 2364/9/5
f 2374/9/5 2365/9/5 2373/9/5
f 2375/1/5 2369/1/5 2368/1/5
f 2375/1/5 2367/1/5 2366/1/5
f 2375/1/5 2368/1/5 2367/1/5
f 2376/1/5 2369/1/5 2375/1/5
f 2377/1/5 2369/1/5 2376/1/5
f 2378/1/5 2369/1/5 2377/1/5
f 2379/9/5 2371/9/5 2370/9/5
f 2380/9/5 2371/9/5 2379/9/5
f 2381/9/5 2375/9/5 2374/9/5
f 2382/9/5 2375/9/5 2381/9/5
f 2385/9/5 2379/9/5 2378/9/5
f 2386/9/5 2379/9/5 2385/9/5
f 2387/9/5 2383/9/5 2382/9/5
f 2388/9/5 2383/9/5 2387/9/5
f 2389/9/5 2385/9/5 2384/9/5
f 2390/9/5 2385/9/5 2389/9/5
f 2391/9/5 2389/9/5 2388/9/5
f 2392/9/5 2389/9/5 2391/9/5
f 2397/11/5 2394/11/5 2393/11/5
f 2398/11/5 2394/11/5 2397/11/5
f 2401/11/5 2396/11/5 2395/11/5
f 2402/11/5 2396/11/5 2401/11/5
f 2403/11/5 2400/11/5 2399/11/5
f 2404/11/5 2400/11/5 2403/11/5
f 2413/9/5 2410/9/5 2409/9/5
f 2414/11/5 2406/11/5 2405/11/5
f 2415/11/5 2408/11/5 2407/11/5
f 2416/9/5 2412/9/5 2411/9/5
f 2417/11/5 2406/11/5 2414/11/5
f 2418/11/5 2406/11/5 2417/11/5
f 2419/11/5 2415/11/5 2407/11/5
f 2420/11/5 2415/11/5 2419/11/5
f 2421/9/5 2413/9/5 2409/9/5
f 2422/9/5 2413/9/5 2421/9/5
f 2423/1/5 2418/1/5 2417/1/5
f 2424/1/5 2418/1/5 2423/1/5
f 2425/1/5 2420/1/5 2419/1/5
f 2426/1/5 2420/1/5 2425/1/5
f 2427/9/5 2412/9/5 2416/9/5
f 2428/9/5 2412/9/5 2427/9/5
f 2429/9/5 2423/9/5 2422/9/5
f 2430/9/5 2423/9/5 2429/9/5
f 2433/9/5 2427/9/5 2426/9/5
f 2434/9/5 2427/9/5 2433/9/5
f 2435/9/5 2431/9/5 2430/9/5
f 2436/9/5 2431/9/5 2435/9/5
f 2439/9/5 2433/9/5 2432/9/5
f 2440/9/5 2433/9/5 2439/9/5
f 2441/9/5 2437/9/5 2436/9/5
f 2442/9/5 2437/9/5 2441/9/5
f 2449/9/5 2439/9/5 2438/9/5
f 2450/9/5 2439/9/5 2449/9/5
f 2451/9/5 2443/9/5 2442/9/5
f 2452/9/5 2443/9/5 2451/9/5
f 2453/1/5 2445/1/5 2444/1/5
f 2454/11/5 2446/11/5 2445/11/5
f 2454/1/5 2445/1/5 2453/1/5
f 2455/1/5 2447/1/5 2446/1/5
f 2455/11/5 2446/11/5 2454/11/5
f 2456/1/5 2447/1/5 2455/1/5
f 2457/9/5 2449/9/5 2448/9/5
f 2458/9/5 2449/9/5 2457/9/5
f 2459/9/5 2453/9/5 2452/9/5
f 2460/9/5 2453/9/5 2459/9/5
f 2463/9/5 2457/9/5 2456/9/5
f 2464/9/5 2457/9/5 2463/9/5
f 2465/9/5 2461/9/5 2460/9/5
f 2466/9/5 2461/9/5 2465/9/5
f 2467/9/5 2463/9/5 2462/9/5
f 2468/9/5 2463/9/5 2467/9/5
f 2473/11/5 2470/11/5 2469/11/5
f 2474/11/5 2470/11/5 2473/11/5
f 2475/11/5 2472/11/5 2471/11/5
f 2476/11/5 2472/11/5 2475/11/5
f 2483/9/5 2478/9/5 2477/9/5
f 2484/11/5 2479/11/5 2478/11/5
f 2484/9/5 2478/9/5 2483/9/5
f 2485/9/5 2482/9/5 2481/9/5
f 2485/11/5 2481/11/5 2480/11/5
f 2486/9/5 2482/9/5 2485/9/5
f 2489/11/5 2479/11/5 2484/11/5
f 2490/11/5 2479/11/5 2489/11/5
f 2491/11/5 2485/11/5 2480/11/5
f 2492/11/5 2485/11/5 2491/11/5
f 2495/11/5 2488/11/5 2487/11/5
f 2496/11/5 2488/11/5 2495/11/5
f 2497/11/5 2494/11/5 2493/11/5
f 2498/11/5 2494/11/5 2497/11/5
f 2503/9/5 2500/9/5 2499/9/5
f 2504/9/5 2500/9/5 2503/9/5
f 2509/9/5 2502/9/5 2501/9/5
f 2510/9/5 2502/9/5 2509/9/5
f 2512/1/5 2506/1/5 2505/1/5
f 2513/1/5 2506/1/5 2512/1/5
f 2514/1/5 2508/1/5 2507/1/5
f 2515/1/5 2508/1/5 2514/1/5
f 2517/9/5 2512/9/5 2511/9/5
f 2518/9/5 2512/9/5 2517/9/5
f 2521/9/5 2516/9/5 2515/9/5
f 2522/9/5 2516/9/5 2521/9/5
f 2523/9/5 2519/9/5 2518/9/5
f 2524/9/5 2519/9/5 2523/9/5
f 2531/9/5 2521/9/5 2520/9/5
f 2532/9/5 2521/9/5 2531/9/5
f 2533/9/5 2525/9/5 2524/9/5
f 2534/9/5 2525/9/5 2533/9/5
f 2535/1/5 2527/1/5 2526/1/5
f 2536/1/5 2527/1/5 2535/1/5
f 2537/1/5 2529/1/5 2528/1/5
f 2538/1/5 2529/1/5 2537/1/5
f 2539/9/5 2531/9/5 2530/9/5
f 2540/9/5 2531/9/5 2539/9/5
f 2541/9/5 2535/9/5 2534/9/5
f 2542/9/5 2535/9/5 2541/9/5
f 2545/9/5 2539/9/5 2538/9/5
f 2546/9/5 2539/9/5 2545/9/5
f 2547/9/5 2543/9/5 2542/9/5
f 2548/9/5 2543/9/5 2547/9/5
f 2551/9/5 2545/9/5 2544/9/5
f 2552/9/5 2545/9/5 2551/9/5
f 2553/9/5 2550/9/5 2549/9/5
f 2554/9/5 2550/9/5 2553/9/5
f 2559/11/5 2556/11/5 2555/11/5
f 2560/11/5 2556/11/5 2559/11/5
f 2561/11/5 2558/11/5 2557/11/5
f 2562/11/5 2558/11/5 2561/11/5
f 2567/11/5 2564/11/5 2563/11/5
f 2568/11/5 2564/11/5 2567/11/5
f 2569/11/5 2566/11/5 2565/11/5
f 2570/11/5 2566/11/5 2569/11/5
f 2575/11/5 2572/11/5 2571/11/5
f 2576/11/5 2572/11/5 2575/11/5
f 2577/11/5 2574/11/5 2573/11/5
f 2578/11/5 2574/11/5 2577/11/5
f 2583/9/5 2580/9/5 2579/9/5
f 2584/9/5 2580/9/5 2583/9/5
f 2585/9/5 2582/9/5 2581/9/5
f 2586/9/5 2582/9/5 2585/9/5
f 2591/9/5 2588/9/5 2587/9/5
f 2592/9/5 2588/9/5 2591/9/5
f 2595/9/5 2590/9/5 2589/9/5
f 2596/9/5 2590/9/5 2595/9/5
f 2597/9/5 2593/9/5 2592/9/5
f 2598/9/5 2593/9/5 2597/9/5
f 2601/9/5 2595/9/5 2594/9/5
f 2602/9/5 2595/9/5 2601/9/5
f 2603/9/5 2599/9/5 2598/9/5
f 2604/9/5 2599/9/5 2603/9/5
f 2607/9/5 2601/9/5 2600/9/5
f 2608/9/5 2601/9/5 2607/9/5
f 2609/9/5 2605/9/5 2604/9/5
f 2610/9/5 2605/9/5 2609/9/5
f 2613/9/5 2607/9/5 2606/9/5
f 2614/9/5 2607/9/5 2613/9/5
f 2615/9/5 2611/9/5 2610/9/5
f 2616/9/5 2611/9/5 2615/9/5
f 2619/9/5 2613/9/5 2612/9/5
f 2620/9/5 2613/9/5 2619/9/5
f 2621/9/5 2617/9/5 2616/9/5
f 2622/9/5 2617/9/5 2621/9/5
f 2623/9/5 2619/9/5 2618/9/5
f 2624/9/5 2619/9/5 2623/9/5
f 2629/11/5 2626/11/5 2625/11/5
f 2630/11/5 2626/11/5 2629/11/5
f 2631/11/5 2628/11/5 2627/11/5
f 2632/11/5 2628/11/5 2631/11/5
f 2637/11/5 2634/11/5 2633/11/5
f 2638/11/5 2634/11/5 2637/11/5
f 2639/11/5 2636/11/5 2635/11/5
f 2640/11/5 2636/11/5 2639/11/5
f 2646/12/5 2642/12/5 2641/12/5
f 2647/12/5 2642/12/5 2646/12/5
f 2648/12/5 2644/12/5 2643/12/5
f 2649/12/5 2644/12/5 2648/12/5
f 2651/12/5 2646/12/5 2645/12/5
f 2652/12/5 2646/12/5 2651/12/5
f 2653/12/5 2650/12/5 2649/12/5
f 2654/12/5 2650/12/5 2653/12/5
f 2660/12/5 2656/12/5 2655/12/5
f 2661/12/5 2656/12/5 2660/12/5
f 2662/12/5 2658/12/5 2657/12/5
f 2663/12/5 2658/12/5 2662/12/5
f 2666/12/5 2660/12/5 2659/12/5
f 2667/12/5 2660/12/5 2666/12/5
f 2668/12/5 2664/12/5 2663/12/5
f 2669/12/5 2664/12/5 2668/12/5
f 2671/12/5 2666/12/5 2665/12/5
f 2672/12/5 2666/12/5 2671/12/5
f 2673/12/5 2670/12/5 2669/12/5
f 2674/12/5 2670/12/5 2673/12/5
f 2675/12/6 2676/12/6 2679/12/6
f 2679/12/6 2676/12/6 2680/12/6
f 2677/12/6 2678/12/6 2683/12/6
f 2683/12/6 2678/12/6 2684/12/6
f 2680/12/6 2681/12/6 2685/12/6
f 2685/12/6 2681/12/6 2686/12/6
f 2682/12/6 2683/12/6 2687/12/6
f 2687/12/6 2683/12/6 2688/12/6
f 2689/12/6 2690/12/6 2693/12/6
f 2693/12/6 2690/12/6 2694/12/6
f 2691/12/6 2692/12/6 2695/12/6
f 2695/12/6 2692/12/6 2696/12/6
f 2697/12/6 2698/12/6 2701/12/6
f 2701/12/6 2698/12/6 2702/12/6
f 2699/12/6 2700/12/6 2705/12/6
f 2705/12/6 2700/12/6 2706/12/6
f 2702/12/6 2703/12/6 2707/12/6
f 2704/12/6 2705/12/6 2710/12/6
f 2707/12/6 2708/12/6 2711/12/6
f 2702/12/6 2707/12/6 2711/12/6
f 2711/12/6 2708/12/6 2712/12/6
f 2709/12/6 2710/12/6 2713/12/6
f 2710/12/6 2705/12/6 2713/12/6
f 2713/12/6 2705/12/6 2714/12/6
f 2712/12/6 2708/12/6 2715/12/6
f 2715/12/6 2708/12/6 2716/12/6
f 2709/12/6 2713/12/6 2717/12/6
f 2717/12/6 2713/12/6 2718/12/6
f 2719/12/6 2720/12/6 2723/12/6
f 2723/12/6 2720/12/6 2724/12/6
f 2721/12/6 2722/12/6 2725/12/6
f 2725/12/6 2722/12/6 2726/12/6
f 2727/12/6 2728/12/6 2731/12/6
f 2731/12/6 2728/12/6 2732/12/6
f 2729/12/6 2730/12/6 2733/12/6
f 2733/12/6 2730/12/6 2734/12/6
f 2735/9/6 2736/9/6 2739/9/6
f 2739/9/6 2736/9/6 2740/9/6
f 2737/9/6 2738/9/6 2741/9/6
f 2741/9/6 2738/9/6 2742/9/6
f 2739/9/6 2740/9/6 2743/9/6
f 2743/9/6 2740/9/6 2744/9/6
f 2741/9/6 2742/9/6 2745/9/6
f 2745/9/6 2742/9/6 2746/9/6
f 2747/9/6 2748/9/6 2751/9/6
f 2749/9/6 2750/9/6 2751/9/6
f 2748/9/6 2749/9/6 2751/9/6
f 2751/9/6 2750/9/6 2752/9/6
f 2752/9/6 2750/9/6 2753/9/6
f 2753/9/6 2750/9/6 2754/9/6
f 2752/9/6 2753/9/6 2755/9/6
f 2755/9/6 2753/9/6 2756/9/6
f 2757/7/6 2758/7/6 2761/7/6
f 2761/7/6 2758/7/6 2762/7/6
f 2759/7/6 2760/7/6 2763/7/6
f 2763/7/6 2760/7/6 2764/7/6
f 2765/9/6 2766/9/6 2769/9/6
f 2769/9/6 2766/9/6 2770/9/6
f 2767/9/6 2768/9/6 2771/9/6
f 2771/9/6 2768/9/6 2772/9/6
f 2773/12/6 2774/12/6 2777/12/6
f 2777/12/6 2774/12/6 2778/12/6
f 2775/12/6 2776/12/6 2779/12/6
f 2779/12/6 2776/12/6 2780/12/6
f 2781/9/6 2782/9/6 2785/9/6
f 2785/9/6 2782/9/6 2786/9/6
f 2783/9/6 2784/9/6 2787/9/6
f 2787/9/6 2784/9/6 2788/9/6
f 2789/9/6 2790/9/6 2793/9/6
f 2793/9/6 2790/9/6 2794/9/6
f 2791/9/6 2792/9/6 2797/9/6
f 2797/9/6 2792/9/6 2798/9/6
f 2795/11/6 2796/11/6 2799/11/6
f 2799/11/6 2796/11/6 2800/11/6
f 2801/11/6 2802/11/6 2805/11/6
f 2805/11/6 2802/11/6 2806/11/6
f 2803/11/6 2804/11/6 2807/11/6
f 2807/11/6 2804/11/6 2808/11/6
f 2809/11/6 2810/11/6 2813/11/6
f 2811/11/6 2812/11/6 2814/11/6
f 2813/11/6 2810/11/6 2815/11/6
f 2815/11/6 2810/11/6 2816/11/6
f 2811/11/6 2814/11/6 2817/11/6
f 2817/11/6 2814/11/6 2818/11/6
f 2819/11/6 2820/11/6 2823/11/6
f 2823/11/6 2820/11/6 2824/11/6
f 2821/11/6 2822/11/6 2825/11/6
f 2825/11/6 2822/11/6 2826/11/6
f 2827/11/6 2828/11/6 2831/11/6
f 2831/11/6 2828/11/6 2832/11/6
f 2829/11/6 2830/11/6 2833/11/6
f 2833/11/6 2830/11/6 2834/11/6
f 2835/9/6 2836/9/6 2839/9/6
f 2839/9/6 2836/9/6 2840/9/6
f 2837/9/6 2838/9/6 2841/9/6
f 2841/9/6 2838/9/6 2842/9/6
f 2843/11/6 2844/11/6 2851/11/6
f 2851/11/6 2844/11/6 2852/11/6
f 2849/11/6 2850/11/6 2853/11/6
f 2853/11/6 2850/11/6 2854/11/6
f 2845/1/6 2846/1/6 2855/1/6
f 2855/1/6 2846/1/6 2856/1/6
f 2847/1/6 2848/1/6 2857/1/6
f 2857/1/6 2848/1/6 2858/1/6
f 2859/9/6 2860/9/6 2863/9/6
f 2863/9/6 2860/9/6 2864/9/6
f 2861/9/6 2862/9/6 2865/9/6
f 2865/9/6 2862/9/6 2866/9/6
f 2867/9/6 2868/9/6 2871/9/6
f 2871/9/6 2868/9/6 2872/9/6
f 2869/9/6 2870/9/6 2875/9/6
f 2875/9/6 2870/9/6 2876/9/6
f 2872/9/6 2873/9/6 2877/9/6
f 2877/9/6 2873/9/6 2878/9/6
f 2874/9/6 2875/9/6 2879/9/6
f 2879/9/6 2875/9/6 2880/9/6
f 2881/9/6 2882/9/6 2883/9/6
f 2883/9/6 2882/9/6 2884/9/6
f 2885/9/6 2886/9/6 2889/9/6
f 2889/9/6 2886/9/6 2890/9/6
f 2887/9/6 2888/9/6 2891/9/6
f 2891/9/6 2888/9/6 2892/9/6
f 2893/9/6 2894/9/6 2901/9/6
f 2901/9/6 2894/9/6 2902/9/6
f 2895/11/6 2896/11/6 2903/11/6
f 2903/11/6 2896/11/6 2904/11/6
f 2897/11/6 2898/11/6 2907/11/6
f 2907/11/6 2898/11/6 2908/11/6
f 2899/9/6 2900/9/6 2909/9/6
f 2909/9/6 2900/9/6 2910/9/6
f 2904/11/6 2905/11/6 2911/11/6
f 2911/11/6 2905/11/6 2912/11/6
f 2906/11/6 2907/11/6 2915/11/6
f 2915/11/6 2907/11/6 2916/11/6
f 2912/11/6 2913/11/6 2917/11/6
f 2917/11/6 2913/11/6 2918/11/6
f 2914/11/6 2915/11/6 2921/11/6
f 2921/11/6 2915/11/6 2922/11/6
f 2918/11/6 2919/11/6 2924/11/6
f 2924/11/6 2919/11/6 2925/11/6
f 2920/11/6 2921/11/6 2926/11/6
f 2926/11/6 2921/11/6 2927/11/6
f 2923/9/6 2924/9/6 2929/9/6
f 2929/9/6 2924/9/6 2930/9/6
f 2927/9/6 2928/9/6 2935/9/6
f 2935/9/6 2928/9/6 2936/9/6
f 2931/9/6 2932/9/6 2937/9/6
f 2937/9/6 2932/9/6 2938/9/6
f 2933/9/6 2934/9/6 2939/9/6
f 2939/9/6 2934/9/6 2940/9/6
f 2941/9/6 2942/9/6 2945/9/6
f 2945/9/6 2942/9/6 2946/9/6
f 2943/9/6 2944/9/6 2949/9/6
f 2949/9/6 2944/9/6 2950/9/6
f 2946/8/6 2947/8/6 2951/8/6
f 2951/8/6 2947/8/6 2952/8/6
f 2948/8/6 2949/8/6 2953/8/6
f 2953/8/6 2949/8/6 2954/8/6
f 2955/9/6 2956/9/6 2959/9/6
f 2959/9/6 2956/9/6 2960/9/6
f 2957/9/6 2958/9/6 2965/9/6
f 2965/9/6 2958/9/6 2966/9/6
f 2961/8/6 2962/8/6 2967/8/6
f 2967/8/6 2962/8/6 2968/8/6
f 2963/8/6 2964/8/6 2969/8/6
f 2969/8/6 2964/8/6 2970/8/6
f 2971/8/6 2972/8/6 2975/8/6
f 2975/8/6 2972/8/6 2976/8/6
f 2973/9/6 2974/9/6 2979/9/6
f 2979/9/6 2974/9/6 2980/9/6
f 2977/9/6 2978/9/6 2981/9/6
f 2981/9/6 2978/9/6 2982/9/6
f 2983/11/6 2984/11/6 2987/11/6
f 2987/11/6 2984/11/6 2988/11/6
f 2985/11/6 2986/11/6 2989/11/6
f 2989/11/6 2986/11/6 2990/11/6
f 2991/11/6 2992/11/6 2995/11/6
f 2995/11/6 2992/11/6 2996/11/6
f 2993/11/6 2994/11/6 2997/11/6
f 2997/11/6 2994/11/6 2998/11/6
f 2999/8/6 3000/8/6 3003/8/6
f 3003/8/6 3000/8/6 3004/8/6
f 3001/8/6 3002/8/6 3005/8/6
f 3005/8/6 3002/8/6 3006/8/6
f 3007/8/6 3008/8/6 3011/8/6
f 3011/8/6 3008/8/6 3012/8/6
f 3009/8/6 3010/8/6 3017/8/6
f 3017/8/6 3010/8/6 3018/8/6
f 3013/8/6 3014/8/6 3019/8/6
f 3019/8/6 3014/8/6 3020/8/6
f 3015/8/6 3016/8/6 3021/8/6
f 3021/8/6 3016/8/6 3022/8/6
f 3023/11/6 3024/11/6 3027/11/6
f 3027/11/6 3024/11/6 3028/11/6
f 3025/11/6 3026/11/6 3029/11/6
f 3029/11/6 3026/11/6 3030/11/6
f 3031/11/6 3032/11/6 3035/11/6
f 3035/11/6 3032/11/6 3036/11/6
f 3033/11/6 3034/11/6 3037/11/6
f 3037/11/6 3034/11/6 3038/11/6
f 3039/11/6 3040/11/6 3043/11/6
f 3043/11/6 3040/11/6 3044/11/6
f 3041/11/6 3042/11/6 3045/11/6
f 3045/11/6 3042/11/6 3046/11/6
f 3047/11/6 3048/11/6 3051/11/6
f 3051/11/6 3048/11/6 3052/11/6
f 3049/11/6 3050/11/6 3053/11/6
f 3053/11/6 3050/11/6 3054/11/6
f 3055/8/6 3056/8/6 3059/8/6
f 3059/8/6 3056/8/6 3060/8/6
f 3057/8/6 3058/8/6 3065/8/6
f 3065/8/6 3058/8/6 3066/8/6
f 3061/11/6 3062/11/6 3067/11/6
f 3067/11/6 3062/11/6 3068/11/6
f 3063/11/6 3064/11/6 3069/11/6
f 3069/11/6 3064/11/6 3070/11/6
f 3071/11/6 3072/11/6 3075/11/6
f 3075/11/6 3072/11/6 3076/11/6
f 3073/11/6 3074/11/6 3080/11/6
f 3080/11/6 3074/11/6 3081/11/6
f 3077/11/6 3078/11/6 3082/11/6
f 3082/11/6 3078/11/6 3083/11/6
f 3079/11/6 3080/11/6 3085/11/6
f 3085/11/6 3080/11/6 3086/11/6
f 3083/11/6 3084/11/6 3087/11/6
f 3087/11/6 3084/11/6 3088/11/6
f 3089/11/6 3090/11/6 3093/11/6
f 3093/11/6 3090/11/6 3094/11/6
f 3091/11/6 3092/11/6 3095/11/6
f 3095/11/6 3092/11/6 3096/11/6
f 3097/11/6 3098/11/6 3101/11/6
f 3101/11/6 3098/11/6 3102/11/6
f 3099/11/6 3100/11/6 3105/11/6
f 3105/11/6 3100/11/6 3106/11/6
f 3102/11/6 3103/11/6 3107/11/6
f 3107/11/6 3103/11/6 3108/11/6
f 3104/11/6 3105/11/6 3111/11/6
f 3111/11/6 3105/11/6 3112/11/6
f 3109/11/6 3110/11/6 3113/11/6
f 3113/11/6 3110/11/6 3114/11/6
f 3115/8/6 3116/8/6 3119/8/6
f 3119/8/6 3116/8/6 3120/8/6
f 3117/8/6 3118/8/6 3121/8/6
f 3121/8/6 3118/8/6 3122/8/6
f 3123/11/6 3124/11/6 3126/11/6
f 3126/11/6 3124/11/6 3127/11/6
f 3125/11/6 3126/11/6 3130/11/6
f 3130/11/6 3126/11/6 3131/11/6
f 3127/11/6 3128/11/6 3132/11/6
f 3132/11/6 3128/11/6 3133/11/6
f 3129/11/6 3130/11/6 3135/11/6
f 3135/11/6 3130/11/6 3136/11/6
f 3133/11/6 3134/11/6 3137/11/6
f 3137/11/6 3134/11/6 3138/11/6
f 3139/11/6 3140/11/6 3143/11/6
f 3143/11/6 3140/11/6 3144/11/6
f 3141/11/6 3142/11/6 3145/11/6
f 3145/11/6 3142/11/6 3146/11/6
f 3144/11/6 3145/11/6 3147/11/6
f 3147/11/6 3145/11/6 3148/11/6
f 3149/11/6 3150/11/6 3152/11/6
f 3152/11/6 3150/11/6 3153/11/6
f 3153/11/6 3150/11/6 3154/11/6
f 3154/11/6 3150/11/6 3155/11/6
f 3151/11/6 3152/11/6 3157/11/6
f 3152/11/6 3153/11/6 3157/11/6
f 3157/11/6 3153/11/6 3158/11/6
f 3155/11/6 3156/11/6 3159/11/6
f 3154/11/6 3155/11/6 3159/11/6
f 3159/11/6 3156/11/6 3160/11/6
f 3151/11/6 3157/11/6 3161/11/6
f 3161/11/6 3157/11/6 3162/11/6
f 3160/11/6 3156/11/6 3163/11/6
f 3163/11/6 3156/11/6 3164/11/6
f 3165/11/6 3166/11/6 3169/11/6
f 3167/11/6 3168/11/6 3169/11/6
f 3166/11/6 3167/11/6 3169/11/6
f 3169/11/6 3168/11/6 3170/11/6
f 3171/11/6 3172/11/6 3174/11/6
f 3174/11/6 3172/11/6 3175/11/6
f 3173/11/6 3174/11/6 3177/11/6
f 3175/11/6 3176/11/6 3177/11/6
f 3174/11/6 3175/11/6 3177/11/6
f 3177/11/6 3176/11/6 3178/11/6
f 3178/11/6 3176/11/6 3179/11/6
f 3179/11/6 3176/11/6 3180/11/6
f 3178/11/6 3179/11/6 3181/11/6
f 3181/11/6 3179/11/6 3182/11/6
f 3182/11/6 3179/11/6 3183/11/6
f 3183/11/6 3179/11/6 3184/11/6
f 3182/11/6 3183/11/6 3185/11/6
f 3185/11/6 3183/11/6 3186/11/6
f 3187/12/6 3188/12/6 3191/12/6
f 3191/12/6 3188/12/6 3192/12/6
f 3189/12/6 3190/12/6 3193/12/6
f 3193/12/6 3190/12/6 3194/12/6
f 3192/12/6 3188/12/6 3195/12/6
f 3195/12/6 3188/12/6 3196/12/6
f 3189/12/6 3193/12/6 3199/12/6
f 3199/12/6 3193/12/6 3200/12/6
f 3196/12/6 3197/12/6 3201/12/6
f 3201/12/6 3197/12/6 3202/12/6
f 3198/12/6 3199/12/6 3203/12/6
f 3203/12/6 3199/12/6 3204/12/6
f 3205/12/6 3206/12/6 3210/12/6
f 3210/12/6 3206/12/6 3211/12/6
f 3207/12/6 3208/12/6 3214/12/6
f 3214/12/6 3208/12/6 3215/12/6
f 3209/12/6 3210/12/6 3218/12/6
f 3218/12/6 3210/12/6 3219/12/6
f 3211/12/6 3212/12/6 3220/12/6
f 3220/12/6 3212/12/6 3221/12/6
f 3213/12/6 3214/12/6 3224/12/6
f 3224/12/6 3214/12/6 3225/12/6
f 3215/12/6 3216/12/6 3226/12/6
f 3226/12/6 3216/12/6 3227/12/6
f 3217/12/6 3218/12/6 3229/12/6
f 3229/12/6 3218/12/6 3230/12/6
f 3221/12/6 3222/12/6 3231/12/6
f 3231/12/6 3222/12/6 3232/12/6
f 3223/12/6 3224/12/6 3233/12/6
f 3233/12/6 3224/12/6 3234/12/6
f 3227/12/6 3228/12/6 3235/12/6
f 3235/12/6 3228/12/6 3236/12/6
f 3237/12/6 3238/12/6 3242/12/6
f 3242/12/6 3238/12/6 3243/12/6
f 3239/12/6 3240/12/6 3246/12/6
f 3246/12/6 3240/12/6 3247/12/6
f 3241/12/6 3242/12/6 3249/12/6
f 3249/12/6 3242/12/6 3250/12/6
f 3243/12/6 3244/12/6 3251/12/6
f 3251/12/6 3244/12/6 3252/12/6
f 3245/12/6 3246/12/6 3253/12/6
f 3253/12/6 3246/12/6 3254/12/6
f 3247/12/6 3248/12/6 3255/12/6
f 3255/12/6 3248/12/6 3256/12/6
f 3257/12/6 3258/12/6 3261/12/6
f 3261/12/6 3258/12/6 3262/12/6
f 3259/12/6 3260/12/6 3263/12/6
f 3263/12/6 3260/12/6 3264/12/6
