# MagicaVoxel @ Ephtracy

# group
o 

# material
mtllib Voxelhaven_Ranger.mtl
usemtl palette

# normals
vn -1 0 0
vn 1 0 0
vn 0 0 1
vn 0 0 -1
vn 0 -1 0
vn 0 1 0

# texcoords
vt 0.00195312 0.5
vt 0.00585938 0.5
vt 0.00976562 0.5
vt 0.0136719 0.5
vt 0.0175781 0.5
vt 0.0253906 0.5
vt 0.0292969 0.5
vt 0.0332031 0.5
vt 0.0566406 0.5
vt 0.185547 0.5

# verts
v -1.2 1.2 0.6
v -1.2 1.2 0.4
v -1.2 1.3 0.7
v -1.2 1.3 0.6
v -1.2 1.3 0.4
v -1.2 1.3 0.3
v -1.2 1.4 0.7
v -1.2 1.4 0.6
v -1.2 1.4 0.4
v -1.2 1.4 0.3
v -1.2 1.7 0.7
v -1.2 1.7 0.3
v -1.1 1.1 0.6
v -1.1 1.1 0.4
v -1.1 1.2 0.7
v -1.1 1.2 0.6
v -1.1 1.2 0.4
v -1.1 1.2 0.3
v -1.1 1.3 0.7
v -1.1 1.3 0.6
v -1.1 1.3 0.4
v -1.1 1.3 0.3
v -1.1 1.7 0.6
v -1.1 1.7 0.4
v -1.1 1.8 0.6
v -1.1 1.8 0.4
v -1 1.7 0.7
v -1 1.7 0.6
v -1 1.7 0.4
v -1 1.7 0.3
v -1 1.8 0.7
v -1 1.8 0.6
v -1 1.8 0.4
v -1 1.8 0.3
v -0.9 1.8 0.7
v -0.9 1.8 0.6
v -0.9 1.8 0.4
v -0.9 1.8 0.3
v -0.9 1.9 0.6
v -0.9 1.9 0.4
v -0.9 2.1 0.7
v -0.9 2.1 0.6
v -0.9 2.1 0.4
v -0.9 2.1 0.3
v -0.9 2.2 0.6
v -0.9 2.2 0.4
v -0.8 0.8 0.7
v -0.8 0.8 0.3
v -0.8 1.7 0.8
v -0.8 1.7 0.7
v -0.8 1.7 0.3
v -0.8 1.7 0.2
v -0.8 1.8 0.7
v -0.8 1.8 0.6
v -0.8 1.8 0.4
v -0.8 1.8 0.3
v -0.8 1.9 0.6
v -0.8 1.9 0.4
v -0.8 2.1 0.8
v -0.8 2.1 0.7
v -0.8 2.1 0.6
v -0.8 2.1 0.4
v -0.8 2.1 0.3
v -0.8 2.1 0.2
v -0.8 2.2 0.7
v -0.8 2.2 0.6
v -0.8 2.2 0.4
v -0.8 2.2 0.3
v -0.8 2.3 0.6
v -0.8 2.3 0.4
v -0.8 2.5 0
v -0.8 2.5 -0.1
v -0.8 2.6 0
v -0.8 2.6 -0.1
v -0.8 2.7 0.7
v -0.8 2.7 0.4
v -0.8 2.8 0.4
v -0.8 2.8 0.3
v -0.8 2.9 0.8
v -0.8 2.9 0.7
v -0.8 3.1 0.8
v -0.8 3.1 0.7
v -0.8 3.1 0.4
v -0.8 3.1 0.3
v -0.8 3.2 0.7
v -0.8 3.2 0.4
v -0.8 3.9 0.5
v -0.8 3.9 0.4
v -0.8 4.1 0.5
v -0.8 4.1 0.4
v -0.8 4.5 0.5
v -0.8 4.5 0.4
v -0.7 0 0.9
v -0.7 0 0.3
v -0.7 0.1 0.9
v -0.7 0.1 0.8
v -0.7 0.2 0.8
v -0.7 0.2 0.3
v -0.7 0.7 0.7
v -0.7 0.7 0.3
v -0.7 0.8 0.8
v -0.7 0.8 0.7
v -0.7 0.8 0.3
v -0.7 0.8 0.2
v -0.7 1.5 0.9
v -0.7 1.5 0.8
v -0.7 1.6 0.2
v -0.7 1.6 0.1
v -0.7 1.7 0.8
v -0.7 1.7 0.7
v -0.7 1.7 0.3
v -0.7 1.7 0.2
v -0.7 2.1 0.9
v -0.7 2.1 0.8
v -0.7 2.1 0.7
v -0.7 2.1 0.3
v -0.7 2.1 0.2
v -0.7 2.1 0.1
v -0.7 2.2 0.8
v -0.7 2.2 0.7
v -0.7 2.2 0.6
v -0.7 2.2 0.4
v -0.7 2.2 0.3
v -0.7 2.2 0.2
v -0.7 2.3 0.7
v -0.7 2.3 0.6
v -0.7 2.3 0.4
v -0.7 2.3 0.3
v -0.7 2.4 0.6
v -0.7 2.4 0.4
v -0.7 2.4 0
v -0.7 2.4 -0.1
v -0.7 2.5 0
v -0.7 2.5 -0.1
v -0.7 2.6 0.6
v -0.7 2.6 0.4
v -0.7 2.6 -0.1
v -0.7 2.6 -0.2
v -0.7 2.7 0.8
v -0.7 2.7 0.7
v -0.7 2.7 0.6
v -0.7 2.7 0.4
v -0.7 2.7 0.2
v -0.7 2.7 -0.1
v -0.7 2.7 -0.2
v -0.7 2.8 0.4
v -0.7 2.8 0.3
v -0.7 2.9 0.9
v -0.7 2.9 0.8
v -0.7 2.9 0.7
v -0.7 3.1 0.9
v -0.7 3.1 0.8
v -0.7 3.1 0.7
v -0.7 3.1 0.4
v -0.7 3.1 0.3
v -0.7 3.2 0.8
v -0.7 3.2 0.7
v -0.7 3.2 0.4
v -0.7 3.2 0.2
v -0.7 3.4 0.7
v -0.7 3.4 0.4
v -0.7 3.7 0.5
v -0.7 3.7 0.4
v -0.7 3.8 0.4
v -0.7 3.8 0.3
v -0.7 3.9 0.5
v -0.7 3.9 0.4
v -0.7 4.1 0.4
v -0.7 4.2 0.4
v -0.7 4.2 0.3
v -0.7 4.3 0.4
v -0.7 4.3 0.3
v -0.6 0 1
v -0.6 0 0.9
v -0.6 0.1 1
v -0.6 0.1 0.9
v -0.6 0.1 0.8
v -0.6 0.2 0.9
v -0.6 0.2 0.8
v -0.6 0.2 0.3
v -0.6 0.3 0.8
v -0.6 0.3 0.3
v -0.6 0.6 0.7
v -0.6 0.6 0.3
v -0.6 0.7 0.8
v -0.6 0.7 0.7
v -0.6 0.7 0.3
v -0.6 0.7 0.2
v -0.6 0.8 0.9
v -0.6 0.8 0.8
v -0.6 0.8 0.7
v -0.6 0.8 0.3
v -0.6 0.8 0.2
v -0.6 0.8 0.1
v -0.6 1.4 1
v -0.6 1.4 0.9
v -0.6 1.5 0.9
v -0.6 1.5 0.8
v -0.6 1.5 0.1
v -0.6 1.5 0
v -0.6 1.6 0.2
v -0.6 1.6 0.1
v -0.6 2 0.1
v -0.6 2 0
v -0.6 2.1 1
v -0.6 2.1 0.9
v -0.6 2.1 0.8
v -0.6 2.1 0.2
v -0.6 2.1 0.1
v -0.6 2.2 0.9
v -0.6 2.2 0.8
v -0.6 2.2 0.7
v -0.6 2.2 0.3
v -0.6 2.2 0.2
v -0.6 2.2 0.1
v -0.6 2.3 0.8
v -0.6 2.3 0.7
v -0.6 2.3 0.6
v -0.6 2.3 0.4
v -0.6 2.3 0.3
v -0.6 2.3 0.2
v -0.6 2.3 0
v -0.6 2.3 -0.1
v -0.6 2.4 0.7
v -0.6 2.4 0.6
v -0.6 2.4 0.4
v -0.6 2.4 0.3
v -0.6 2.4 0
v -0.6 2.4 -0.1
v -0.6 2.5 0.6
v -0.6 2.5 0.4
v -0.6 2.5 -0.1
v -0.6 2.5 -0.2
v -0.6 2.6 0.7
v -0.6 2.6 0.6
v -0.6 2.6 0.4
v -0.6 2.6 0.2
v -0.6 2.6 -0.1
v -0.6 2.6 -0.2
v -0.6 2.7 0.7
v -0.6 2.7 0.6
v -0.6 2.7 0.4
v -0.6 2.7 0.2
v -0.6 2.7 0
v -0.6 2.7 -0.1
v -0.6 2.8 0.9
v -0.6 2.8 0.8
v -0.6 2.8 0.2
v -0.6 2.8 0.1
v -0.6 2.8 0
v -0.6 2.8 -0.1
v -0.6 2.9 1
v -0.6 2.9 0.9
v -0.6 2.9 0.8
v -0.6 3.1 1
v -0.6 3.1 0.9
v -0.6 3.1 0.8
v -0.6 3.2 0.9
v -0.6 3.2 0.8
v -0.6 3.2 0.7
v -0.6 3.2 0.4
v -0.6 3.2 0.2
v -0.6 3.2 0.1
v -0.6 3.3 0.8
v -0.6 3.3 0.7
v -0.6 3.3 0.3
v -0.6 3.3 0.2
v -0.6 3.4 0.7
v -0.6 3.4 0.4
v -0.6 3.5 0.7
v -0.6 3.5 0.5
v -0.6 3.7 0.5
v -0.6 3.7 0.4
v -0.6 3.8 0.4
v -0.6 3.8 0.3
v -0.6 3.8 0.2
v -0.6 4.1 0.3
v -0.6 4.1 0.2
v -0.6 4.2 0.5
v -0.6 4.2 0.4
v -0.6 4.3 0.5
v -0.6 4.3 0.4
v -0.5 0.6 0.8
v -0.5 0.6 0.7
v -0.5 0.6 0.3
v -0.5 0.6 0.2
v -0.5 0.7 0.8
v -0.5 0.7 0.7
v -0.5 0.7 0.3
v -0.5 0.7 0.2
v -0.5 0.7 -0.4
v -0.5 0.7 -0.6
v -0.5 0.8 -0.3
v -0.5 0.8 -0.4
v -0.5 0.8 -0.6
v -0.5 0.8 -0.7
v -0.5 0.9 -0.2
v -0.5 0.9 -0.3
v -0.5 1 -0.1
v -0.5 1 -0.2
v -0.5 1 -0.7
v -0.5 1 -0.8
v -0.5 1.1 -0.1
v -0.5 1.1 -0.2
v -0.5 1.2 -0.2
v -0.5 1.2 -0.3
v -0.5 1.3 0.1
v -0.5 1.3 0
v -0.5 1.3 -0.3
v -0.5 1.3 -0.4
v -0.5 1.3 -0.6
v -0.5 1.3 -0.8
v -0.5 1.4 -0.4
v -0.5 1.4 -0.6
v -0.5 1.5 0.1
v -0.5 1.5 0
v -0.5 2 0.1
v -0.5 2 0
v -0.5 2.1 1
v -0.5 2.1 0.9
v -0.5 2.1 0.1
v -0.5 2.1 0
v -0.5 2.2 1
v -0.5 2.2 0.9
v -0.5 2.2 0.8
v -0.5 2.2 0.2
v -0.5 2.2 0.1
v -0.5 2.2 0
v -0.5 2.2 -0.2
v -0.5 2.3 0.9
v -0.5 2.3 0.8
v -0.5 2.3 0.7
v -0.5 2.3 0.3
v -0.5 2.3 0.2
v -0.5 2.3 0.1
v -0.5 2.3 0
v -0.5 2.3 -0.1
v -0.5 2.3 -0.2
v -0.5 2.3 -0.3
v -0.5 2.4 0.8
v -0.5 2.4 0.7
v -0.5 2.4 0.6
v -0.5 2.4 0.4
v -0.5 2.4 0.3
v -0.5 2.4 0.2
v -0.5 2.4 -0.1
v -0.5 2.4 -0.2
v -0.5 2.4 -0.3
v -0.5 2.5 0.7
v -0.5 2.5 0.6
v -0.5 2.5 0.4
v -0.5 2.5 0.3
v -0.5 2.5 -0.1
v -0.5 2.5 -0.2
v -0.5 2.6 0.8
v -0.5 2.6 0.7
v -0.5 2.6 0.6
v -0.5 2.6 0
v -0.5 2.6 -0.1
v -0.5 2.7 0.9
v -0.5 2.7 0.8
v -0.5 2.7 0.7
v -0.5 2.7 0.2
v -0.5 2.7 0.1
v -0.5 2.7 0
v -0.5 2.7 -0.1
v -0.5 2.8 1
v -0.5 2.8 0.9
v -0.5 2.8 0.8
v -0.5 2.8 0.2
v -0.5 2.8 0.1
v -0.5 2.8 0
v -0.5 2.9 1.1
v -0.5 2.9 1
v -0.5 2.9 0.9
v -0.5 3.1 1.1
v -0.5 3.1 1
v -0.5 3.1 0.9
v -0.5 3.2 1
v -0.5 3.2 0.9
v -0.5 3.2 0.8
v -0.5 3.2 0.2
v -0.5 3.2 0.1
v -0.5 3.2 0
v -0.5 3.3 0.9
v -0.5 3.3 0.8
v -0.5 3.3 0.7
v -0.5 3.3 0.3
v -0.5 3.3 0.2
v -0.5 3.3 0.1
v -0.5 3.5 0.7
v -0.5 3.5 0.5
v -0.5 3.6 0.8
v -0.5 3.6 0.7
v -0.5 3.7 0.7
v -0.5 3.7 0.5
v -0.5 3.8 0.3
v -0.5 3.8 0.2
v -0.5 4.1 0.5
v -0.5 4.1 0.4
v -0.5 4.2 0.5
v -0.5 4.2 0.4
v -0.4 0.6 -0.4
v -0.4 0.6 -0.6
v -0.4 0.7 0.9
v -0.4 0.7 0.8
v -0.4 0.7 0.2
v -0.4 0.7 0.1
v -0.4 0.7 -0.2
v -0.4 0.7 -0.4
v -0.4 0.7 -0.6
v -0.4 0.7 -0.7
v -0.4 0.8 0.9
v -0.4 0.8 0.8
v -0.4 0.8 0.2
v -0.4 0.8 0.1
v -0.4 0.8 0
v -0.4 0.8 -0.2
v -0.4 0.8 -0.3
v -0.4 0.8 -0.4
v -0.4 0.8 -0.6
v -0.4 0.8 -0.7
v -0.4 0.8 -0.8
v -0.4 0.9 0.1
v -0.4 0.9 0
v -0.4 0.9 -0.2
v -0.4 0.9 -0.3
v -0.4 1 -0.1
v -0.4 1 -0.2
v -0.4 1 -0.7
v -0.4 1 -0.8
v -0.4 1 -0.9
v -0.4 1.1 -0.1
v -0.4 1.1 -0.2
v -0.4 1.2 1
v -0.4 1.2 0.9
v -0.4 1.2 0
v -0.4 1.2 -0.2
v -0.4 1.2 -0.3
v -0.4 1.3 0.1
v -0.4 1.3 0
v -0.4 1.3 -0.2
v -0.4 1.3 -0.3
v -0.4 1.3 -0.4
v -0.4 1.3 -0.6
v -0.4 1.3 -0.8
v -0.4 1.3 -0.9
v -0.4 1.4 -0.3
v -0.4 1.4 -0.4
v -0.4 1.4 -0.6
v -0.4 1.4 -0.7
v -0.4 1.4 -0.8
v -0.4 1.5 1
v -0.4 1.5 0.9
v -0.4 1.5 -0.4
v -0.4 1.5 -0.7
v -0.4 2.1 0.1
v -0.4 2.1 0
v -0.4 2.1 -0.2
v -0.4 2.2 0.1
v -0.4 2.2 0
v -0.4 2.2 -0.2
v -0.4 2.2 -0.3
v -0.4 2.3 -0.2
v -0.4 2.3 -0.3
v -0.4 2.4 1
v -0.4 2.4 0.8
v -0.4 2.4 0.7
v -0.4 2.4 0.3
v -0.4 2.4 0.2
v -0.4 2.4 0
v -0.4 2.4 -0.1
v -0.4 2.4 -0.2
v -0.4 2.4 -0.3
v -0.4 2.5 1
v -0.4 2.5 0.8
v -0.4 2.5 0.7
v -0.4 2.5 0.4
v -0.4 2.5 0.3
v -0.4 2.5 0.2
v -0.4 2.5 0
v -0.4 2.5 -0.1
v -0.4 2.5 -0.2
v -0.4 2.5 -0.3
v -0.4 2.6 0.8
v -0.4 2.6 0.7
v -0.4 2.6 0.4
v -0.4 2.6 0.2
v -0.4 2.6 0.1
v -0.4 2.6 0
v -0.4 2.6 -0.1
v -0.4 2.7 0.2
v -0.4 2.7 0.1
v -0.4 2.7 0
v -0.4 2.8 0.1
v -0.4 2.8 0
v -0.4 3 1.3
v -0.4 3 1.1
v -0.4 3.1 1.1
v -0.4 3.1 1
v -0.4 3.2 1.3
v -0.4 3.2 1
v -0.4 3.2 0.9
v -0.4 3.2 0.1
v -0.4 3.2 0
v -0.4 3.3 1
v -0.4 3.3 0.9
v -0.4 3.3 0.8
v -0.4 3.3 0.2
v -0.4 3.3 0.1
v -0.4 3.3 0
v -0.4 3.4 0.9
v -0.4 3.4 0.8
v -0.4 3.4 0.2
v -0.4 3.4 0.1
v -0.4 3.6 0.8
v -0.4 3.6 0.7
v -0.4 3.7 0.8
v -0.4 3.7 0.7
v -0.4 3.7 0.4
v -0.4 3.8 0.7
v -0.4 3.8 0.4
v -0.4 4 0.5
v -0.4 4 0.4
v -0.4 4.1 0.5
v -0.4 4.1 0.4
v -0.3 0.6 0.9
v -0.3 0.6 0.8
v -0.3 0.6 0.2
v -0.3 0.6 0.1
v -0.3 0.6 -0.2
v -0.3 0.6 -0.4
v -0.3 0.6 -0.6
v -0.3 0.6 -0.7
v -0.3 0.7 0.9
v -0.3 0.7 0.8
v -0.3 0.7 0.2
v -0.3 0.7 0.1
v -0.3 0.7 0
v -0.3 0.7 -0.2
v -0.3 0.7 -0.4
v -0.3 0.7 -0.6
v -0.3 0.7 -0.7
v -0.3 0.7 -0.8
v -0.3 0.8 0.1
v -0.3 0.8 0
v -0.3 0.8 -0.2
v -0.3 0.8 -0.7
v -0.3 0.8 -0.8
v -0.3 0.9 0.1
v -0.3 0.9 0
v -0.3 0.9 -0.8
v -0.3 0.9 -0.9
v -0.3 1 1
v -0.3 1 0.9
v -0.3 1 -0.8
v -0.3 1 -0.9
v -0.3 1.1 -0.9
v -0.3 1.1 -1
v -0.3 1.2 1
v -0.3 1.2 0.9
v -0.3 1.2 0
v -0.3 1.2 -0.2
v -0.3 1.3 0
v -0.3 1.3 -0.2
v -0.3 1.3 -0.3
v -0.3 1.3 -0.8
v -0.3 1.3 -0.9
v -0.3 1.3 -1
v -0.3 1.4 -0.2
v -0.3 1.4 -0.3
v -0.3 1.4 -0.4
v -0.3 1.4 -0.7
v -0.3 1.4 -0.8
v -0.3 1.5 1
v -0.3 1.5 0.9
v -0.3 1.5 -0.3
v -0.3 1.5 -0.4
v -0.3 1.5 -0.7
v -0.3 1.5 -0.8
v -0.3 1.5 -0.9
v -0.3 1.6 -0.4
v -0.3 1.6 -0.6
v -0.3 1.6 -0.7
v -0.3 1.6 -0.8
v -0.3 1.7 1
v -0.3 1.7 0.9
v -0.3 1.7 -0.6
v -0.3 1.7 -0.7
v -0.3 1.7 -0.8
v -0.3 2 0
v -0.3 2 -0.2
v -0.3 2.1 0
v -0.3 2.1 -0.2
v -0.3 2.1 -0.3
v -0.3 2.2 -0.2
v -0.3 2.2 -0.3
v -0.3 2.3 1
v -0.3 2.3 0.9
v -0.3 2.3 0.8
v -0.3 2.3 0.2
v -0.3 2.3 0.1
v -0.3 2.4 1
v -0.3 2.4 0.8
v -0.3 2.5 0.2
v -0.3 2.5 0.1
v -0.3 2.6 0.2
v -0.3 2.6 0.1
v -0.3 2.6 0
v -0.3 2.7 0.1
v -0.3 2.7 0
v -0.3 2.8 1.1
v -0.3 2.8 1
v -0.3 2.9 1.3
v -0.3 2.9 1.1
v -0.3 2.9 1
v -0.3 3 1.4
v -0.3 3 1.3
v -0.3 3 1.1
v -0.3 3.2 1.4
v -0.3 3.2 1.3
v -0.3 3.2 1.2
v -0.3 3.2 1
v -0.3 3.3 1.2
v -0.3 3.3 1
v -0.3 3.3 0.9
v -0.3 3.3 0.1
v -0.3 3.3 0
v -0.3 3.4 1
v -0.3 3.4 0.9
v -0.3 3.4 0.2
v -0.3 3.4 0.1
v -0.3 3.4 0
v -0.3 3.6 0.2
v -0.3 3.6 0.1
v -0.3 3.9 0.5
v -0.3 3.9 0.4
v -0.3 4 0.5
v -0.3 4 0.4
v -0.2 0.6 0
v -0.2 0.6 -0.2
v -0.2 0.7 0.1
v -0.2 0.7 0
v -0.2 0.7 -0.2
v -0.2 0.8 0.1
v -0.2 0.8 0
v -0.2 0.8 -0.8
v -0.2 0.8 -0.9
v -0.2 0.9 1
v -0.2 0.9 0.9
v -0.2 0.9 -0.8
v -0.2 0.9 -0.9
v -0.2 1 1
v -0.2 1 0.9
v -0.2 1 -0.9
v -0.2 1 -1
v -0.2 1.1 -0.9
v -0.2 1.1 -1
v -0.2 1.1 -1.1
v -0.2 1.3 0
v -0.2 1.3 -0.2
v -0.2 1.3 -0.9
v -0.2 1.3 -1
v -0.2 1.3 -1.1
v -0.2 1.4 0
v -0.2 1.4 -0.2
v -0.2 1.4 -0.3
v -0.2 1.4 -0.9
v -0.2 1.4 -1
v -0.2 1.5 -0.2
v -0.2 1.5 -0.3
v -0.2 1.5 -0.4
v -0.2 1.5 -0.8
v -0.2 1.5 -0.9
v -0.2 1.5 -1
v -0.2 1.5 -1.3
v -0.2 1.5 -1.4
v -0.2 1.6 -0.3
v -0.2 1.6 -0.4
v -0.2 1.6 -0.6
v -0.2 1.6 -0.8
v -0.2 1.6 -1
v -0.2 1.6 -1.3
v -0.2 1.6 -1.4
v -0.2 1.7 1
v -0.2 1.7 0.9
v -0.2 1.7 -0.4
v -0.2 1.7 -0.6
v -0.2 1.7 -0.7
v -0.2 1.7 -0.8
v -0.2 1.7 -1.2
v -0.2 1.7 -1.3
v -0.2 1.8 1
v -0.2 1.8 0.9
v -0.2 1.8 -0.6
v -0.2 1.8 -0.8
v -0.2 1.8 -1.1
v -0.2 1.8 -1.2
v -0.2 1.9 0
v -0.2 1.9 -0.2
v -0.2 1.9 -0.8
v -0.2 1.9 -1.1
v -0.2 2 0
v -0.2 2 -0.2
v -0.2 2 -0.3
v -0.2 2.1 -0.2
v -0.2 2.1 -0.3
v -0.2 2.2 1
v -0.2 2.2 0.9
v -0.2 2.2 0.1
v -0.2 2.2 0
v -0.2 2.3 1
v -0.2 2.3 0.9
v -0.2 2.5 0.1
v -0.2 2.5 0
v -0.2 2.6 0.9
v -0.2 2.6 0.8
v -0.2 2.7 1.1
v -0.2 2.7 0.9
v -0.2 2.7 0.8
v -0.2 2.8 1.3
v -0.2 2.8 1.1
v -0.2 2.8 0.9
v -0.2 2.9 1.4
v -0.2 2.9 1.3
v -0.2 2.9 1.1
v -0.2 3 1.5
v -0.2 3 1.4
v -0.2 3 1.3
v -0.2 3.1 1.5
v -0.2 3.1 1.4
v -0.2 3.2 1.5
v -0.2 3.2 1.4
v -0.2 3.2 1.2
v -0.2 3.3 1.4
v -0.2 3.3 1.2
v -0.2 3.3 1
v -0.2 3.4 1.2
v -0.2 3.4 1
v -0.2 3.4 0.9
v -0.2 3.4 0.8
v -0.2 3.4 0.1
v -0.2 3.4 0
v -0.2 3.5 0.9
v -0.2 3.5 0.8
v -0.2 3.5 0.1
v -0.2 3.5 0
v -0.2 3.6 0.2
v -0.2 3.6 0.1
v -0.2 3.7 0.8
v -0.2 3.7 0.7
v -0.2 3.7 0.2
v -0.2 3.7 0.1
v -0.2 3.8 0.8
v -0.2 3.8 0.7
v -0.2 3.8 0.5
v -0.2 3.8 0.4
v -0.2 3.9 0.5
v -0.2 3.9 0.4
v -0.0999999 0.8 1
v -0.0999999 0.8 0.9
v -0.0999999 0.9 1
v -0.0999999 0.9 0.9
v -0.0999999 1.3 -1
v -0.0999999 1.3 -1.1
v -0.0999999 1.3 -1.4
v -0.0999999 1.3 -1.5
v -0.0999999 1.4 -0.9
v -0.0999999 1.4 -1
v -0.0999999 1.4 -1.3
v -0.0999999 1.4 -1.4
v -0.0999999 1.4 -1.5
v -0.0999999 1.4 -1.6
v -0.0999999 1.5 -0.9
v -0.0999999 1.5 -1
v -0.0999999 1.5 -1.1
v -0.0999999 1.5 -1.3
v -0.0999999 1.5 -1.4
v -0.0999999 1.5 -1.5
v -0.0999999 1.5 -1.6
v -0.0999999 1.6 -1
v -0.0999999 1.6 -1.3
v -0.0999999 1.6 -1.4
v -0.0999999 1.6 -1.5
v -0.0999999 1.7 -1.2
v -0.0999999 1.7 -1.3
v -0.0999999 1.7 -1.4
v -0.0999999 1.8 1
v -0.0999999 1.8 0.9
v -0.0999999 1.8 0
v -0.0999999 1.8 -0.2
v -0.0999999 1.8 -0.7
v -0.0999999 1.8 -0.8
v -0.0999999 1.8 -1.1
v -0.0999999 1.8 -1.2
v -0.0999999 1.8 -1.3
v -0.0999999 1.9 1
v -0.0999999 1.9 0.9
v -0.0999999 1.9 0
v -0.0999999 1.9 -0.2
v -0.0999999 1.9 -0.3
v -0.0999999 1.9 -0.7
v -0.0999999 1.9 -0.8
v -0.0999999 1.9 -1.1
v -0.0999999 1.9 -1.2
v -0.0999999 2 -0.2
v -0.0999999 2 -0.3
v -0.0999999 2 -0.8
v -0.0999999 2 -1.1
v -0.0999999 2.5 0.9
v -0.0999999 2.5 0.8
v -0.0999999 2.5 0.1
v -0.0999999 2.5 0
v -0.0999999 2.6 1
v -0.0999999 2.6 0.9
v -0.0999999 2.6 0.8
v -0.0999999 2.6 0.1
v -0.0999999 2.6 0
v -0.0999999 2.7 1.2
v -0.0999999 2.7 1.1
v -0.0999999 2.7 1
v -0.0999999 2.7 0.9
v -0.0999999 2.8 1.4
v -0.0999999 2.8 1.3
v -0.0999999 2.8 1.2
v -0.0999999 2.8 1.1
v -0.0999999 2.9 1.5
v -0.0999999 2.9 1.4
v -0.0999999 2.9 1.3
v -0.0999999 3 1.5
v -0.0999999 3 1.4
v -0.0999999 3.4 1
v -0.0999999 3.4 0.9
v -0.0999999 3.5 1
v -0.0999999 3.5 0.9
v -0.0999999 3.5 0.8
v -0.0999999 3.6 0.9
v -0.0999999 3.6 0.8
v 1.19209e-07 1.7 0
v 1.19209e-07 1.7 -0.2
v 1.19209e-07 1.8 0
v 1.19209e-07 1.8 -0.2
v 1.19209e-07 1.8 -0.3
v 1.19209e-07 1.9 -0.2
v 1.19209e-07 1.9 -0.3
v 0.1 0 0.9
v 0.1 0 0.3
v 0.1 0.1 0.9
v 0.1 0.1 0.8
v 0.1 0.2 0.8
v 0.1 0.2 0.3
v 0.1 1.3 0.1
v 0.1 1.3 0
v 0.1 1.4 0.1
v 0.1 1.4 0
v 0.1 1.6 0
v 0.1 1.6 -0.2
v 0.1 1.7 0
v 0.1 1.7 -0.2
v 0.1 1.7 -0.3
v 0.1 1.8 -0.2
v 0.1 1.8 -0.3
v 0.1 2.2 1
v 0.1 2.2 0.9
v 0.1 2.3 1
v 0.1 2.3 0.9
v 0.1 3.8 0.5
v 0.1 3.8 0.4
v 0.1 3.9 0.5
v 0.1 3.9 0.4
v 0.2 0 1
v 0.2 0 0.9
v 0.2 0.1 1
v 0.2 0.1 0.9
v 0.2 0.1 0.8
v 0.2 0.2 0.9
v 0.2 0.2 0.8
v 0.2 0.2 0.3
v 0.2 0.3 0.8
v 0.2 0.3 0.3
v 0.2 1.5 0
v 0.2 1.5 -0.2
v 0.2 1.6 0
v 0.2 1.6 -0.2
v 0.2 1.6 -0.3
v 0.2 1.7 -0.2
v 0.2 1.7 -0.3
v 0.2 1.9 1
v 0.2 1.9 0.9
v 0.2 2 1
v 0.2 2 0.9
v 0.2 2.3 1
v 0.2 2.3 0.8
v 0.2 2.4 1
v 0.2 2.4 0.8
v 0.2 3.8 0.4
v 0.2 3.8 0.3
v 0.2 3.9 0.5
v 0.2 3.9 0.4
v 0.2 3.9 0.3
v 0.2 4 0.5
v 0.2 4 0.4
v 0.3 1.4 0
v 0.3 1.4 -0.2
v 0.3 1.5 0
v 0.3 1.5 -0.2
v 0.3 1.5 -0.3
v 0.3 1.6 -0.2
v 0.3 1.6 -0.3
v 0.3 1.8 1
v 0.3 1.8 0.9
v 0.3 1.9 1
v 0.3 1.9 0.9
v 0.3 2.4 1
v 0.3 2.4 0.8
v 0.3 2.5 1
v 0.3 2.5 0.8
v 0.3 3.8 0.3
v 0.3 3.8 0.2
v 0.3 3.9 0.4
v 0.3 3.9 0.3
v 0.3 3.9 0.2
v 0.3 4 0.5
v 0.3 4 0.4
v 0.3 4 0.3
v 0.3 4.1 0.5
v 0.3 4.1 0.4
v 0.4 1.7 1
v 0.4 1.7 0.9
v 0.4 1.8 1
v 0.4 1.8 0.9
v 0.4 3.9 0.3
v 0.4 3.9 0.2
v 0.4 4 0.4
v 0.4 4 0.3
v 0.4 4 0.2
v 0.4 4.1 0.5
v 0.4 4.1 0.4
v 0.4 4.1 0.3
v 0.4 4.2 0.5
v 0.4 4.2 0.4
v 0.5 1.4 1
v 0.5 1.4 0.9
v 0.5 1.7 1
v 0.5 1.7 0.9
v 0.5 3.7 0.5
v 0.5 3.7 0.4
v 0.5 3.8 0.5
v 0.5 3.8 0.4
v 0.5 4 0.3
v 0.5 4 0.2
v 0.5 4.1 0.4
v 0.5 4.1 0.3
v 0.5 4.1 0.2
v 0.5 4.2 0.5
v 0.5 4.2 0.4
v 0.5 4.2 0.3
v 0.5 4.3 0.5
v 0.5 4.3 0.4
v 0.6 3.8 0.5
v 0.6 3.8 0.4
v 0.6 3.9 0.5
v 0.6 3.9 0.4
v 0.6 4.2 0.4
v 0.6 4.2 0.3
v 0.6 4.3 0.5
v 0.6 4.3 0.4
v 0.6 4.3 0.3
v 0.6 4.4 0.5
v 0.6 4.4 0.4
v 0.7 3.9 0.5
v 0.7 3.9 0.4
v 0.7 4.1 0.5
v 0.7 4.1 0.4
v 0.7 4.2 0.4
v 0.7 4.3 0.5
v 0.7 4.3 0.4
v 0.7 4.4 0.5
v 0.7 4.4 0.4
v 0.7 4.5 0.5
v 0.7 4.5 0.4
v 0.9 1.1 0.6
v 0.9 1.1 0.4
v 0.9 1.2 0.7
v 0.9 1.2 0.6
v 0.9 1.2 0.4
v 0.9 1.2 0.3
v 0.9 1.3 0.7
v 0.9 1.3 0.6
v 0.9 1.3 0.4
v 0.9 1.3 0.3
v 0.9 1.4 0.7
v 0.9 1.4 0.6
v 0.9 1.4 0.4
v 0.9 1.4 0.3
v 0.9 1.5 0.7
v 0.9 1.5 0.6
v 0.9 1.5 0.4
v 0.9 1.5 0.3
v 0.9 1.6 0.6
v 0.9 1.6 0.4
v 0.9 1.7 0.7
v 0.9 1.7 0.3
v 0.9 1.8 0.7
v 0.9 1.8 0.6
v 0.9 1.8 0.4
v 0.9 1.8 0.3
v -0.9 1.1 0.6
v -0.9 1.1 0.4
v -0.9 1.2 0.7
v -0.9 1.2 0.6
v -0.9 1.2 0.4
v -0.9 1.2 0.3
v -0.9 1.3 0.7
v -0.9 1.3 0.6
v -0.9 1.3 0.4
v -0.9 1.3 0.3
v -0.9 1.4 0.7
v -0.9 1.4 0.6
v -0.9 1.4 0.4
v -0.9 1.4 0.3
v -0.9 1.5 0.7
v -0.9 1.5 0.6
v -0.9 1.5 0.4
v -0.9 1.5 0.3
v -0.9 1.6 0.6
v -0.9 1.6 0.4
v -0.9 1.7 0.7
v -0.9 1.7 0.3
v -0.9 1.8 0.7
v -0.9 1.8 0.6
v -0.9 1.8 0.4
v -0.9 1.8 0.3
v -0.7 2.5 0
v -0.7 2.5 -0.1
v -0.7 2.6 0
v -0.7 2.6 -0.1
v -0.7 3.9 0.5
v -0.7 3.9 0.4
v -0.7 4.1 0.5
v -0.7 4.1 0.4
v -0.7 4.2 0.4
v -0.7 4.3 0.5
v -0.7 4.3 0.4
v -0.7 4.4 0.5
v -0.7 4.4 0.4
v -0.7 4.5 0.5
v -0.7 4.5 0.4
v -0.6 2.4 0
v -0.6 2.4 -0.1
v -0.6 2.5 0
v -0.6 2.5 -0.1
v -0.6 2.6 -0.1
v -0.6 2.6 -0.2
v -0.6 2.7 -0.1
v -0.6 2.7 -0.2
v -0.6 3.8 0.5
v -0.6 3.8 0.4
v -0.6 3.9 0.5
v -0.6 3.9 0.4
v -0.6 4.2 0.4
v -0.6 4.2 0.3
v -0.6 4.3 0.5
v -0.6 4.3 0.4
v -0.6 4.3 0.3
v -0.6 4.4 0.5
v -0.6 4.4 0.4
v -0.5 1.4 1
v -0.5 1.4 0.9
v -0.5 1.7 1
v -0.5 1.7 0.9
v -0.5 2.5 -0.1
v -0.5 2.5 -0.2
v -0.5 2.6 -0.1
v -0.5 2.6 -0.2
v -0.5 2.7 0
v -0.5 2.7 -0.1
v -0.5 2.8 0
v -0.5 2.8 -0.1
v -0.5 3.7 0.5
v -0.5 3.7 0.4
v -0.5 3.8 0.5
v -0.5 3.8 0.4
v -0.5 4 0.3
v -0.5 4 0.2
v -0.5 4.1 0.4
v -0.5 4.1 0.3
v -0.5 4.1 0.2
v -0.5 4.2 0.5
v -0.5 4.2 0.4
v -0.5 4.2 0.3
v -0.5 4.3 0.5
v -0.5 4.3 0.4
v -0.4 1.7 1
v -0.4 1.7 0.9
v -0.4 1.8 1
v -0.4 1.8 0.9
v -0.4 2.6 0
v -0.4 2.6 -0.1
v -0.4 2.7 0
v -0.4 2.7 -0.1
v -0.4 3.9 0.3
v -0.4 3.9 0.2
v -0.4 4 0.4
v -0.4 4 0.3
v -0.4 4 0.2
v -0.4 4.1 0.5
v -0.4 4.1 0.4
v -0.4 4.1 0.3
v -0.4 4.2 0.5
v -0.4 4.2 0.4
v -0.3 1.8 1
v -0.3 1.8 0.9
v -0.3 1.9 1
v -0.3 1.9 0.9
v -0.3 2.4 1
v -0.3 2.4 0.8
v -0.3 2.4 -0.2
v -0.3 2.4 -0.3
v -0.3 2.5 1
v -0.3 2.5 0.8
v -0.3 2.5 0
v -0.3 2.5 -0.1
v -0.3 2.5 -0.2
v -0.3 2.5 -0.3
v -0.3 2.6 0
v -0.3 2.6 -0.1
v -0.3 3.8 0.3
v -0.3 3.8 0.2
v -0.3 3.9 0.4
v -0.3 3.9 0.3
v -0.3 3.9 0.2
v -0.3 4 0.5
v -0.3 4 0.4
v -0.3 4 0.3
v -0.3 4.1 0.5
v -0.3 4.1 0.4
v -0.2 0 1
v -0.2 0 0.9
v -0.2 0.1 1
v -0.2 0.1 0.9
v -0.2 0.1 0.8
v -0.2 0.2 0.9
v -0.2 0.2 0.8
v -0.2 0.2 0.3
v -0.2 0.3 0.8
v -0.2 0.3 0.3
v -0.2 1.9 1
v -0.2 1.9 0.9
v -0.2 2 1
v -0.2 2 0.9
v -0.2 2.3 1
v -0.2 2.3 0.8
v -0.2 2.3 -0.2
v -0.2 2.3 -0.3
v -0.2 2.4 1
v -0.2 2.4 0.8
v -0.2 2.4 0
v -0.2 2.4 -0.2
v -0.2 2.4 -0.3
v -0.2 2.5 0
v -0.2 2.5 -0.2
v -0.2 3.8 0.4
v -0.2 3.8 0.3
v -0.2 3.9 0.5
v -0.2 3.9 0.4
v -0.2 3.9 0.3
v -0.2 4 0.5
v -0.2 4 0.4
v -0.0999999 0 0.9
v -0.0999999 0 0.3
v -0.0999999 0.1 0.9
v -0.0999999 0.1 0.8
v -0.0999999 0.2 0.8
v -0.0999999 0.2 0.3
v -0.0999999 1.3 0.1
v -0.0999999 1.3 0
v -0.0999999 1.4 0.1
v -0.0999999 1.4 0
v -0.0999999 2.2 1
v -0.0999999 2.2 0.9
v -0.0999999 2.2 -0.2
v -0.0999999 2.2 -0.3
v -0.0999999 2.3 1
v -0.0999999 2.3 0.9
v -0.0999999 2.3 0
v -0.0999999 2.3 -0.2
v -0.0999999 2.3 -0.3
v -0.0999999 2.4 0
v -0.0999999 2.4 -0.2
v -0.0999999 3.8 0.5
v -0.0999999 3.8 0.4
v -0.0999999 3.9 0.5
v -0.0999999 3.9 0.4
v 1.19209e-07 2.1 -0.2
v 1.19209e-07 2.1 -0.3
v 1.19209e-07 2.2 0
v 1.19209e-07 2.2 -0.2
v 1.19209e-07 2.2 -0.3
v 1.19209e-07 2.3 0
v 1.19209e-07 2.3 -0.2
v 0.1 0.8 1
v 0.1 0.8 0.9
v 0.1 0.9 1
v 0.1 0.9 0.9
v 0.1 1.3 -1
v 0.1 1.3 -1.1
v 0.1 1.3 -1.4
v 0.1 1.3 -1.5
v 0.1 1.4 -0.9
v 0.1 1.4 -1
v 0.1 1.4 -1.3
v 0.1 1.4 -1.4
v 0.1 1.4 -1.5
v 0.1 1.4 -1.6
v 0.1 1.5 -0.9
v 0.1 1.5 -1
v 0.1 1.5 -1.1
v 0.1 1.5 -1.3
v 0.1 1.5 -1.4
v 0.1 1.5 -1.5
v 0.1 1.5 -1.6
v 0.1 1.6 -1
v 0.1 1.6 -1.3
v 0.1 1.6 -1.4
v 0.1 1.6 -1.5
v 0.1 1.7 -1.2
v 0.1 1.7 -1.3
v 0.1 1.7 -1.4
v 0.1 1.8 1
v 0.1 1.8 0.9
v 0.1 1.8 -0.7
v 0.1 1.8 -0.8
v 0.1 1.8 -1.1
v 0.1 1.8 -1.2
v 0.1 1.8 -1.3
v 0.1 1.9 1
v 0.1 1.9 0.9
v 0.1 1.9 -0.7
v 0.1 1.9 -0.8
v 0.1 1.9 -1.1
v 0.1 1.9 -1.2
v 0.1 2 -0.2
v 0.1 2 -0.3
v 0.1 2 -0.8
v 0.1 2 -1.1
v 0.1 2.1 0
v 0.1 2.1 -0.2
v 0.1 2.1 -0.3
v 0.1 2.2 0
v 0.1 2.2 -0.2
v 0.1 2.5 0.9
v 0.1 2.5 0.8
v 0.1 2.5 0.1
v 0.1 2.5 0
v 0.1 2.6 1
v 0.1 2.6 0.9
v 0.1 2.6 0.8
v 0.1 2.6 0.1
v 0.1 2.6 0
v 0.1 2.7 1.2
v 0.1 2.7 1.1
v 0.1 2.7 1
v 0.1 2.7 0.9
v 0.1 2.8 1.4
v 0.1 2.8 1.3
v 0.1 2.8 1.2
v 0.1 2.8 1.1
v 0.1 2.9 1.5
v 0.1 2.9 1.4
v 0.1 2.9 1.3
v 0.1 3 1.5
v 0.1 3 1.4
v 0.1 3.4 1
v 0.1 3.4 0.9
v 0.1 3.5 1
v 0.1 3.5 0.9
v 0.1 3.5 0.8
v 0.1 3.6 0.9
v 0.1 3.6 0.8
v 0.2 0.6 0
v 0.2 0.6 -0.2
v 0.2 0.7 0.1
v 0.2 0.7 0
v 0.2 0.7 -0.2
v 0.2 0.8 0.1
v 0.2 0.8 0
v 0.2 0.8 -0.8
v 0.2 0.8 -0.9
v 0.2 0.9 1
v 0.2 0.9 0.9
v 0.2 0.9 -0.8
v 0.2 0.9 -0.9
v 0.2 1 1
v 0.2 1 0.9
v 0.2 1 -0.9
v 0.2 1 -1
v 0.2 1.1 -0.9
v 0.2 1.1 -1
v 0.2 1.1 -1.1
v 0.2 1.3 0
v 0.2 1.3 -0.2
v 0.2 1.3 -0.9
v 0.2 1.3 -1
v 0.2 1.3 -1.1
v 0.2 1.4 0
v 0.2 1.4 -0.2
v 0.2 1.4 -0.3
v 0.2 1.4 -0.9
v 0.2 1.4 -1
v 0.2 1.5 -0.2
v 0.2 1.5 -0.3
v 0.2 1.5 -0.4
v 0.2 1.5 -0.8
v 0.2 1.5 -0.9
v 0.2 1.5 -1
v 0.2 1.5 -1.3
v 0.2 1.5 -1.4
v 0.2 1.6 -0.3
v 0.2 1.6 -0.4
v 0.2 1.6 -0.6
v 0.2 1.6 -0.8
v 0.2 1.6 -1
v 0.2 1.6 -1.3
v 0.2 1.6 -1.4
v 0.2 1.7 1
v 0.2 1.7 0.9
v 0.2 1.7 -0.4
v 0.2 1.7 -0.6
v 0.2 1.7 -0.7
v 0.2 1.7 -0.8
v 0.2 1.7 -1.2
v 0.2 1.7 -1.3
v 0.2 1.8 1
v 0.2 1.8 0.9
v 0.2 1.8 -0.6
v 0.2 1.8 -0.8
v 0.2 1.8 -1.1
v 0.2 1.8 -1.2
v 0.2 1.9 -0.2
v 0.2 1.9 -0.3
v 0.2 1.9 -0.8
v 0.2 1.9 -1.1
v 0.2 2 0
v 0.2 2 -0.2
v 0.2 2 -0.3
v 0.2 2.1 0
v 0.2 2.1 -0.2
v 0.2 2.2 1
v 0.2 2.2 0.9
v 0.2 2.2 0.1
v 0.2 2.2 0
v 0.2 2.3 1
v 0.2 2.3 0.9
v 0.2 2.5 0.1
v 0.2 2.5 0
v 0.2 2.6 0.9
v 0.2 2.6 0.8
v 0.2 2.7 1.1
v 0.2 2.7 0.9
v 0.2 2.7 0.8
v 0.2 2.8 1.3
v 0.2 2.8 1.1
v 0.2 2.8 0.9
v 0.2 2.9 1.4
v 0.2 2.9 1.3
v 0.2 2.9 1.1
v 0.2 3 1.5
v 0.2 3 1.4
v 0.2 3 1.3
v 0.2 3.1 1.5
v 0.2 3.1 1.4
v 0.2 3.2 1.5
v 0.2 3.2 1.4
v 0.2 3.2 1.2
v 0.2 3.3 1.4
v 0.2 3.3 1.2
v 0.2 3.3 1
v 0.2 3.4 1.2
v 0.2 3.4 1
v 0.2 3.4 0.9
v 0.2 3.4 0.8
v 0.2 3.4 0.1
v 0.2 3.4 0
v 0.2 3.5 0.9
v 0.2 3.5 0.8
v 0.2 3.5 0.1
v 0.2 3.5 0
v 0.2 3.6 0.2
v 0.2 3.6 0.1
v 0.2 3.7 0.8
v 0.2 3.7 0.7
v 0.2 3.7 0.2
v 0.2 3.7 0.1
v 0.2 3.8 0.8
v 0.2 3.8 0.7
v 0.2 3.8 0.5
v 0.2 3.8 0.4
v 0.2 3.9 0.5
v 0.2 3.9 0.4
v 0.3 0.6 0.9
v 0.3 0.6 0.8
v 0.3 0.6 0.2
v 0.3 0.6 0.1
v 0.3 0.6 -0.2
v 0.3 0.6 -0.4
v 0.3 0.6 -0.6
v 0.3 0.6 -0.7
v 0.3 0.7 0.9
v 0.3 0.7 0.8
v 0.3 0.7 0.2
v 0.3 0.7 0.1
v 0.3 0.7 0
v 0.3 0.7 -0.2
v 0.3 0.7 -0.4
v 0.3 0.7 -0.6
v 0.3 0.7 -0.7
v 0.3 0.7 -0.8
v 0.3 0.8 0.1
v 0.3 0.8 0
v 0.3 0.8 -0.2
v 0.3 0.8 -0.7
v 0.3 0.8 -0.8
v 0.3 0.9 0.1
v 0.3 0.9 0
v 0.3 0.9 -0.8
v 0.3 0.9 -0.9
v 0.3 1 1
v 0.3 1 0.9
v 0.3 1 -0.8
v 0.3 1 -0.9
v 0.3 1.1 -0.9
v 0.3 1.1 -1
v 0.3 1.2 1
v 0.3 1.2 0.9
v 0.3 1.2 0
v 0.3 1.2 -0.2
v 0.3 1.3 0
v 0.3 1.3 -0.2
v 0.3 1.3 -0.3
v 0.3 1.3 -0.8
v 0.3 1.3 -0.9
v 0.3 1.3 -1
v 0.3 1.4 -0.2
v 0.3 1.4 -0.3
v 0.3 1.4 -0.4
v 0.3 1.4 -0.7
v 0.3 1.4 -0.8
v 0.3 1.5 1
v 0.3 1.5 0.9
v 0.3 1.5 -0.3
v 0.3 1.5 -0.4
v 0.3 1.5 -0.7
v 0.3 1.5 -0.8
v 0.3 1.5 -0.9
v 0.3 1.6 -0.4
v 0.3 1.6 -0.6
v 0.3 1.6 -0.7
v 0.3 1.6 -0.8
v 0.3 1.7 1
v 0.3 1.7 0.9
v 0.3 1.7 -0.6
v 0.3 1.7 -0.7
v 0.3 1.7 -0.8
v 0.3 1.8 -0.2
v 0.3 1.8 -0.3
v 0.3 1.9 0
v 0.3 1.9 -0.2
v 0.3 1.9 -0.3
v 0.3 2 0
v 0.3 2 -0.2
v 0.3 2.3 1
v 0.3 2.3 0.9
v 0.3 2.3 0.8
v 0.3 2.3 0.2
v 0.3 2.3 0.1
v 0.3 2.4 1
v 0.3 2.4 0.8
v 0.3 2.5 0.2
v 0.3 2.5 0.1
v 0.3 2.6 0.2
v 0.3 2.6 0.1
v 0.3 2.6 0
v 0.3 2.7 0.1
v 0.3 2.7 0
v 0.3 2.8 1.1
v 0.3 2.8 1
v 0.3 2.9 1.3
v 0.3 2.9 1.1
v 0.3 2.9 1
v 0.3 3 1.4
v 0.3 3 1.3
v 0.3 3 1.1
v 0.3 3.2 1.4
v 0.3 3.2 1.3
v 0.3 3.2 1.2
v 0.3 3.2 1
v 0.3 3.3 1.2
v 0.3 3.3 1
v 0.3 3.3 0.9
v 0.3 3.3 0.1
v 0.3 3.3 0
v 0.3 3.4 1
v 0.3 3.4 0.9
v 0.3 3.4 0.2
v 0.3 3.4 0.1
v 0.3 3.4 0
v 0.3 3.6 0.2
v 0.3 3.6 0.1
v 0.3 3.9 0.5
v 0.3 3.9 0.4
v 0.3 4 0.5
v 0.3 4 0.4
v 0.4 0.6 -0.4
v 0.4 0.6 -0.6
v 0.4 0.7 0.9
v 0.4 0.7 0.8
v 0.4 0.7 0.2
v 0.4 0.7 0.1
v 0.4 0.7 -0.2
v 0.4 0.7 -0.4
v 0.4 0.7 -0.6
v 0.4 0.7 -0.7
v 0.4 0.8 0.9
v 0.4 0.8 0.8
v 0.4 0.8 0.2
v 0.4 0.8 0.1
v 0.4 0.8 0
v 0.4 0.8 -0.2
v 0.4 0.8 -0.3
v 0.4 0.8 -0.4
v 0.4 0.8 -0.6
v 0.4 0.8 -0.7
v 0.4 0.8 -0.8
v 0.4 0.9 0.1
v 0.4 0.9 0
v 0.4 0.9 -0.2
v 0.4 0.9 -0.3
v 0.4 1 -0.1
v 0.4 1 -0.2
v 0.4 1 -0.7
v 0.4 1 -0.8
v 0.4 1 -0.9
v 0.4 1.1 -0.1
v 0.4 1.1 -0.2
v 0.4 1.2 1
v 0.4 1.2 0.9
v 0.4 1.2 0
v 0.4 1.2 -0.2
v 0.4 1.2 -0.3
v 0.4 1.3 0.1
v 0.4 1.3 0
v 0.4 1.3 -0.2
v 0.4 1.3 -0.3
v 0.4 1.3 -0.4
v 0.4 1.3 -0.6
v 0.4 1.3 -0.8
v 0.4 1.3 -0.9
v 0.4 1.4 -0.3
v 0.4 1.4 -0.4
v 0.4 1.4 -0.6
v 0.4 1.4 -0.7
v 0.4 1.4 -0.8
v 0.4 1.5 1
v 0.4 1.5 0.9
v 0.4 1.5 -0.4
v 0.4 1.5 -0.7
v 0.4 1.7 -0.2
v 0.4 1.7 -0.3
v 0.4 1.8 0
v 0.4 1.8 -0.2
v 0.4 1.8 -0.3
v 0.4 1.9 0
v 0.4 1.9 -0.2
v 0.4 2.1 0.1
v 0.4 2.1 0
v 0.4 2.2 0.1
v 0.4 2.2 0
v 0.4 2.4 1
v 0.4 2.4 0.8
v 0.4 2.4 0.7
v 0.4 2.4 0.3
v 0.4 2.4 0.2
v 0.4 2.5 1
v 0.4 2.5 0.8
v 0.4 2.5 0.7
v 0.4 2.5 0.4
v 0.4 2.5 0.3
v 0.4 2.5 0.2
v 0.4 2.6 0.8
v 0.4 2.6 0.7
v 0.4 2.6 0.4
v 0.4 2.6 0.2
v 0.4 2.6 0.1
v 0.4 2.7 0.2
v 0.4 2.7 0.1
v 0.4 2.7 0
v 0.4 2.8 0.1
v 0.4 2.8 0
v 0.4 3 1.3
v 0.4 3 1.1
v 0.4 3.1 1.1
v 0.4 3.1 1
v 0.4 3.2 1.3
v 0.4 3.2 1
v 0.4 3.2 0.9
v 0.4 3.2 0.1
v 0.4 3.2 0
v 0.4 3.3 1
v 0.4 3.3 0.9
v 0.4 3.3 0.8
v 0.4 3.3 0.2
v 0.4 3.3 0.1
v 0.4 3.3 0
v 0.4 3.4 0.9
v 0.4 3.4 0.8
v 0.4 3.4 0.2
v 0.4 3.4 0.1
v 0.4 3.6 0.8
v 0.4 3.6 0.7
v 0.4 3.7 0.8
v 0.4 3.7 0.7
v 0.4 3.7 0.4
v 0.4 3.8 0.7
v 0.4 3.8 0.4
v 0.4 4 0.5
v 0.4 4 0.4
v 0.4 4.1 0.5
v 0.4 4.1 0.4
v 0.5 0.6 0.8
v 0.5 0.6 0.7
v 0.5 0.6 0.3
v 0.5 0.6 0.2
v 0.5 0.7 0.8
v 0.5 0.7 0.7
v 0.5 0.7 0.3
v 0.5 0.7 0.2
v 0.5 0.7 -0.4
v 0.5 0.7 -0.6
v 0.5 0.8 -0.3
v 0.5 0.8 -0.4
v 0.5 0.8 -0.6
v 0.5 0.8 -0.7
v 0.5 0.9 -0.2
v 0.5 0.9 -0.3
v 0.5 1 -0.1
v 0.5 1 -0.2
v 0.5 1 -0.7
v 0.5 1 -0.8
v 0.5 1.1 -0.1
v 0.5 1.1 -0.2
v 0.5 1.2 -0.2
v 0.5 1.2 -0.3
v 0.5 1.3 0.1
v 0.5 1.3 0
v 0.5 1.3 -0.3
v 0.5 1.3 -0.4
v 0.5 1.3 -0.6
v 0.5 1.3 -0.8
v 0.5 1.4 0
v 0.5 1.4 -0.4
v 0.5 1.4 -0.6
v 0.5 1.5 0.1
v 0.5 1.5 0
v 0.5 1.5 -0.2
v 0.5 1.5 -0.3
v 0.5 1.7 0
v 0.5 1.7 -0.2
v 0.5 1.7 -0.3
v 0.5 1.8 0
v 0.5 1.8 -0.2
v 0.5 2 0.1
v 0.5 2 0
v 0.5 2.1 1
v 0.5 2.1 0.9
v 0.5 2.1 0.1
v 0.5 2.1 0
v 0.5 2.2 1
v 0.5 2.2 0.9
v 0.5 2.2 0.8
v 0.5 2.2 0.2
v 0.5 2.2 0.1
v 0.5 2.3 0.9
v 0.5 2.3 0.8
v 0.5 2.3 0.7
v 0.5 2.3 0.3
v 0.5 2.3 0.2
v 0.5 2.3 0.1
v 0.5 2.4 0.8
v 0.5 2.4 0.7
v 0.5 2.4 0.6
v 0.5 2.4 0.4
v 0.5 2.4 0.3
v 0.5 2.4 0.2
v 0.5 2.5 0.7
v 0.5 2.5 0.6
v 0.5 2.5 0.4
v 0.5 2.5 0.3
v 0.5 2.6 0.8
v 0.5 2.6 0.7
v 0.5 2.6 0.6
v 0.5 2.7 0.9
v 0.5 2.7 0.8
v 0.5 2.7 0.7
v 0.5 2.7 0.2
v 0.5 2.7 0.1
v 0.5 2.8 1
v 0.5 2.8 0.9
v 0.5 2.8 0.8
v 0.5 2.8 0.2
v 0.5 2.8 0.1
v 0.5 2.8 0
v 0.5 2.9 1.1
v 0.5 2.9 1
v 0.5 2.9 0.9
v 0.5 3.1 1.1
v 0.5 3.1 1
v 0.5 3.1 0.9
v 0.5 3.2 1
v 0.5 3.2 0.9
v 0.5 3.2 0.8
v 0.5 3.2 0.2
v 0.5 3.2 0.1
v 0.5 3.2 0
v 0.5 3.3 0.9
v 0.5 3.3 0.8
v 0.5 3.3 0.7
v 0.5 3.3 0.3
v 0.5 3.3 0.2
v 0.5 3.3 0.1
v 0.5 3.5 0.7
v 0.5 3.5 0.5
v 0.5 3.6 0.8
v 0.5 3.6 0.7
v 0.5 3.7 0.7
v 0.5 3.7 0.5
v 0.5 3.8 0.3
v 0.5 3.8 0.2
v 0.5 4.1 0.5
v 0.5 4.1 0.4
v 0.5 4.2 0.5
v 0.5 4.2 0.4
v 0.6 0 1
v 0.6 0 0.9
v 0.6 0.1 1
v 0.6 0.1 0.9
v 0.6 0.1 0.8
v 0.6 0.2 0.9
v 0.6 0.2 0.8
v 0.6 0.2 0.3
v 0.6 0.3 0.8
v 0.6 0.3 0.3
v 0.6 0.6 0.7
v 0.6 0.6 0.3
v 0.6 0.7 0.8
v 0.6 0.7 0.7
v 0.6 0.7 0.3
v 0.6 0.7 0.2
v 0.6 0.8 0.9
v 0.6 0.8 0.8
v 0.6 0.8 0.7
v 0.6 0.8 0.3
v 0.6 0.8 0.2
v 0.6 0.8 0.1
v 0.6 1.4 1
v 0.6 1.4 0.9
v 0.6 1.4 0
v 0.6 1.4 -0.2
v 0.6 1.5 0.9
v 0.6 1.5 0.8
v 0.6 1.5 0.1
v 0.6 1.5 0
v 0.6 1.6 0.2
v 0.6 1.6 0.1
v 0.6 1.7 0
v 0.6 1.7 -0.2
v 0.6 2 0.1
v 0.6 2 0
v 0.6 2.1 1
v 0.6 2.1 0.9
v 0.6 2.1 0.8
v 0.6 2.1 0.2
v 0.6 2.1 0.1
v 0.6 2.2 0.9
v 0.6 2.2 0.8
v 0.6 2.2 0.7
v 0.6 2.2 0.3
v 0.6 2.2 0.2
v 0.6 2.2 0.1
v 0.6 2.3 0.8
v 0.6 2.3 0.7
v 0.6 2.3 0.6
v 0.6 2.3 0.4
v 0.6 2.3 0.3
v 0.6 2.3 0.2
v 0.6 2.4 0.7
v 0.6 2.4 0.6
v 0.6 2.4 0.4
v 0.6 2.4 0.3
v 0.6 2.5 0.6
v 0.6 2.5 0.4
v 0.6 2.6 0.7
v 0.6 2.6 0.6
v 0.6 2.6 0.4
v 0.6 2.6 0.2
v 0.6 2.7 0.7
v 0.6 2.7 0.6
v 0.6 2.7 0.4
v 0.6 2.7 0.2
v 0.6 2.8 0.9
v 0.6 2.8 0.8
v 0.6 2.8 0.2
v 0.6 2.8 0.1
v 0.6 2.9 1
v 0.6 2.9 0.9
v 0.6 2.9 0.8
v 0.6 3.1 1
v 0.6 3.1 0.9
v 0.6 3.1 0.8
v 0.6 3.2 0.9
v 0.6 3.2 0.8
v 0.6 3.2 0.7
v 0.6 3.2 0.4
v 0.6 3.2 0.2
v 0.6 3.2 0.1
v 0.6 3.3 0.8
v 0.6 3.3 0.7
v 0.6 3.3 0.3
v 0.6 3.3 0.2
v 0.6 3.4 0.7
v 0.6 3.4 0.4
v 0.6 3.5 0.7
v 0.6 3.5 0.5
v 0.6 3.7 0.5
v 0.6 3.7 0.4
v 0.6 3.8 0.4
v 0.6 3.8 0.3
v 0.6 3.8 0.2
v 0.6 4.1 0.3
v 0.6 4.1 0.2
v 0.6 4.2 0.5
v 0.6 4.2 0.4
v 0.6 4.3 0.5
v 0.6 4.3 0.4
v 0.7 0 0.9
v 0.7 0 0.3
v 0.7 0.1 0.9
v 0.7 0.1 0.8
v 0.7 0.2 0.8
v 0.7 0.2 0.3
v 0.7 0.7 0.7
v 0.7 0.7 0.3
v 0.7 0.8 0.8
v 0.7 0.8 0.7
v 0.7 0.8 0.3
v 0.7 0.8 0.2
v 0.7 1.5 0.9
v 0.7 1.5 0.8
v 0.7 1.6 0.2
v 0.7 1.6 0.1
v 0.7 1.7 0.8
v 0.7 1.7 0.7
v 0.7 1.7 0.3
v 0.7 1.7 0.2
v 0.7 2.1 0.9
v 0.7 2.1 0.8
v 0.7 2.1 0.7
v 0.7 2.1 0.3
v 0.7 2.1 0.2
v 0.7 2.1 0.1
v 0.7 2.2 0.8
v 0.7 2.2 0.7
v 0.7 2.2 0.6
v 0.7 2.2 0.4
v 0.7 2.2 0.3
v 0.7 2.2 0.2
v 0.7 2.3 0.7
v 0.7 2.3 0.6
v 0.7 2.3 0.4
v 0.7 2.3 0.3
v 0.7 2.4 0.6
v 0.7 2.4 0.4
v 0.7 2.6 0.6
v 0.7 2.6 0.4
v 0.7 2.7 0.8
v 0.7 2.7 0.7
v 0.7 2.7 0.6
v 0.7 2.7 0.4
v 0.7 2.7 0.2
v 0.7 2.8 0.4
v 0.7 2.8 0.3
v 0.7 2.9 0.9
v 0.7 2.9 0.8
v 0.7 2.9 0.7
v 0.7 3.1 0.9
v 0.7 3.1 0.8
v 0.7 3.1 0.7
v 0.7 3.1 0.4
v 0.7 3.1 0.3
v 0.7 3.2 0.8
v 0.7 3.2 0.7
v 0.7 3.2 0.4
v 0.7 3.2 0.2
v 0.7 3.4 0.7
v 0.7 3.4 0.4
v 0.7 3.7 0.5
v 0.7 3.7 0.4
v 0.7 3.8 0.4
v 0.7 3.8 0.3
v 0.7 3.9 0.5
v 0.7 3.9 0.4
v 0.7 4.1 0.4
v 0.7 4.2 0.4
v 0.7 4.2 0.3
v 0.7 4.3 0.4
v 0.7 4.3 0.3
v 0.8 0.8 0.7
v 0.8 0.8 0.3
v 0.8 1.7 0.8
v 0.8 1.7 0.7
v 0.8 1.7 0.3
v 0.8 1.7 0.2
v 0.8 1.8 0.7
v 0.8 1.8 0.6
v 0.8 1.8 0.4
v 0.8 1.8 0.3
v 0.8 1.9 0.6
v 0.8 1.9 0.4
v 0.8 2.1 0.8
v 0.8 2.1 0.7
v 0.8 2.1 0.6
v 0.8 2.1 0.4
v 0.8 2.1 0.3
v 0.8 2.1 0.2
v 0.8 2.2 0.7
v 0.8 2.2 0.6
v 0.8 2.2 0.4
v 0.8 2.2 0.3
v 0.8 2.3 0.6
v 0.8 2.3 0.4
v 0.8 2.7 0.7
v 0.8 2.7 0.4
v 0.8 2.8 0.4
v 0.8 2.8 0.3
v 0.8 2.9 0.8
v 0.8 2.9 0.7
v 0.8 3.1 0.8
v 0.8 3.1 0.7
v 0.8 3.1 0.4
v 0.8 3.1 0.3
v 0.8 3.2 0.7
v 0.8 3.2 0.4
v 0.8 3.9 0.5
v 0.8 3.9 0.4
v 0.8 4.1 0.5
v 0.8 4.1 0.4
v 0.8 4.5 0.5
v 0.8 4.5 0.4
v 0.9 1.8 0.7
v 0.9 1.8 0.6
v 0.9 1.8 0.4
v 0.9 1.8 0.3
v 0.9 1.9 0.6
v 0.9 1.9 0.4
v 0.9 2.1 0.7
v 0.9 2.1 0.6
v 0.9 2.1 0.4
v 0.9 2.1 0.3
v 0.9 2.2 0.6
v 0.9 2.2 0.4
v 1 1.7 0.7
v 1 1.7 0.6
v 1 1.7 0.4
v 1 1.7 0.3
v 1 1.8 0.7
v 1 1.8 0.6
v 1 1.8 0.4
v 1 1.8 0.3
v 1.1 1.1 0.6
v 1.1 1.1 0.4
v 1.1 1.2 0.7
v 1.1 1.2 0.6
v 1.1 1.2 0.4
v 1.1 1.2 0.3
v 1.1 1.3 0.7
v 1.1 1.3 0.6
v 1.1 1.3 0.4
v 1.1 1.3 0.3
v 1.1 1.7 0.6
v 1.1 1.7 0.4
v 1.1 1.8 0.6
v 1.1 1.8 0.4
v 1.2 1.2 0.6
v 1.2 1.2 0.4
v 1.2 1.3 0.7
v 1.2 1.3 0.6
v 1.2 1.3 0.4
v 1.2 1.3 0.3
v 1.2 1.4 0.7
v 1.2 1.4 0.6
v 1.2 1.4 0.4
v 1.2 1.4 0.3
v 1.2 1.7 0.7
v 1.2 1.7 0.3
v -0.2 3 1.5
v -0.2 3.1 1.5
v -0.2 3.2 1.5
v -0.0999999 2.9 1.5
v -0.0999999 3 1.5
v -0.0999999 3.1 1.5
v 0.1 2.9 1.5
v 0.1 3 1.5
v 0.1 3.1 1.5
v 0.2 3 1.5
v 0.2 3.1 1.5
v 0.2 3.2 1.5
v -0.3 3 1.4
v -0.3 3.2 1.4
v -0.2 2.9 1.4
v -0.2 3 1.4
v -0.2 3.1 1.4
v -0.2 3.2 1.4
v -0.2 3.3 1.4
v -0.0999999 2.8 1.4
v -0.0999999 2.9 1.4
v -0.0999999 3 1.4
v 0.1 2.8 1.4
v 0.1 2.9 1.4
v 0.1 3 1.4
v 0.2 2.9 1.4
v 0.2 3 1.4
v 0.2 3.1 1.4
v 0.2 3.2 1.4
v 0.2 3.3 1.4
v 0.3 3 1.4
v 0.3 3.2 1.4
v -0.4 3 1.3
v -0.4 3.2 1.3
v -0.3 2.9 1.3
v -0.3 3 1.3
v -0.3 3.2 1.3
v -0.2 2.8 1.3
v -0.2 2.9 1.3
v -0.2 3 1.3
v -0.0999999 2.8 1.3
v -0.0999999 2.9 1.3
v 0.1 2.8 1.3
v 0.1 2.9 1.3
v 0.2 2.8 1.3
v 0.2 2.9 1.3
v 0.2 3 1.3
v 0.3 2.9 1.3
v 0.3 3 1.3
v 0.3 3.2 1.3
v 0.4 3 1.3
v 0.4 3.2 1.3
v -0.3 3.2 1.2
v -0.3 3.3 1.2
v -0.2 3.2 1.2
v -0.2 3.3 1.2
v -0.2 3.4 1.2
v -0.0999999 2.7 1.2
v -0.0999999 2.8 1.2
v 0.1 2.7 1.2
v 0.1 2.8 1.2
v 0.2 3.2 1.2
v 0.2 3.3 1.2
v 0.2 3.4 1.2
v 0.3 3.2 1.2
v 0.3 3.3 1.2
v -0.5 2.9 1.1
v -0.5 3.1 1.1
v -0.4 3 1.1
v -0.4 3.1 1.1
v -0.3 2.8 1.1
v -0.3 2.9 1.1
v -0.3 3 1.1
v -0.2 2.7 1.1
v -0.2 2.8 1.1
v -0.2 2.9 1.1
v -0.0999999 2.7 1.1
v -0.0999999 2.8 1.1
v 0.1 2.7 1.1
v 0.1 2.8 1.1
v 0.2 2.7 1.1
v 0.2 2.8 1.1
v 0.2 2.9 1.1
v 0.3 2.8 1.1
v 0.3 2.9 1.1
v 0.3 3 1.1
v 0.4 3 1.1
v 0.4 3.1 1.1
v 0.5 2.9 1.1
v 0.5 3.1 1.1
v -0.6 0 1
v -0.6 0.1 1
v -0.6 1.4 1
v -0.6 2.1 1
v -0.6 2.9 1
v -0.6 3.1 1
v -0.5 1.4 1
v -0.5 1.7 1
v -0.5 2.1 1
v -0.5 2.2 1
v -0.5 2.8 1
v -0.5 2.9 1
v -0.5 3.1 1
v -0.5 3.2 1
v -0.4 1.2 1
v -0.4 1.5 1
v -0.4 1.7 1
v -0.4 1.8 1
v -0.4 2.4 1
v -0.4 2.5 1
v -0.4 3.1 1
v -0.4 3.2 1
v -0.4 3.3 1
v -0.3 1 1
v -0.3 1.2 1
v -0.3 1.5 1
v -0.3 1.7 1
v -0.3 1.8 1
v -0.3 1.9 1
v -0.3 2.3 1
v -0.3 2.4 1
v -0.3 2.5 1
v -0.3 2.8 1
v -0.3 2.9 1
v -0.3 3.2 1
v -0.3 3.3 1
v -0.3 3.4 1
v -0.2 0 1
v -0.2 0.1 1
v -0.2 0.9 1
v -0.2 1 1
v -0.2 1.7 1
v -0.2 1.8 1
v -0.2 1.9 1
v -0.2 2 1
v -0.2 2.2 1
v -0.2 2.3 1
v -0.2 2.4 1
v -0.2 3.3 1
v -0.2 3.4 1
v -0.0999999 0.8 1
v -0.0999999 0.9 1
v -0.0999999 1.8 1
v -0.0999999 1.9 1
v -0.0999999 2.2 1
v -0.0999999 2.3 1
v -0.0999999 2.6 1
v -0.0999999 2.7 1
v -0.0999999 3.4 1
v -0.0999999 3.5 1
v 0.1 0.8 1
v 0.1 0.9 1
v 0.1 1.8 1
v 0.1 1.9 1
v 0.1 2.2 1
v 0.1 2.3 1
v 0.1 2.6 1
v 0.1 2.7 1
v 0.1 3.4 1
v 0.1 3.5 1
v 0.2 0 1
v 0.2 0.1 1
v 0.2 0.9 1
v 0.2 1 1
v 0.2 1.7 1
v 0.2 1.8 1
v 0.2 1.9 1
v 0.2 2 1
v 0.2 2.2 1
v 0.2 2.3 1
v 0.2 2.4 1
v 0.2 3.3 1
v 0.2 3.4 1
v 0.3 1 1
v 0.3 1.2 1
v 0.3 1.5 1
v 0.3 1.7 1
v 0.3 1.8 1
v 0.3 1.9 1
v 0.3 2.3 1
v 0.3 2.4 1
v 0.3 2.5 1
v 0.3 2.8 1
v 0.3 2.9 1
v 0.3 3.2 1
v 0.3 3.3 1
v 0.3 3.4 1
v 0.4 1.2 1
v 0.4 1.5 1
v 0.4 1.7 1
v 0.4 1.8 1
v 0.4 2.4 1
v 0.4 2.5 1
v 0.4 3.1 1
v 0.4 3.2 1
v 0.4 3.3 1
v 0.5 1.4 1
v 0.5 1.7 1
v 0.5 2.1 1
v 0.5 2.2 1
v 0.5 2.8 1
v 0.5 2.9 1
v 0.5 3.1 1
v 0.5 3.2 1
v 0.6 0 1
v 0.6 0.1 1
v 0.6 1.4 1
v 0.6 2.1 1
v 0.6 2.9 1
v 0.6 3.1 1
v -0.7 0 0.9
v -0.7 0.1 0.9
v -0.7 1.5 0.9
v -0.7 2.1 0.9
v -0.7 2.9 0.9
v -0.7 3.1 0.9
v -0.6 0 0.9
v -0.6 0.1 0.9
v -0.6 0.2 0.9
v -0.6 0.8 0.9
v -0.6 1.4 0.9
v -0.6 1.5 0.9
v -0.6 2.1 0.9
v -0.6 2.2 0.9
v -0.6 2.8 0.9
v -0.6 2.9 0.9
v -0.6 3.1 0.9
v -0.6 3.2 0.9
v -0.5 1.4 0.9
v -0.5 1.7 0.9
v -0.5 2.1 0.9
v -0.5 2.2 0.9
v -0.5 2.3 0.9
v -0.5 2.7 0.9
v -0.5 2.8 0.9
v -0.5 2.9 0.9
v -0.5 3.1 0.9
v -0.5 3.2 0.9
v -0.5 3.3 0.9
v -0.4 0.7 0.9
v -0.4 0.8 0.9
v -0.4 1 0.9
v -0.4 1.2 0.9
v -0.4 1.5 0.9
v -0.4 1.7 0.9
v -0.4 1.8 0.9
v -0.4 3.2 0.9
v -0.4 3.3 0.9
v -0.4 3.4 0.9
v -0.3 0.6 0.9
v -0.3 0.7 0.9
v -0.3 0.9 0.9
v -0.3 1 0.9
v -0.3 1.2 0.9
v -0.3 1.5 0.9
v -0.3 1.7 0.9
v -0.3 1.8 0.9
v -0.3 1.9 0.9
v -0.3 2.3 0.9
v -0.3 2.7 0.9
v -0.3 2.8 0.9
v -0.3 3.3 0.9
v -0.3 3.4 0.9
v -0.2 0 0.9
v -0.2 0.1 0.9
v -0.2 0.2 0.9
v -0.2 0.8 0.9
v -0.2 0.9 0.9
v -0.2 1 0.9
v -0.2 1.7 0.9
v -0.2 1.8 0.9
v -0.2 1.9 0.9
v -0.2 2 0.9
v -0.2 2.2 0.9
v -0.2 2.3 0.9
v -0.2 2.6 0.9
v -0.2 2.7 0.9
v -0.2 2.8 0.9
v -0.2 3.4 0.9
v -0.2 3.5 0.9
v -0.0999999 0 0.9
v -0.0999999 0.1 0.9
v -0.0999999 0.8 0.9
v -0.0999999 0.9 0.9
v -0.0999999 1.8 0.9
v -0.0999999 1.9 0.9
v -0.0999999 2.2 0.9
v -0.0999999 2.3 0.9
v -0.0999999 2.5 0.9
v -0.0999999 2.6 0.9
v -0.0999999 2.7 0.9
v -0.0999999 3.4 0.9
v -0.0999999 3.5 0.9
v -0.0999999 3.6 0.9
v 0.1 0 0.9
v 0.1 0.1 0.9
v 0.1 0.8 0.9
v 0.1 0.9 0.9
v 0.1 1.8 0.9
v 0.1 1.9 0.9
v 0.1 2.2 0.9
v 0.1 2.3 0.9
v 0.1 2.5 0.9
v 0.1 2.6 0.9
v 0.1 2.7 0.9
v 0.1 3.4 0.9
v 0.1 3.5 0.9
v 0.1 3.6 0.9
v 0.2 0 0.9
v 0.2 0.1 0.9
v 0.2 0.2 0.9
v 0.2 0.8 0.9
v 0.2 0.9 0.9
v 0.2 1 0.9
v 0.2 1.7 0.9
v 0.2 1.8 0.9
v 0.2 1.9 0.9
v 0.2 2 0.9
v 0.2 2.2 0.9
v 0.2 2.3 0.9
v 0.2 2.6 0.9
v 0.2 2.7 0.9
v 0.2 2.8 0.9
v 0.2 3.4 0.9
v 0.2 3.5 0.9
v 0.3 0.6 0.9
v 0.3 0.7 0.9
v 0.3 0.9 0.9
v 0.3 1 0.9
v 0.3 1.2 0.9
v 0.3 1.5 0.9
v 0.3 1.7 0.9
v 0.3 1.8 0.9
v 0.3 1.9 0.9
v 0.3 2.3 0.9
v 0.3 2.7 0.9
v 0.3 2.8 0.9
v 0.3 3.3 0.9
v 0.3 3.4 0.9
v 0.4 0.7 0.9
v 0.4 0.8 0.9
v 0.4 1 0.9
v 0.4 1.2 0.9
v 0.4 1.5 0.9
v 0.4 1.7 0.9
v 0.4 1.8 0.9
v 0.4 3.2 0.9
v 0.4 3.3 0.9
v 0.4 3.4 0.9
v 0.5 1.4 0.9
v 0.5 1.7 0.9
v 0.5 2.1 0.9
v 0.5 2.2 0.9
v 0.5 2.3 0.9
v 0.5 2.7 0.9
v 0.5 2.8 0.9
v 0.5 2.9 0.9
v 0.5 3.1 0.9
v 0.5 3.2 0.9
v 0.5 3.3 0.9
v 0.6 0 0.9
v 0.6 0.1 0.9
v 0.6 0.2 0.9
v 0.6 0.8 0.9
v 0.6 1.4 0.9
v 0.6 1.5 0.9
v 0.6 2.1 0.9
v 0.6 2.2 0.9
v 0.6 2.8 0.9
v 0.6 2.9 0.9
v 0.6 3.1 0.9
v 0.6 3.2 0.9
v 0.7 0 0.9
v 0.7 0.1 0.9
v 0.7 1.5 0.9
v 0.7 2.1 0.9
v 0.7 2.9 0.9
v 0.7 3.1 0.9
v -0.8 1.7 0.8
v -0.8 2.1 0.8
v -0.8 2.9 0.8
v -0.8 3.1 0.8
v -0.7 0.1 0.8
v -0.7 0.2 0.8
v -0.7 0.8 0.8
v -0.7 1.5 0.8
v -0.7 1.7 0.8
v -0.7 2.1 0.8
v -0.7 2.2 0.8
v -0.7 2.7 0.8
v -0.7 2.9 0.8
v -0.7 3.1 0.8
v -0.7 3.2 0.8
v -0.6 0.1 0.8
v -0.6 0.2 0.8
v -0.6 0.3 0.8
v -0.6 0.7 0.8
v -0.6 0.8 0.8
v -0.6 1.5 0.8
v -0.6 2.1 0.8
v -0.6 2.2 0.8
v -0.6 2.3 0.8
v -0.6 2.8 0.8
v -0.6 2.9 0.8
v -0.6 3.1 0.8
v -0.6 3.2 0.8
v -0.6 3.3 0.8
v -0.5 0.6 0.8
v -0.5 0.7 0.8
v -0.5 2.2 0.8
v -0.5 2.3 0.8
v -0.5 2.4 0.8
v -0.5 2.6 0.8
v -0.5 2.7 0.8
v -0.5 2.8 0.8
v -0.5 3.2 0.8
v -0.5 3.3 0.8
v -0.5 3.6 0.8
v -0.4 0.7 0.8
v -0.4 0.8 0.8
v -0.4 2.4 0.8
v -0.4 2.5 0.8
v -0.4 2.6 0.8
v -0.4 3.3 0.8
v -0.4 3.4 0.8
v -0.4 3.5 0.8
v -0.4 3.6 0.8
v -0.4 3.7 0.8
v -0.3 0.6 0.8
v -0.3 0.7 0.8
v -0.3 2.3 0.8
v -0.3 2.4 0.8
v -0.3 2.5 0.8
v -0.3 2.7 0.8
v -0.3 3.5 0.8
v -0.3 3.6 0.8
v -0.2 0.1 0.8
v -0.2 0.2 0.8
v -0.2 0.3 0.8
v -0.2 2.3 0.8
v -0.2 2.4 0.8
v -0.2 2.5 0.8
v -0.2 2.6 0.8
v -0.2 2.7 0.8
v -0.2 3.4 0.8
v -0.2 3.5 0.8
v -0.2 3.6 0.8
v -0.2 3.7 0.8
v -0.2 3.8 0.8
v -0.0999999 0.1 0.8
v -0.0999999 0.2 0.8
v -0.0999999 2.3 0.8
v -0.0999999 2.5 0.8
v -0.0999999 2.6 0.8
v -0.0999999 3.5 0.8
v -0.0999999 3.6 0.8
v 0.1 0.1 0.8
v 0.1 0.2 0.8
v 0.1 2.3 0.8
v 0.1 2.5 0.8
v 0.1 2.6 0.8
v 0.1 3.5 0.8
v 0.1 3.6 0.8
v 0.2 0.1 0.8
v 0.2 0.2 0.8
v 0.2 0.3 0.8
v 0.2 2.3 0.8
v 0.2 2.4 0.8
v 0.2 2.5 0.8
v 0.2 2.6 0.8
v 0.2 2.7 0.8
v 0.2 3.4 0.8
v 0.2 3.5 0.8
v 0.2 3.6 0.8
v 0.2 3.7 0.8
v 0.2 3.8 0.8
v 0.3 0.6 0.8
v 0.3 0.7 0.8
v 0.3 2.3 0.8
v 0.3 2.4 0.8
v 0.3 2.5 0.8
v 0.3 2.7 0.8
v 0.3 3.5 0.8
v 0.3 3.6 0.8
v 0.4 0.7 0.8
v 0.4 0.8 0.8
v 0.4 2.4 0.8
v 0.4 2.5 0.8
v 0.4 2.6 0.8
v 0.4 3.3 0.8
v 0.4 3.4 0.8
v 0.4 3.6 0.8
v 0.4 3.7 0.8
v 0.5 0.6 0.8
v 0.5 0.7 0.8
v 0.5 2.2 0.8
v 0.5 2.3 0.8
v 0.5 2.4 0.8
v 0.5 2.6 0.8
v 0.5 2.7 0.8
v 0.5 2.8 0.8
v 0.5 3.2 0.8
v 0.5 3.3 0.8
v 0.5 3.6 0.8
v 0.6 0.1 0.8
v 0.6 0.2 0.8
v 0.6 0.3 0.8
v 0.6 0.7 0.8
v 0.6 0.8 0.8
v 0.6 1.5 0.8
v 0.6 2.1 0.8
v 0.6 2.2 0.8
v 0.6 2.3 0.8
v 0.6 2.8 0.8
v 0.6 2.9 0.8
v 0.6 3.1 0.8
v 0.6 3.2 0.8
v 0.6 3.3 0.8
v 0.7 0.1 0.8
v 0.7 0.2 0.8
v 0.7 0.8 0.8
v 0.7 1.5 0.8
v 0.7 1.7 0.8
v 0.7 2.1 0.8
v 0.7 2.2 0.8
v 0.7 2.7 0.8
v 0.7 2.9 0.8
v 0.7 3.1 0.8
v 0.7 3.2 0.8
v 0.8 1.7 0.8
v 0.8 2.1 0.8
v 0.8 2.9 0.8
v 0.8 3.1 0.8
v -1.2 1.3 0.7
v -1.2 1.4 0.7
v -1.2 1.7 0.7
v -1.1 1.2 0.7
v -1.1 1.3 0.7
v -1.1 1.5 0.7
v -1.1 1.7 0.7
v -1 1.2 0.7
v -1 1.3 0.7
v -1 1.4 0.7
v -1 1.5 0.7
v -1 1.7 0.7
v -1 1.8 0.7
v -0.9 1.2 0.7
v -0.9 1.3 0.7
v -0.9 1.4 0.7
v -0.9 1.5 0.7
v -0.9 1.7 0.7
v -0.9 1.8 0.7
v -0.9 2.1 0.7
v -0.8 0.8 0.7
v -0.8 1.7 0.7
v -0.8 1.8 0.7
v -0.8 2.1 0.7
v -0.8 2.2 0.7
v -0.8 2.7 0.7
v -0.8 2.9 0.7
v -0.8 3.1 0.7
v -0.8 3.2 0.7
v -0.7 0.7 0.7
v -0.7 0.8 0.7
v -0.7 1.7 0.7
v -0.7 2.1 0.7
v -0.7 2.2 0.7
v -0.7 2.3 0.7
v -0.7 2.7 0.7
v -0.7 2.9 0.7
v -0.7 3.1 0.7
v -0.7 3.2 0.7
v -0.7 3.4 0.7
v -0.6 0.6 0.7
v -0.6 0.7 0.7
v -0.6 0.8 0.7
v -0.6 2.2 0.7
v -0.6 2.3 0.7
v -0.6 2.4 0.7
v -0.6 2.6 0.7
v -0.6 2.7 0.7
v -0.6 3.2 0.7
v -0.6 3.3 0.7
v -0.6 3.4 0.7
v -0.6 3.5 0.7
v -0.5 0.6 0.7
v -0.5 0.7 0.7
v -0.5 2.3 0.7
v -0.5 2.4 0.7
v -0.5 2.5 0.7
v -0.5 2.6 0.7
v -0.5 2.7 0.7
v -0.5 3.3 0.7
v -0.5 3.5 0.7
v -0.5 3.6 0.7
v -0.5 3.7 0.7
v -0.4 2.4 0.7
v -0.4 2.5 0.7
v -0.4 2.6 0.7
v -0.4 3.6 0.7
v -0.4 3.7 0.7
v -0.4 3.8 0.7
v -0.2 3.7 0.7
v -0.2 3.8 0.7
v 0.2 3.7 0.7
v 0.2 3.8 0.7
v 0.4 2.4 0.7
v 0.4 2.5 0.7
v 0.4 2.6 0.7
v 0.4 3.6 0.7
v 0.4 3.7 0.7
v 0.4 3.8 0.7
v 0.5 0.6 0.7
v 0.5 0.7 0.7
v 0.5 2.3 0.7
v 0.5 2.4 0.7
v 0.5 2.5 0.7
v 0.5 2.6 0.7
v 0.5 2.7 0.7
v 0.5 3.3 0.7
v 0.5 3.5 0.7
v 0.5 3.6 0.7
v 0.5 3.7 0.7
v 0.6 0.6 0.7
v 0.6 0.7 0.7
v 0.6 0.8 0.7
v 0.6 2.2 0.7
v 0.6 2.3 0.7
v 0.6 2.4 0.7
v 0.6 2.6 0.7
v 0.6 2.7 0.7
v 0.6 3.2 0.7
v 0.6 3.3 0.7
v 0.6 3.4 0.7
v 0.6 3.5 0.7
v 0.7 0.7 0.7
v 0.7 0.8 0.7
v 0.7 1.7 0.7
v 0.7 2.1 0.7
v 0.7 2.2 0.7
v 0.7 2.3 0.7
v 0.7 2.7 0.7
v 0.7 2.9 0.7
v 0.7 3.1 0.7
v 0.7 3.2 0.7
v 0.7 3.4 0.7
v 0.8 0.8 0.7
v 0.8 1.7 0.7
v 0.8 1.8 0.7
v 0.8 2.1 0.7
v 0.8 2.2 0.7
v 0.8 2.7 0.7
v 0.8 2.9 0.7
v 0.8 3.1 0.7
v 0.8 3.2 0.7
v 0.9 1.2 0.7
v 0.9 1.3 0.7
v 0.9 1.4 0.7
v 0.9 1.5 0.7
v 0.9 1.7 0.7
v 0.9 1.8 0.7
v 0.9 2.1 0.7
v 1 1.2 0.7
v 1 1.3 0.7
v 1 1.4 0.7
v 1 1.5 0.7
v 1 1.7 0.7
v 1 1.8 0.7
v 1.1 1.2 0.7
v 1.1 1.3 0.7
v 1.1 1.5 0.7
v 1.1 1.7 0.7
v 1.2 1.3 0.7
v 1.2 1.4 0.7
v 1.2 1.7 0.7
v -1.2 1.2 0.6
v -1.2 1.3 0.6
v -1.1 1.1 0.6
v -1.1 1.2 0.6
v -1.1 1.3 0.6
v -1.1 1.7 0.6
v -1.1 1.8 0.6
v -1 1.1 0.6
v -1 1.2 0.6
v -1 1.7 0.6
v -1 1.8 0.6
v -0.9 1.1 0.6
v -0.9 1.2 0.6
v -0.9 2.1 0.6
v -0.9 2.2 0.6
v -0.8 2.1 0.6
v -0.8 2.2 0.6
v -0.8 2.3 0.6
v -0.7 2.2 0.6
v -0.7 2.3 0.6
v -0.7 2.4 0.6
v -0.7 2.6 0.6
v -0.7 2.7 0.6
v -0.6 2.3 0.6
v -0.6 2.4 0.6
v -0.6 2.5 0.6
v -0.6 2.6 0.6
v -0.6 2.7 0.6
v -0.5 2.4 0.6
v -0.5 2.5 0.6
v -0.5 2.6 0.6
v 0.5 2.4 0.6
v 0.5 2.5 0.6
v 0.5 2.6 0.6
v 0.6 2.3 0.6
v 0.6 2.4 0.6
v 0.6 2.5 0.6
v 0.6 2.6 0.6
v 0.6 2.7 0.6
v 0.7 2.2 0.6
v 0.7 2.3 0.6
v 0.7 2.4 0.6
v 0.7 2.6 0.6
v 0.7 2.7 0.6
v 0.8 2.1 0.6
v 0.8 2.2 0.6
v 0.8 2.3 0.6
v 0.9 1.1 0.6
v 0.9 1.2 0.6
v 0.9 2.1 0.6
v 0.9 2.2 0.6
v 1 1.1 0.6
v 1 1.2 0.6
v 1 1.7 0.6
v 1 1.8 0.6
v 1.1 1.1 0.6
v 1.1 1.2 0.6
v 1.1 1.3 0.6
v 1.1 1.7 0.6
v 1.1 1.8 0.6
v 1.2 1.2 0.6
v 1.2 1.3 0.6
v -0.8 3.9 0.5
v -0.8 4.1 0.5
v -0.8 4.5 0.5
v -0.7 3.7 0.5
v -0.7 3.9 0.5
v -0.7 4.1 0.5
v -0.7 4.3 0.5
v -0.7 4.4 0.5
v -0.7 4.5 0.5
v -0.6 3.5 0.5
v -0.6 3.7 0.5
v -0.6 3.8 0.5
v -0.6 3.9 0.5
v -0.6 4.2 0.5
v -0.6 4.3 0.5
v -0.6 4.4 0.5
v -0.5 3.5 0.5
v -0.5 3.7 0.5
v -0.5 3.8 0.5
v -0.5 4.1 0.5
v -0.5 4.2 0.5
v -0.5 4.3 0.5
v -0.4 4 0.5
v -0.4 4.1 0.5
v -0.4 4.2 0.5
v -0.3 3.9 0.5
v -0.3 4 0.5
v -0.3 4.1 0.5
v -0.2 3.8 0.5
v -0.2 3.9 0.5
v -0.2 4 0.5
v -0.0999999 3.8 0.5
v -0.0999999 3.9 0.5
v 0.1 3.8 0.5
v 0.1 3.9 0.5
v 0.2 3.8 0.5
v 0.2 3.9 0.5
v 0.2 4 0.5
v 0.3 3.9 0.5
v 0.3 4 0.5
v 0.3 4.1 0.5
v 0.4 4 0.5
v 0.4 4.1 0.5
v 0.4 4.2 0.5
v 0.5 3.5 0.5
v 0.5 3.7 0.5
v 0.5 3.8 0.5
v 0.5 4.1 0.5
v 0.5 4.2 0.5
v 0.5 4.3 0.5
v 0.6 3.5 0.5
v 0.6 3.7 0.5
v 0.6 3.8 0.5
v 0.6 3.9 0.5
v 0.6 4.2 0.5
v 0.6 4.3 0.5
v 0.6 4.4 0.5
v 0.7 3.7 0.5
v 0.7 3.9 0.5
v 0.7 4.1 0.5
v 0.7 4.3 0.5
v 0.7 4.4 0.5
v 0.7 4.5 0.5
v 0.8 3.9 0.5
v 0.8 4.1 0.5
v 0.8 4.5 0.5
v -0.9 1.8 0.4
v -0.9 1.9 0.4
v -0.8 1.8 0.4
v -0.8 1.9 0.4
v -0.7 3.9 0.4
v -0.7 4.1 0.4
v -0.7 4.2 0.4
v -0.7 4.3 0.4
v -0.6 3.8 0.4
v -0.6 3.9 0.4
v -0.6 4.1 0.4
v -0.6 4.2 0.4
v -0.6 4.3 0.4
v -0.5 3.7 0.4
v -0.5 3.8 0.4
v -0.5 4 0.4
v -0.5 4.1 0.4
v -0.5 4.2 0.4
v -0.4 3.7 0.4
v -0.4 3.8 0.4
v -0.4 3.9 0.4
v -0.4 4 0.4
v -0.4 4.1 0.4
v -0.3 3.8 0.4
v -0.3 3.9 0.4
v -0.3 4 0.4
v -0.2 3.8 0.4
v -0.2 3.9 0.4
v 0.2 3.8 0.4
v 0.2 3.9 0.4
v 0.3 3.8 0.4
v 0.3 3.9 0.4
v 0.3 4 0.4
v 0.4 3.7 0.4
v 0.4 3.8 0.4
v 0.4 3.9 0.4
v 0.4 4 0.4
v 0.4 4.1 0.4
v 0.5 3.7 0.4
v 0.5 3.8 0.4
v 0.5 4 0.4
v 0.5 4.1 0.4
v 0.5 4.2 0.4
v 0.6 3.8 0.4
v 0.6 3.9 0.4
v 0.6 4.1 0.4
v 0.6 4.2 0.4
v 0.6 4.3 0.4
v 0.7 3.9 0.4
v 0.7 4.1 0.4
v 0.7 4.2 0.4
v 0.7 4.3 0.4
v 0.8 1.8 0.4
v 0.8 1.9 0.4
v 0.9 1.8 0.4
v 0.9 1.9 0.4
v -0.8 2.5 0
v -0.8 2.6 0
v -0.7 2.4 0
v -0.7 2.5 0
v -0.7 2.6 0
v -0.6 2.3 0
v -0.6 2.4 0
v -0.6 2.5 0
v -0.6 2.7 0
v -0.6 2.8 0
v -0.5 2.2 0
v -0.5 2.3 0
v -0.5 2.4 0
v -0.5 2.6 0
v -0.5 2.7 0
v -0.5 2.8 0
v -0.4 0.8 0
v -0.4 0.9 0
v -0.4 2.2 0
v -0.4 2.3 0
v -0.4 2.4 0
v -0.4 2.5 0
v -0.4 2.6 0
v -0.4 2.7 0
v -0.3 0.7 0
v -0.3 0.8 0
v -0.3 0.9 0
v -0.3 2.4 0
v -0.3 2.5 0
v -0.3 2.6 0
v -0.2 0.6 0
v -0.2 0.7 0
v -0.2 0.8 0
v -0.2 2.2 0
v -0.2 2.5 0
v -0.0999999 1.3 0
v -0.0999999 1.4 0
v 0.1 1.3 0
v 0.1 1.4 0
v 0.2 0.6 0
v 0.2 0.7 0
v 0.2 0.8 0
v 0.3 0.7 0
v 0.3 0.8 0
v 0.3 0.9 0
v 0.4 0.8 0
v 0.4 0.9 0
v 0.5 1.4 0
v 0.5 1.5 0
v 0.6 1.4 0
v 0.6 1.5 0
v -0.7 2.6 -0.1
v -0.7 2.7 -0.1
v -0.6 2.5 -0.1
v -0.6 2.6 -0.1
v -0.6 2.7 -0.1
v -0.5 1 -0.1
v -0.5 1.1 -0.1
v -0.5 2.4 -0.1
v -0.5 2.5 -0.1
v -0.5 2.6 -0.1
v -0.4 1 -0.1
v -0.4 1.1 -0.1
v -0.4 2.4 -0.1
v -0.4 2.5 -0.1
v 0.4 1 -0.1
v 0.4 1.1 -0.1
v 0.5 1 -0.1
v 0.5 1.1 -0.1
v -0.5 0.9 -0.2
v -0.5 1 -0.2
v -0.5 1.1 -0.2
v -0.5 1.2 -0.2
v -0.4 0.7 -0.2
v -0.4 0.8 -0.2
v -0.4 0.9 -0.2
v -0.4 1 -0.2
v -0.4 1.1 -0.2
v -0.4 1.2 -0.2
v -0.4 1.3 -0.2
v -0.3 0.6 -0.2
v -0.3 0.7 -0.2
v -0.3 0.8 -0.2
v -0.3 1.2 -0.2
v -0.3 1.3 -0.2
v -0.3 1.4 -0.2
v -0.2 0.6 -0.2
v -0.2 0.7 -0.2
v -0.2 1.3 -0.2
v -0.2 1.4 -0.2
v -0.2 1.5 -0.2
v 0.2 0.6 -0.2
v 0.2 0.7 -0.2
v 0.2 1.3 -0.2
v 0.2 1.4 -0.2
v 0.2 1.5 -0.2
v 0.3 0.6 -0.2
v 0.3 0.7 -0.2
v 0.3 0.8 -0.2
v 0.3 1.2 -0.2
v 0.3 1.3 -0.2
v 0.3 1.4 -0.2
v 0.4 0.7 -0.2
v 0.4 0.8 -0.2
v 0.4 0.9 -0.2
v 0.4 1 -0.2
v 0.4 1.1 -0.2
v 0.4 1.2 -0.2
v 0.4 1.3 -0.2
v 0.5 0.9 -0.2
v 0.5 1 -0.2
v 0.5 1.1 -0.2
v 0.5 1.2 -0.2
v -0.5 0.8 -0.3
v -0.5 0.9 -0.3
v -0.5 1.2 -0.3
v -0.5 1.3 -0.3
v -0.4 0.8 -0.3
v -0.4 0.9 -0.3
v -0.4 1.2 -0.3
v -0.4 1.3 -0.3
v -0.4 1.4 -0.3
v -0.3 1.3 -0.3
v -0.3 1.4 -0.3
v -0.3 1.5 -0.3
v -0.2 1.4 -0.3
v -0.2 1.5 -0.3
v -0.2 1.6 -0.3
v 0.2 1.4 -0.3
v 0.2 1.5 -0.3
v 0.2 1.6 -0.3
v 0.3 1.3 -0.3
v 0.3 1.4 -0.3
v 0.3 1.5 -0.3
v 0.4 0.8 -0.3
v 0.4 0.9 -0.3
v 0.4 1.2 -0.3
v 0.4 1.3 -0.3
v 0.4 1.4 -0.3
v 0.5 0.8 -0.3
v 0.5 0.9 -0.3
v 0.5 1.2 -0.3
v 0.5 1.3 -0.3
v -0.5 0.7 -0.4
v -0.5 0.8 -0.4
v -0.5 1.3 -0.4
v -0.5 1.4 -0.4
v -0.4 0.6 -0.4
v -0.4 0.7 -0.4
v -0.4 0.8 -0.4
v -0.4 1.3 -0.4
v -0.4 1.4 -0.4
v -0.4 1.5 -0.4
v -0.3 0.6 -0.4
v -0.3 0.7 -0.4
v -0.3 1.4 -0.4
v -0.3 1.5 -0.4
v -0.3 1.6 -0.4
v -0.2 1.5 -0.4
v -0.2 1.6 -0.4
v -0.2 1.7 -0.4
v -0.0999999 1.6 -0.4
v -0.0999999 1.7 -0.4
v 0.1 1.6 -0.4
v 0.1 1.7 -0.4
v 0.2 1.5 -0.4
v 0.2 1.6 -0.4
v 0.2 1.7 -0.4
v 0.3 0.6 -0.4
v 0.3 0.7 -0.4
v 0.3 1.4 -0.4
v 0.3 1.5 -0.4
v 0.3 1.6 -0.4
v 0.4 0.6 -0.4
v 0.4 0.7 -0.4
v 0.4 0.8 -0.4
v 0.4 1.3 -0.4
v 0.4 1.4 -0.4
v 0.4 1.5 -0.4
v 0.5 0.7 -0.4
v 0.5 0.8 -0.4
v 0.5 1.3 -0.4
v 0.5 1.4 -0.4
v -0.3 1.6 -0.6
v -0.3 1.7 -0.6
v -0.2 1.6 -0.6
v -0.2 1.7 -0.6
v -0.2 1.8 -0.6
v -0.0999999 1.7 -0.6
v 0.1 1.7 -0.6
v 0.2 1.6 -0.6
v 0.2 1.7 -0.6
v 0.2 1.8 -0.6
v 0.3 1.6 -0.6
v 0.3 1.7 -0.6
v -0.0999999 1.8 -0.7
v -0.0999999 1.9 -0.7
v 0.1 1.8 -0.7
v 0.1 1.9 -0.7
v -0.2 1.8 -0.8
v -0.2 1.9 -0.8
v -0.0999999 1.8 -0.8
v -0.0999999 1.9 -0.8
v -0.0999999 2 -0.8
v 0.1 1.8 -0.8
v 0.1 1.9 -0.8
v 0.1 2 -0.8
v 0.2 1.8 -0.8
v 0.2 1.9 -0.8
v -0.2 1.5 -1.3
v -0.2 1.6 -1.3
v -0.0999999 1.4 -1.3
v -0.0999999 1.5 -1.3
v -0.0999999 1.6 -1.3
v 0.1 1.4 -1.3
v 0.1 1.5 -1.3
v 0.1 1.6 -1.3
v 0.2 1.5 -1.3
v 0.2 1.6 -1.3
v -0.0999999 1.3 -1.4
v -0.0999999 1.4 -1.4
v 0.1 1.3 -1.4
v 0.1 1.4 -1.4
v -0.9 1.8 0.6
v -0.9 1.9 0.6
v -0.8 1.8 0.6
v -0.8 1.9 0.6
v 0.8 1.8 0.6
v 0.8 1.9 0.6
v 0.9 1.8 0.6
v 0.9 1.9 0.6
v -1.2 1.2 0.4
v -1.2 1.3 0.4
v -1.1 1.1 0.4
v -1.1 1.2 0.4
v -1.1 1.3 0.4
v -1.1 1.7 0.4
v -1.1 1.8 0.4
v -1 1.1 0.4
v -1 1.2 0.4
v -1 1.7 0.4
v -1 1.8 0.4
v -0.9 1.1 0.4
v -0.9 1.2 0.4
v -0.9 2.1 0.4
v -0.9 2.2 0.4
v -0.8 2.1 0.4
v -0.8 2.2 0.4
v -0.8 2.3 0.4
v -0.8 2.7 0.4
v -0.8 2.8 0.4
v -0.8 3.1 0.4
v -0.8 3.2 0.4
v -0.8 3.9 0.4
v -0.8 4.1 0.4
v -0.8 4.5 0.4
v -0.7 2.2 0.4
v -0.7 2.3 0.4
v -0.7 2.4 0.4
v -0.7 2.6 0.4
v -0.7 2.7 0.4
v -0.7 2.8 0.4
v -0.7 3.1 0.4
v -0.7 3.2 0.4
v -0.7 3.4 0.4
v -0.7 3.7 0.4
v -0.7 3.8 0.4
v -0.7 3.9 0.4
v -0.7 4.1 0.4
v -0.7 4.2 0.4
v -0.7 4.3 0.4
v -0.7 4.4 0.4
v -0.7 4.5 0.4
v -0.6 2.3 0.4
v -0.6 2.4 0.4
v -0.6 2.5 0.4
v -0.6 2.6 0.4
v -0.6 2.7 0.4
v -0.6 3.2 0.4
v -0.6 3.4 0.4
v -0.6 3.7 0.4
v -0.6 3.8 0.4
v -0.6 4.2 0.4
v -0.6 4.3 0.4
v -0.6 4.4 0.4
v -0.5 2.4 0.4
v -0.5 2.5 0.4
v -0.5 4.1 0.4
v -0.5 4.2 0.4
v -0.5 4.3 0.4
v -0.4 2.5 0.4
v -0.4 2.6 0.4
v -0.4 4 0.4
v -0.4 4.1 0.4
v -0.4 4.2 0.4
v -0.3 3.9 0.4
v -0.3 4 0.4
v -0.3 4.1 0.4
v -0.2 3.8 0.4
v -0.2 3.9 0.4
v -0.2 4 0.4
v -0.0999999 3.8 0.4
v -0.0999999 3.9 0.4
v 0.1 3.8 0.4
v 0.1 3.9 0.4
v 0.2 3.8 0.4
v 0.2 3.9 0.4
v 0.2 4 0.4
v 0.3 3.9 0.4
v 0.3 4 0.4
v 0.3 4.1 0.4
v 0.4 2.5 0.4
v 0.4 2.6 0.4
v 0.4 4 0.4
v 0.4 4.1 0.4
v 0.4 4.2 0.4
v 0.5 2.4 0.4
v 0.5 2.5 0.4
v 0.5 4.1 0.4
v 0.5 4.2 0.4
v 0.5 4.3 0.4
v 0.6 2.3 0.4
v 0.6 2.4 0.4
v 0.6 2.5 0.4
v 0.6 2.6 0.4
v 0.6 2.7 0.4
v 0.6 3.2 0.4
v 0.6 3.4 0.4
v 0.6 3.7 0.4
v 0.6 3.8 0.4
v 0.6 4.2 0.4
v 0.6 4.3 0.4
v 0.6 4.4 0.4
v 0.7 2.2 0.4
v 0.7 2.3 0.4
v 0.7 2.4 0.4
v 0.7 2.6 0.4
v 0.7 2.7 0.4
v 0.7 2.8 0.4
v 0.7 3.1 0.4
v 0.7 3.2 0.4
v 0.7 3.4 0.4
v 0.7 3.7 0.4
v 0.7 3.8 0.4
v 0.7 3.9 0.4
v 0.7 4.1 0.4
v 0.7 4.2 0.4
v 0.7 4.3 0.4
v 0.7 4.4 0.4
v 0.7 4.5 0.4
v 0.8 2.1 0.4
v 0.8 2.2 0.4
v 0.8 2.3 0.4
v 0.8 2.7 0.4
v 0.8 2.8 0.4
v 0.8 3.1 0.4
v 0.8 3.2 0.4
v 0.8 3.9 0.4
v 0.8 4.1 0.4
v 0.8 4.5 0.4
v 0.9 1.1 0.4
v 0.9 1.2 0.4
v 0.9 2.1 0.4
v 0.9 2.2 0.4
v 1 1.1 0.4
v 1 1.2 0.4
v 1 1.7 0.4
v 1 1.8 0.4
v 1.1 1.1 0.4
v 1.1 1.2 0.4
v 1.1 1.3 0.4
v 1.1 1.7 0.4
v 1.1 1.8 0.4
v 1.2 1.2 0.4
v 1.2 1.3 0.4
v -1.2 1.3 0.3
v -1.2 1.4 0.3
v -1.2 1.7 0.3
v -1.1 1.2 0.3
v -1.1 1.3 0.3
v -1.1 1.5 0.3
v -1.1 1.7 0.3
v -1 1.2 0.3
v -1 1.3 0.3
v -1 1.4 0.3
v -1 1.5 0.3
v -1 1.7 0.3
v -1 1.8 0.3
v -0.9 1.2 0.3
v -0.9 1.3 0.3
v -0.9 1.4 0.3
v -0.9 1.5 0.3
v -0.9 1.7 0.3
v -0.9 1.8 0.3
v -0.9 2.1 0.3
v -0.8 0.8 0.3
v -0.8 1.7 0.3
v -0.8 1.8 0.3
v -0.8 2.1 0.3
v -0.8 2.2 0.3
v -0.8 2.8 0.3
v -0.8 3.1 0.3
v -0.7 0 0.3
v -0.7 0.2 0.3
v -0.7 0.7 0.3
v -0.7 0.8 0.3
v -0.7 1.7 0.3
v -0.7 2.1 0.3
v -0.7 2.2 0.3
v -0.7 2.3 0.3
v -0.7 2.8 0.3
v -0.7 3.1 0.3
v -0.7 3.8 0.3
v -0.7 4.2 0.3
v -0.7 4.3 0.3
v -0.6 0.2 0.3
v -0.6 0.3 0.3
v -0.6 0.6 0.3
v -0.6 0.7 0.3
v -0.6 0.8 0.3
v -0.6 2.2 0.3
v -0.6 2.3 0.3
v -0.6 2.4 0.3
v -0.6 3.3 0.3
v -0.6 3.8 0.3
v -0.6 4.1 0.3
v -0.6 4.2 0.3
v -0.6 4.3 0.3
v -0.5 0.6 0.3
v -0.5 0.7 0.3
v -0.5 2.3 0.3
v -0.5 2.4 0.3
v -0.5 2.5 0.3
v -0.5 3.3 0.3
v -0.5 3.8 0.3
v -0.5 4 0.3
v -0.5 4.1 0.3
v -0.5 4.2 0.3
v -0.4 2.4 0.3
v -0.4 2.5 0.3
v -0.4 3.9 0.3
v -0.4 4 0.3
v -0.4 4.1 0.3
v -0.3 3.8 0.3
v -0.3 3.9 0.3
v -0.3 4 0.3
v -0.2 0.2 0.3
v -0.2 0.3 0.3
v -0.2 3.8 0.3
v -0.2 3.9 0.3
v -0.0999999 0 0.3
v -0.0999999 0.2 0.3
v 0.1 0 0.3
v 0.1 0.2 0.3
v 0.2 0.2 0.3
v 0.2 0.3 0.3
v 0.2 3.8 0.3
v 0.2 3.9 0.3
v 0.3 3.8 0.3
v 0.3 3.9 0.3
v 0.3 4 0.3
v 0.4 2.4 0.3
v 0.4 2.5 0.3
v 0.4 3.9 0.3
v 0.4 4 0.3
v 0.4 4.1 0.3
v 0.5 0.6 0.3
v 0.5 0.7 0.3
v 0.5 2.3 0.3
v 0.5 2.4 0.3
v 0.5 2.5 0.3
v 0.5 3.3 0.3
v 0.5 3.8 0.3
v 0.5 4 0.3
v 0.5 4.1 0.3
v 0.5 4.2 0.3
v 0.6 0.2 0.3
v 0.6 0.3 0.3
v 0.6 0.6 0.3
v 0.6 0.7 0.3
v 0.6 0.8 0.3
v 0.6 2.2 0.3
v 0.6 2.3 0.3
v 0.6 2.4 0.3
v 0.6 3.3 0.3
v 0.6 3.8 0.3
v 0.6 4.1 0.3
v 0.6 4.2 0.3
v 0.6 4.3 0.3
v 0.7 0 0.3
v 0.7 0.2 0.3
v 0.7 0.7 0.3
v 0.7 0.8 0.3
v 0.7 1.7 0.3
v 0.7 2.1 0.3
v 0.7 2.2 0.3
v 0.7 2.3 0.3
v 0.7 2.8 0.3
v 0.7 3.1 0.3
v 0.7 3.8 0.3
v 0.7 4.2 0.3
v 0.7 4.3 0.3
v 0.8 0.8 0.3
v 0.8 1.7 0.3
v 0.8 1.8 0.3
v 0.8 2.1 0.3
v 0.8 2.2 0.3
v 0.8 2.8 0.3
v 0.8 3.1 0.3
v 0.9 1.2 0.3
v 0.9 1.3 0.3
v 0.9 1.4 0.3
v 0.9 1.5 0.3
v 0.9 1.7 0.3
v 0.9 1.8 0.3
v 0.9 2.1 0.3
v 1 1.2 0.3
v 1 1.3 0.3
v 1 1.4 0.3
v 1 1.5 0.3
v 1 1.7 0.3
v 1 1.8 0.3
v 1.1 1.2 0.3
v 1.1 1.3 0.3
v 1.1 1.5 0.3
v 1.1 1.7 0.3
v 1.2 1.3 0.3
v 1.2 1.4 0.3
v 1.2 1.7 0.3
v -0.8 1.7 0.2
v -0.8 2.1 0.2
v -0.7 0.8 0.2
v -0.7 1.6 0.2
v -0.7 1.7 0.2
v -0.7 2.1 0.2
v -0.7 2.2 0.2
v -0.7 2.7 0.2
v -0.7 3.2 0.2
v -0.6 0.7 0.2
v -0.6 0.8 0.2
v -0.6 1.6 0.2
v -0.6 2.1 0.2
v -0.6 2.2 0.2
v -0.6 2.3 0.2
v -0.6 2.6 0.2
v -0.6 2.7 0.2
v -0.6 2.8 0.2
v -0.6 3.2 0.2
v -0.6 3.3 0.2
v -0.6 3.8 0.2
v -0.6 4.1 0.2
v -0.5 0.6 0.2
v -0.5 0.7 0.2
v -0.5 2.2 0.2
v -0.5 2.3 0.2
v -0.5 2.4 0.2
v -0.5 2.7 0.2
v -0.5 2.8 0.2
v -0.5 3.2 0.2
v -0.5 3.3 0.2
v -0.5 3.8 0.2
v -0.5 4 0.2
v -0.5 4.1 0.2
v -0.4 0.7 0.2
v -0.4 0.8 0.2
v -0.4 2.4 0.2
v -0.4 2.5 0.2
v -0.4 2.6 0.2
v -0.4 2.7 0.2
v -0.4 3.3 0.2
v -0.4 3.4 0.2
v -0.4 3.9 0.2
v -0.4 4 0.2
v -0.3 0.6 0.2
v -0.3 0.7 0.2
v -0.3 2.3 0.2
v -0.3 2.5 0.2
v -0.3 2.6 0.2
v -0.3 3.4 0.2
v -0.3 3.6 0.2
v -0.3 3.8 0.2
v -0.3 3.9 0.2
v -0.2 3.6 0.2
v -0.2 3.7 0.2
v 0.2 3.6 0.2
v 0.2 3.7 0.2
v 0.3 0.6 0.2
v 0.3 0.7 0.2
v 0.3 2.3 0.2
v 0.3 2.5 0.2
v 0.3 2.6 0.2
v 0.3 3.4 0.2
v 0.3 3.6 0.2
v 0.3 3.8 0.2
v 0.3 3.9 0.2
v 0.4 0.7 0.2
v 0.4 0.8 0.2
v 0.4 2.4 0.2
v 0.4 2.5 0.2
v 0.4 2.6 0.2
v 0.4 2.7 0.2
v 0.4 3.3 0.2
v 0.4 3.4 0.2
v 0.4 3.9 0.2
v 0.4 4 0.2
v 0.5 0.6 0.2
v 0.5 0.7 0.2
v 0.5 2.2 0.2
v 0.5 2.3 0.2
v 0.5 2.4 0.2
v 0.5 2.7 0.2
v 0.5 2.8 0.2
v 0.5 3.2 0.2
v 0.5 3.3 0.2
v 0.5 3.8 0.2
v 0.5 4 0.2
v 0.5 4.1 0.2
v 0.6 0.7 0.2
v 0.6 0.8 0.2
v 0.6 1.6 0.2
v 0.6 2.1 0.2
v 0.6 2.2 0.2
v 0.6 2.3 0.2
v 0.6 2.6 0.2
v 0.6 2.7 0.2
v 0.6 2.8 0.2
v 0.6 3.2 0.2
v 0.6 3.3 0.2
v 0.6 3.8 0.2
v 0.6 4.1 0.2
v 0.7 0.8 0.2
v 0.7 1.6 0.2
v 0.7 1.7 0.2
v 0.7 2.1 0.2
v 0.7 2.2 0.2
v 0.7 2.7 0.2
v 0.7 3.2 0.2
v 0.8 1.7 0.2
v 0.8 2.1 0.2
v -0.7 1.6 0.1
v -0.7 2.1 0.1
v -0.6 0.8 0.1
v -0.6 1.5 0.1
v -0.6 1.6 0.1
v -0.6 2 0.1
v -0.6 2.1 0.1
v -0.6 2.2 0.1
v -0.6 2.8 0.1
v -0.6 3.2 0.1
v -0.5 1.3 0.1
v -0.5 1.5 0.1
v -0.5 2 0.1
v -0.5 2.1 0.1
v -0.5 2.2 0.1
v -0.5 2.3 0.1
v -0.5 2.7 0.1
v -0.5 2.8 0.1
v -0.5 3.2 0.1
v -0.5 3.3 0.1
v -0.4 0.7 0.1
v -0.4 0.8 0.1
v -0.4 0.9 0.1
v -0.4 1.3 0.1
v -0.4 2.1 0.1
v -0.4 2.2 0.1
v -0.4 2.6 0.1
v -0.4 2.7 0.1
v -0.4 2.8 0.1
v -0.4 3.2 0.1
v -0.4 3.3 0.1
v -0.4 3.4 0.1
v -0.3 0.6 0.1
v -0.3 0.7 0.1
v -0.3 0.8 0.1
v -0.3 0.9 0.1
v -0.3 2.3 0.1
v -0.3 2.5 0.1
v -0.3 2.6 0.1
v -0.3 2.7 0.1
v -0.3 3.3 0.1
v -0.3 3.4 0.1
v -0.3 3.6 0.1
v -0.2 0.7 0.1
v -0.2 0.8 0.1
v -0.2 2.2 0.1
v -0.2 2.5 0.1
v -0.2 3.4 0.1
v -0.2 3.5 0.1
v -0.2 3.6 0.1
v -0.2 3.7 0.1
v -0.0999999 1.3 0.1
v -0.0999999 1.4 0.1
v -0.0999999 2.5 0.1
v -0.0999999 2.6 0.1
v 0.1 1.3 0.1
v 0.1 1.4 0.1
v 0.1 2.5 0.1
v 0.1 2.6 0.1
v 0.2 0.7 0.1
v 0.2 0.8 0.1
v 0.2 2.2 0.1
v 0.2 2.5 0.1
v 0.2 3.4 0.1
v 0.2 3.5 0.1
v 0.2 3.6 0.1
v 0.2 3.7 0.1
v 0.3 0.6 0.1
v 0.3 0.7 0.1
v 0.3 0.8 0.1
v 0.3 0.9 0.1
v 0.3 2.3 0.1
v 0.3 2.5 0.1
v 0.3 2.6 0.1
v 0.3 2.7 0.1
v 0.3 3.3 0.1
v 0.3 3.4 0.1
v 0.3 3.6 0.1
v 0.4 0.7 0.1
v 0.4 0.8 0.1
v 0.4 0.9 0.1
v 0.4 1.3 0.1
v 0.4 2.1 0.1
v 0.4 2.2 0.1
v 0.4 2.6 0.1
v 0.4 2.7 0.1
v 0.4 2.8 0.1
v 0.4 3.2 0.1
v 0.4 3.3 0.1
v 0.4 3.4 0.1
v 0.5 1.3 0.1
v 0.5 1.5 0.1
v 0.5 2 0.1
v 0.5 2.1 0.1
v 0.5 2.2 0.1
v 0.5 2.3 0.1
v 0.5 2.7 0.1
v 0.5 2.8 0.1
v 0.5 3.2 0.1
v 0.5 3.3 0.1
v 0.6 0.8 0.1
v 0.6 1.5 0.1
v 0.6 1.6 0.1
v 0.6 2 0.1
v 0.6 2.1 0.1
v 0.6 2.2 0.1
v 0.6 2.8 0.1
v 0.6 3.2 0.1
v 0.7 1.6 0.1
v 0.7 2.1 0.1
v -0.6 1.5 0
v -0.6 2 0
v -0.5 1.3 0
v -0.5 1.5 0
v -0.5 2 0
v -0.5 2.1 0
v -0.5 2.8 0
v -0.5 3.2 0
v -0.4 1.2 0
v -0.4 1.3 0
v -0.4 2.1 0
v -0.4 2.7 0
v -0.4 2.8 0
v -0.4 3.2 0
v -0.4 3.3 0
v -0.3 1.2 0
v -0.3 1.3 0
v -0.3 2 0
v -0.3 2.1 0
v -0.3 2.6 0
v -0.3 2.7 0
v -0.3 3.3 0
v -0.3 3.4 0
v -0.2 1.3 0
v -0.2 1.4 0
v -0.2 1.9 0
v -0.2 2 0
v -0.2 2.4 0
v -0.2 2.5 0
v -0.2 3.4 0
v -0.2 3.5 0
v -0.0999999 1.8 0
v -0.0999999 1.9 0
v -0.0999999 2.3 0
v -0.0999999 2.4 0
v -0.0999999 2.5 0
v -0.0999999 2.6 0
v 1.19209e-07 1.7 0
v 1.19209e-07 1.8 0
v 1.19209e-07 2.2 0
v 1.19209e-07 2.3 0
v 0.1 1.6 0
v 0.1 1.7 0
v 0.1 2.1 0
v 0.1 2.2 0
v 0.1 2.5 0
v 0.1 2.6 0
v 0.2 1.3 0
v 0.2 1.4 0
v 0.2 1.5 0
v 0.2 1.6 0
v 0.2 2 0
v 0.2 2.1 0
v 0.2 2.2 0
v 0.2 2.5 0
v 0.2 3.4 0
v 0.2 3.5 0
v 0.3 1.2 0
v 0.3 1.3 0
v 0.3 1.4 0
v 0.3 1.5 0
v 0.3 1.9 0
v 0.3 2 0
v 0.3 2.6 0
v 0.3 2.7 0
v 0.3 3.3 0
v 0.3 3.4 0
v 0.4 1.2 0
v 0.4 1.3 0
v 0.4 1.8 0
v 0.4 1.9 0
v 0.4 2.1 0
v 0.4 2.2 0
v 0.4 2.7 0
v 0.4 2.8 0
v 0.4 3.2 0
v 0.4 3.3 0
v 0.5 1.3 0
v 0.5 1.4 0
v 0.5 1.7 0
v 0.5 1.8 0
v 0.5 2 0
v 0.5 2.1 0
v 0.5 2.8 0
v 0.5 3.2 0
v 0.6 1.7 0
v 0.6 2 0
v -0.8 2.5 -0.1
v -0.8 2.6 -0.1
v -0.7 2.4 -0.1
v -0.7 2.5 -0.1
v -0.7 2.6 -0.1
v -0.6 2.3 -0.1
v -0.6 2.4 -0.1
v -0.6 2.5 -0.1
v -0.6 2.7 -0.1
v -0.6 2.8 -0.1
v -0.5 2.3 -0.1
v -0.5 2.4 -0.1
v -0.5 2.6 -0.1
v -0.5 2.7 -0.1
v -0.5 2.8 -0.1
v -0.4 2.5 -0.1
v -0.4 2.6 -0.1
v -0.4 2.7 -0.1
v -0.3 2.5 -0.1
v -0.3 2.6 -0.1
v -0.7 2.6 -0.2
v -0.7 2.7 -0.2
v -0.6 2.5 -0.2
v -0.6 2.6 -0.2
v -0.6 2.7 -0.2
v -0.5 2.2 -0.2
v -0.5 2.3 -0.2
v -0.5 2.4 -0.2
v -0.5 2.5 -0.2
v -0.5 2.6 -0.2
v -0.4 2.1 -0.2
v -0.4 2.2 -0.2
v -0.4 2.3 -0.2
v -0.4 2.4 -0.2
v -0.4 2.5 -0.2
v -0.3 2 -0.2
v -0.3 2.1 -0.2
v -0.3 2.2 -0.2
v -0.3 2.4 -0.2
v -0.3 2.5 -0.2
v -0.2 1.9 -0.2
v -0.2 2 -0.2
v -0.2 2.1 -0.2
v -0.2 2.3 -0.2
v -0.2 2.4 -0.2
v -0.2 2.5 -0.2
v -0.0999999 1.8 -0.2
v -0.0999999 1.9 -0.2
v -0.0999999 2 -0.2
v -0.0999999 2.2 -0.2
v -0.0999999 2.3 -0.2
v -0.0999999 2.4 -0.2
v 1.19209e-07 1.7 -0.2
v 1.19209e-07 1.8 -0.2
v 1.19209e-07 1.9 -0.2
v 1.19209e-07 2.1 -0.2
v 1.19209e-07 2.2 -0.2
v 1.19209e-07 2.3 -0.2
v 0.1 1.6 -0.2
v 0.1 1.7 -0.2
v 0.1 1.8 -0.2
v 0.1 2 -0.2
v 0.1 2.1 -0.2
v 0.1 2.2 -0.2
v 0.2 1.5 -0.2
v 0.2 1.6 -0.2
v 0.2 1.7 -0.2
v 0.2 1.9 -0.2
v 0.2 2 -0.2
v 0.2 2.1 -0.2
v 0.3 1.4 -0.2
v 0.3 1.5 -0.2
v 0.3 1.6 -0.2
v 0.3 1.8 -0.2
v 0.3 1.9 -0.2
v 0.3 2 -0.2
v 0.4 1.7 -0.2
v 0.4 1.8 -0.2
v 0.4 1.9 -0.2
v 0.5 1.5 -0.2
v 0.5 1.7 -0.2
v 0.5 1.8 -0.2
v 0.6 1.4 -0.2
v 0.6 1.7 -0.2
v -0.5 2.3 -0.3
v -0.5 2.4 -0.3
v -0.4 2.2 -0.3
v -0.4 2.3 -0.3
v -0.4 2.4 -0.3
v -0.4 2.5 -0.3
v -0.3 2.1 -0.3
v -0.3 2.2 -0.3
v -0.3 2.3 -0.3
v -0.3 2.4 -0.3
v -0.3 2.5 -0.3
v -0.2 2 -0.3
v -0.2 2.1 -0.3
v -0.2 2.2 -0.3
v -0.2 2.3 -0.3
v -0.2 2.4 -0.3
v -0.0999999 1.9 -0.3
v -0.0999999 2 -0.3
v -0.0999999 2.2 -0.3
v -0.0999999 2.3 -0.3
v 1.19209e-07 1.8 -0.3
v 1.19209e-07 1.9 -0.3
v 1.19209e-07 2.1 -0.3
v 1.19209e-07 2.2 -0.3
v 0.1 1.7 -0.3
v 0.1 1.8 -0.3
v 0.1 2 -0.3
v 0.1 2.1 -0.3
v 0.2 1.6 -0.3
v 0.2 1.7 -0.3
v 0.2 1.9 -0.3
v 0.2 2 -0.3
v 0.3 1.5 -0.3
v 0.3 1.6 -0.3
v 0.3 1.8 -0.3
v 0.3 1.9 -0.3
v 0.4 1.7 -0.3
v 0.4 1.8 -0.3
v 0.5 1.5 -0.3
v 0.5 1.7 -0.3
v -0.5 0.7 -0.6
v -0.5 0.8 -0.6
v -0.5 1.3 -0.6
v -0.5 1.4 -0.6
v -0.4 0.6 -0.6
v -0.4 0.7 -0.6
v -0.4 0.8 -0.6
v -0.4 1.3 -0.6
v -0.4 1.4 -0.6
v -0.3 0.6 -0.6
v -0.3 0.7 -0.6
v 0.3 0.6 -0.6
v 0.3 0.7 -0.6
v 0.4 0.6 -0.6
v 0.4 0.7 -0.6
v 0.4 0.8 -0.6
v 0.4 1.3 -0.6
v 0.4 1.4 -0.6
v 0.5 0.7 -0.6
v 0.5 0.8 -0.6
v 0.5 1.3 -0.6
v 0.5 1.4 -0.6
v -0.5 0.8 -0.7
v -0.5 1 -0.7
v -0.4 0.7 -0.7
v -0.4 0.8 -0.7
v -0.4 1 -0.7
v -0.4 1.4 -0.7
v -0.4 1.5 -0.7
v -0.3 0.6 -0.7
v -0.3 0.7 -0.7
v -0.3 0.8 -0.7
v -0.3 1.4 -0.7
v -0.3 1.5 -0.7
v 0.3 0.6 -0.7
v 0.3 0.7 -0.7
v 0.3 0.8 -0.7
v 0.3 1.4 -0.7
v 0.3 1.5 -0.7
v 0.4 0.7 -0.7
v 0.4 0.8 -0.7
v 0.4 1 -0.7
v 0.4 1.4 -0.7
v 0.4 1.5 -0.7
v 0.5 0.8 -0.7
v 0.5 1 -0.7
v -0.5 1 -0.8
v -0.5 1.3 -0.8
v -0.4 0.8 -0.8
v -0.4 1 -0.8
v -0.4 1.3 -0.8
v -0.4 1.4 -0.8
v -0.3 0.7 -0.8
v -0.3 0.8 -0.8
v -0.3 0.9 -0.8
v -0.3 1 -0.8
v -0.3 1.3 -0.8
v -0.3 1.4 -0.8
v -0.3 1.5 -0.8
v -0.3 1.6 -0.8
v -0.3 1.7 -0.8
v -0.2 0.8 -0.8
v -0.2 0.9 -0.8
v -0.2 1.5 -0.8
v -0.2 1.6 -0.8
v -0.2 1.7 -0.8
v 0.2 0.8 -0.8
v 0.2 0.9 -0.8
v 0.2 1.5 -0.8
v 0.2 1.6 -0.8
v 0.2 1.7 -0.8
v 0.3 0.7 -0.8
v 0.3 0.8 -0.8
v 0.3 0.9 -0.8
v 0.3 1 -0.8
v 0.3 1.3 -0.8
v 0.3 1.4 -0.8
v 0.3 1.5 -0.8
v 0.3 1.6 -0.8
v 0.3 1.7 -0.8
v 0.4 0.8 -0.8
v 0.4 1 -0.8
v 0.4 1.3 -0.8
v 0.4 1.4 -0.8
v 0.5 1 -0.8
v 0.5 1.3 -0.8
v -0.4 1 -0.9
v -0.4 1.3 -0.9
v -0.3 0.9 -0.9
v -0.3 1 -0.9
v -0.3 1.1 -0.9
v -0.3 1.3 -0.9
v -0.3 1.5 -0.9
v -0.2 0.8 -0.9
v -0.2 0.9 -0.9
v -0.2 1 -0.9
v -0.2 1.1 -0.9
v -0.2 1.3 -0.9
v -0.2 1.4 -0.9
v -0.2 1.5 -0.9
v -0.0999999 1.4 -0.9
v -0.0999999 1.5 -0.9
v 0.1 1.4 -0.9
v 0.1 1.5 -0.9
v 0.2 0.8 -0.9
v 0.2 0.9 -0.9
v 0.2 1 -0.9
v 0.2 1.1 -0.9
v 0.2 1.3 -0.9
v 0.2 1.4 -0.9
v 0.2 1.5 -0.9
v 0.3 0.9 -0.9
v 0.3 1 -0.9
v 0.3 1.1 -0.9
v 0.3 1.3 -0.9
v 0.3 1.5 -0.9
v 0.4 1 -0.9
v 0.4 1.3 -0.9
v -0.3 1.1 -1
v -0.3 1.3 -1
v -0.2 1 -1
v -0.2 1.1 -1
v -0.2 1.3 -1
v -0.2 1.4 -1
v -0.2 1.5 -1
v -0.2 1.6 -1
v -0.0999999 1.3 -1
v -0.0999999 1.4 -1
v -0.0999999 1.5 -1
v -0.0999999 1.6 -1
v 0.1 1.3 -1
v 0.1 1.4 -1
v 0.1 1.5 -1
v 0.1 1.6 -1
v 0.2 1 -1
v 0.2 1.1 -1
v 0.2 1.3 -1
v 0.2 1.4 -1
v 0.2 1.5 -1
v 0.2 1.6 -1
v 0.3 1.1 -1
v 0.3 1.3 -1
v -0.2 1.1 -1.1
v -0.2 1.3 -1.1
v -0.2 1.8 -1.1
v -0.2 1.9 -1.1
v -0.0999999 1.3 -1.1
v -0.0999999 1.5 -1.1
v -0.0999999 1.8 -1.1
v -0.0999999 1.9 -1.1
v -0.0999999 2 -1.1
v 0.1 1.3 -1.1
v 0.1 1.5 -1.1
v 0.1 1.8 -1.1
v 0.1 1.9 -1.1
v 0.1 2 -1.1
v 0.2 1.1 -1.1
v 0.2 1.3 -1.1
v 0.2 1.8 -1.1
v 0.2 1.9 -1.1
v -0.2 1.7 -1.2
v -0.2 1.8 -1.2
v -0.0999999 1.7 -1.2
v -0.0999999 1.8 -1.2
v -0.0999999 1.9 -1.2
v 0.1 1.7 -1.2
v 0.1 1.8 -1.2
v 0.1 1.9 -1.2
v 0.2 1.7 -1.2
v 0.2 1.8 -1.2
v -0.2 1.6 -1.3
v -0.2 1.7 -1.3
v -0.0999999 1.6 -1.3
v -0.0999999 1.7 -1.3
v -0.0999999 1.8 -1.3
v 0.1 1.6 -1.3
v 0.1 1.7 -1.3
v 0.1 1.8 -1.3
v 0.2 1.6 -1.3
v 0.2 1.7 -1.3
v -0.2 1.5 -1.4
v -0.2 1.6 -1.4
v -0.0999999 1.5 -1.4
v -0.0999999 1.6 -1.4
v -0.0999999 1.7 -1.4
v 0.1 1.5 -1.4
v 0.1 1.6 -1.4
v 0.1 1.7 -1.4
v 0.2 1.5 -1.4
v 0.2 1.6 -1.4
v -0.0999999 1.3 -1.5
v -0.0999999 1.4 -1.5
v -0.0999999 1.5 -1.5
v -0.0999999 1.6 -1.5
v 0.1 1.3 -1.5
v 0.1 1.4 -1.5
v 0.1 1.5 -1.5
v 0.1 1.6 -1.5
v -0.0999999 1.4 -1.6
v -0.0999999 1.5 -1.6
v 0.1 1.4 -1.6
v 0.1 1.5 -1.6
v -0.6 0 1
v -0.2 0 1
v 0.2 0 1
v 0.6 0 1
v -0.7 0 0.9
v -0.6 0 0.9
v -0.2 0 0.9
v -0.0999999 0 0.9
v 0.1 0 0.9
v 0.2 0 0.9
v 0.6 0 0.9
v 0.7 0 0.9
v -0.7 0 0.3
v -0.0999999 0 0.3
v 0.1 0 0.3
v 0.7 0 0.3
v -0.3 0.6 0.9
v 0.3 0.6 0.9
v -0.5 0.6 0.8
v -0.3 0.6 0.8
v 0.3 0.6 0.8
v 0.5 0.6 0.8
v -0.6 0.6 0.7
v -0.5 0.6 0.7
v 0.5 0.6 0.7
v 0.6 0.6 0.7
v -0.6 0.6 0.3
v -0.5 0.6 0.3
v 0.5 0.6 0.3
v 0.6 0.6 0.3
v -0.5 0.6 0.2
v -0.3 0.6 0.2
v 0.3 0.6 0.2
v 0.5 0.6 0.2
v -0.3 0.6 0.1
v 0.3 0.6 0.1
v -0.2 0.6 0
v 0.2 0.6 0
v -0.3 0.6 -0.2
v -0.2 0.6 -0.2
v 0.2 0.6 -0.2
v 0.3 0.6 -0.2
v -0.4 0.6 -0.4
v -0.3 0.6 -0.4
v 0.3 0.6 -0.4
v 0.4 0.6 -0.4
v -0.4 0.6 -0.6
v -0.3 0.6 -0.6
v 0.3 0.6 -0.6
v 0.4 0.6 -0.6
v -0.3 0.6 -0.7
v 0.3 0.6 -0.7
v -0.4 0.7 0.9
v -0.3 0.7 0.9
v 0.3 0.7 0.9
v 0.4 0.7 0.9
v -0.6 0.7 0.8
v -0.5 0.7 0.8
v -0.4 0.7 0.8
v -0.3 0.7 0.8
v 0.3 0.7 0.8
v 0.4 0.7 0.8
v 0.5 0.7 0.8
v 0.6 0.7 0.8
v -0.7 0.7 0.7
v -0.6 0.7 0.7
v -0.5 0.7 0.7
v 0.5 0.7 0.7
v 0.6 0.7 0.7
v 0.7 0.7 0.7
v -0.7 0.7 0.3
v -0.6 0.7 0.3
v -0.5 0.7 0.3
v 0.5 0.7 0.3
v 0.6 0.7 0.3
v 0.7 0.7 0.3
v -0.6 0.7 0.2
v -0.5 0.7 0.2
v -0.4 0.7 0.2
v -0.3 0.7 0.2
v 0.3 0.7 0.2
v 0.4 0.7 0.2
v 0.5 0.7 0.2
v 0.6 0.7 0.2
v -0.4 0.7 0.1
v -0.3 0.7 0.1
v -0.2 0.7 0.1
v 0.2 0.7 0.1
v 0.3 0.7 0.1
v 0.4 0.7 0.1
v -0.3 0.7 0
v -0.2 0.7 0
v 0.2 0.7 0
v 0.3 0.7 0
v -0.4 0.7 -0.2
v -0.3 0.7 -0.2
v -0.2 0.7 -0.2
v 0.2 0.7 -0.2
v 0.3 0.7 -0.2
v 0.4 0.7 -0.2
v -0.5 0.7 -0.4
v -0.4 0.7 -0.4
v -0.3 0.7 -0.4
v 0.3 0.7 -0.4
v 0.4 0.7 -0.4
v 0.5 0.7 -0.4
v -0.5 0.7 -0.6
v -0.4 0.7 -0.6
v -0.3 0.7 -0.6
v 0.3 0.7 -0.6
v 0.4 0.7 -0.6
v 0.5 0.7 -0.6
v -0.4 0.7 -0.7
v -0.3 0.7 -0.7
v 0.3 0.7 -0.7
v 0.4 0.7 -0.7
v -0.3 0.7 -0.8
v 0.3 0.7 -0.8
v -0.0999999 0.8 1
v 0.1 0.8 1
v -0.6 0.8 0.9
v -0.4 0.8 0.9
v -0.0999999 0.8 0.9
v 0.1 0.8 0.9
v 0.4 0.8 0.9
v 0.6 0.8 0.9
v -0.7 0.8 0.8
v -0.6 0.8 0.8
v -0.4 0.8 0.8
v 0.4 0.8 0.8
v 0.6 0.8 0.8
v 0.7 0.8 0.8
v -0.8 0.8 0.7
v -0.7 0.8 0.7
v -0.6 0.8 0.7
v 0.6 0.8 0.7
v 0.7 0.8 0.7
v 0.8 0.8 0.7
v -0.8 0.8 0.3
v -0.7 0.8 0.3
v -0.6 0.8 0.3
v 0.6 0.8 0.3
v 0.7 0.8 0.3
v 0.8 0.8 0.3
v -0.7 0.8 0.2
v -0.6 0.8 0.2
v -0.4 0.8 0.2
v 0.4 0.8 0.2
v 0.6 0.8 0.2
v 0.7 0.8 0.2
v -0.6 0.8 0.1
v -0.4 0.8 0.1
v -0.3 0.8 0.1
v -0.2 0.8 0.1
v 0.2 0.8 0.1
v 0.3 0.8 0.1
v 0.4 0.8 0.1
v 0.6 0.8 0.1
v -0.4 0.8 0
v -0.3 0.8 0
v -0.2 0.8 0
v 0.2 0.8 0
v 0.3 0.8 0
v 0.4 0.8 0
v -0.4 0.8 -0.2
v -0.3 0.8 -0.2
v 0.3 0.8 -0.2
v 0.4 0.8 -0.2
v -0.5 0.8 -0.3
v -0.4 0.8 -0.3
v 0.4 0.8 -0.3
v 0.5 0.8 -0.3
v -0.5 0.8 -0.4
v -0.4 0.8 -0.4
v 0.4 0.8 -0.4
v 0.5 0.8 -0.4
v -0.5 0.8 -0.6
v -0.4 0.8 -0.6
v 0.4 0.8 -0.6
v 0.5 0.8 -0.6
v -0.5 0.8 -0.7
v -0.4 0.8 -0.7
v -0.3 0.8 -0.7
v 0.3 0.8 -0.7
v 0.4 0.8 -0.7
v 0.5 0.8 -0.7
v -0.4 0.8 -0.8
v -0.3 0.8 -0.8
v -0.2 0.8 -0.8
v 0.2 0.8 -0.8
v 0.3 0.8 -0.8
v 0.4 0.8 -0.8
v -0.2 0.8 -0.9
v 0.2 0.8 -0.9
v -0.2 0.9 1
v -0.0999999 0.9 1
v 0.1 0.9 1
v 0.2 0.9 1
v -0.2 0.9 0.9
v -0.0999999 0.9 0.9
v 0.1 0.9 0.9
v 0.2 0.9 0.9
v -0.4 0.9 0.1
v -0.3 0.9 0.1
v 0.3 0.9 0.1
v 0.4 0.9 0.1
v -0.4 0.9 0
v -0.3 0.9 0
v 0.3 0.9 0
v 0.4 0.9 0
v -0.5 0.9 -0.2
v -0.4 0.9 -0.2
v 0.4 0.9 -0.2
v 0.5 0.9 -0.2
v -0.5 0.9 -0.3
v -0.4 0.9 -0.3
v 0.4 0.9 -0.3
v 0.5 0.9 -0.3
v -0.3 0.9 -0.8
v -0.2 0.9 -0.8
v 0.2 0.9 -0.8
v 0.3 0.9 -0.8
v -0.3 0.9 -0.9
v -0.2 0.9 -0.9
v 0.2 0.9 -0.9
v 0.3 0.9 -0.9
v -0.3 1 1
v -0.2 1 1
v 0.2 1 1
v 0.3 1 1
v -0.3 1 0.9
v -0.2 1 0.9
v 0.2 1 0.9
v 0.3 1 0.9
v -0.5 1 -0.1
v -0.4 1 -0.1
v 0.4 1 -0.1
v 0.5 1 -0.1
v -0.5 1 -0.2
v -0.4 1 -0.2
v 0.4 1 -0.2
v 0.5 1 -0.2
v -0.5 1 -0.7
v -0.4 1 -0.7
v 0.4 1 -0.7
v 0.5 1 -0.7
v -0.5 1 -0.8
v -0.4 1 -0.8
v -0.3 1 -0.8
v 0.3 1 -0.8
v 0.4 1 -0.8
v 0.5 1 -0.8
v -0.4 1 -0.9
v -0.3 1 -0.9
v -0.2 1 -0.9
v 0.2 1 -0.9
v 0.3 1 -0.9
v 0.4 1 -0.9
v -0.2 1 -1
v 0.2 1 -1
v -1.1 1.1 0.6
v -1 1.1 0.6
v -0.9 1.1 0.6
v 0.9 1.1 0.6
v 1 1.1 0.6
v 1.1 1.1 0.6
v -1.1 1.1 0.4
v -1 1.1 0.4
v -0.9 1.1 0.4
v 0.9 1.1 0.4
v 1 1.1 0.4
v 1.1 1.1 0.4
v -0.3 1.1 -0.9
v -0.2 1.1 -0.9
v 0.2 1.1 -0.9
v 0.3 1.1 -0.9
v -0.3 1.1 -1
v -0.2 1.1 -1
v 0.2 1.1 -1
v 0.3 1.1 -1
v -0.2 1.1 -1.1
v 0.2 1.1 -1.1
v -0.4 1.2 1
v -0.3 1.2 1
v 0.3 1.2 1
v 0.4 1.2 1
v -0.4 1.2 0.9
v -0.3 1.2 0.9
v 0.3 1.2 0.9
v 0.4 1.2 0.9
v -1.1 1.2 0.7
v -1 1.2 0.7
v -0.9 1.2 0.7
v 0.9 1.2 0.7
v 1 1.2 0.7
v 1.1 1.2 0.7
v -1.2 1.2 0.6
v -1.1 1.2 0.6
v -1 1.2 0.6
v -0.9 1.2 0.6
v 0.9 1.2 0.6
v 1 1.2 0.6
v 1.1 1.2 0.6
v 1.2 1.2 0.6
v -1.2 1.2 0.4
v -1.1 1.2 0.4
v -1 1.2 0.4
v -0.9 1.2 0.4
v 0.9 1.2 0.4
v 1 1.2 0.4
v 1.1 1.2 0.4
v 1.2 1.2 0.4
v -1.1 1.2 0.3
v -1 1.2 0.3
v -0.9 1.2 0.3
v 0.9 1.2 0.3
v 1 1.2 0.3
v 1.1 1.2 0.3
v -1.2 1.3 0.7
v -1.1 1.3 0.7
v 1.1 1.3 0.7
v 1.2 1.3 0.7
v -1.2 1.3 0.6
v -1.1 1.3 0.6
v 1.1 1.3 0.6
v 1.2 1.3 0.6
v -1.2 1.3 0.4
v -1.1 1.3 0.4
v 1.1 1.3 0.4
v 1.2 1.3 0.4
v -1.2 1.3 0.3
v -1.1 1.3 0.3
v 1.1 1.3 0.3
v 1.2 1.3 0.3
v -0.5 1.3 0.1
v -0.4 1.3 0.1
v 0.4 1.3 0.1
v 0.5 1.3 0.1
v -0.5 1.3 0
v -0.4 1.3 0
v 0.4 1.3 0
v 0.5 1.3 0
v -0.0999999 1.3 -1.4
v 0.1 1.3 -1.4
v -0.0999999 1.3 -1.5
v 0.1 1.3 -1.5
v -0.6 1.4 1
v -0.5 1.4 1
v 0.5 1.4 1
v 0.6 1.4 1
v -0.6 1.4 0.9
v -0.5 1.4 0.9
v 0.5 1.4 0.9
v 0.6 1.4 0.9
v -0.0999999 1.4 0.1
v 0.1 1.4 0.1
v -0.0999999 1.4 0
v 0.1 1.4 0
v 0.3 1.4 0
v 0.5 1.4 0
v 0.6 1.4 0
v 0.3 1.4 -0.2
v 0.6 1.4 -0.2
v -0.0999999 1.4 -1.3
v 0.1 1.4 -1.3
v -0.0999999 1.4 -1.4
v 0.1 1.4 -1.4
v -0.0999999 1.4 -1.5
v 0.1 1.4 -1.5
v -0.0999999 1.4 -1.6
v 0.1 1.4 -1.6
v -0.7 1.5 0.9
v -0.6 1.5 0.9
v 0.6 1.5 0.9
v 0.7 1.5 0.9
v -0.7 1.5 0.8
v -0.6 1.5 0.8
v 0.6 1.5 0.8
v 0.7 1.5 0.8
v -0.6 1.5 0.1
v -0.5 1.5 0.1
v 0.5 1.5 0.1
v 0.6 1.5 0.1
v -0.6 1.5 0
v -0.5 1.5 0
v 0.2 1.5 0
v 0.3 1.5 0
v 0.5 1.5 0
v 0.6 1.5 0
v 0.2 1.5 -0.2
v 0.3 1.5 -0.2
v 0.5 1.5 -0.2
v 0.3 1.5 -0.3
v 0.5 1.5 -0.3
v -0.2 1.5 -0.9
v -0.0999999 1.5 -0.9
v 0.1 1.5 -0.9
v 0.2 1.5 -0.9
v -0.2 1.5 -1
v -0.0999999 1.5 -1
v 0.1 1.5 -1
v 0.2 1.5 -1
v -0.0999999 1.5 -1.1
v 0.1 1.5 -1.1
v -0.2 1.5 -1.3
v -0.0999999 1.5 -1.3
v 0.1 1.5 -1.3
v 0.2 1.5 -1.3
v -0.2 1.5 -1.4
v -0.0999999 1.5 -1.4
v 0.1 1.5 -1.4
v 0.2 1.5 -1.4
v -0.7 1.6 0.2
v -0.6 1.6 0.2
v 0.6 1.6 0.2
v 0.7 1.6 0.2
v -0.7 1.6 0.1
v -0.6 1.6 0.1
v 0.6 1.6 0.1
v 0.7 1.6 0.1
v 0.1 1.6 0
v 0.2 1.6 0
v 0.1 1.6 -0.2
v 0.2 1.6 -0.2
v 0.3 1.6 -0.2
v 0.2 1.6 -0.3
v 0.3 1.6 -0.3
v -0.2 1.6 -1
v -0.0999999 1.6 -1
v 0.1 1.6 -1
v 0.2 1.6 -1
v -0.2 1.6 -1.3
v -0.0999999 1.6 -1.3
v 0.1 1.6 -1.3
v 0.2 1.6 -1.3
v -0.5 1.7 1
v -0.4 1.7 1
v 0.4 1.7 1
v 0.5 1.7 1
v -0.5 1.7 0.9
v -0.4 1.7 0.9
v 0.4 1.7 0.9
v 0.5 1.7 0.9
v -0.8 1.7 0.8
v -0.7 1.7 0.8
v 0.7 1.7 0.8
v 0.8 1.7 0.8
v -0.8 1.7 0.7
v -0.7 1.7 0.7
v 0.7 1.7 0.7
v 0.8 1.7 0.7
v -0.8 1.7 0.3
v -0.7 1.7 0.3
v 0.7 1.7 0.3
v 0.8 1.7 0.3
v -0.8 1.7 0.2
v -0.7 1.7 0.2
v 0.7 1.7 0.2
v 0.8 1.7 0.2
v 1.19209e-07 1.7 0
v 0.1 1.7 0
v 1.19209e-07 1.7 -0.2
v 0.1 1.7 -0.2
v 0.2 1.7 -0.2
v 0.1 1.7 -0.3
v 0.2 1.7 -0.3
v -0.4 1.8 1
v -0.3 1.8 1
v 0.3 1.8 1
v 0.4 1.8 1
v -0.4 1.8 0.9
v -0.3 1.8 0.9
v 0.3 1.8 0.9
v 0.4 1.8 0.9
v -0.9 1.8 0.7
v -0.8 1.8 0.7
v 0.8 1.8 0.7
v 0.9 1.8 0.7
v -0.9 1.8 0.6
v -0.8 1.8 0.6
v 0.8 1.8 0.6
v 0.9 1.8 0.6
v -0.9 1.8 0.4
v -0.8 1.8 0.4
v 0.8 1.8 0.4
v 0.9 1.8 0.4
v -0.9 1.8 0.3
v -0.8 1.8 0.3
v 0.8 1.8 0.3
v 0.9 1.8 0.3
v -0.0999999 1.8 0
v 1.19209e-07 1.8 0
v -0.0999999 1.8 -0.2
v 1.19209e-07 1.8 -0.2
v 0.1 1.8 -0.2
v 1.19209e-07 1.8 -0.3
v 0.1 1.8 -0.3
v -0.3 1.9 1
v -0.2 1.9 1
v 0.2 1.9 1
v 0.3 1.9 1
v -0.3 1.9 0.9
v -0.2 1.9 0.9
v 0.2 1.9 0.9
v 0.3 1.9 0.9
v -0.9 1.9 0.6
v -0.8 1.9 0.6
v 0.8 1.9 0.6
v 0.9 1.9 0.6
v -0.9 1.9 0.4
v -0.8 1.9 0.4
v 0.8 1.9 0.4
v 0.9 1.9 0.4
v -0.2 1.9 0
v -0.0999999 1.9 0
v -0.2 1.9 -0.2
v -0.0999999 1.9 -0.2
v 1.19209e-07 1.9 -0.2
v -0.0999999 1.9 -0.3
v 1.19209e-07 1.9 -0.3
v -0.2 2 1
v 0.2 2 1
v -0.2 2 0.9
v 0.2 2 0.9
v -0.3 2 0
v -0.2 2 0
v -0.3 2 -0.2
v -0.2 2 -0.2
v -0.0999999 2 -0.2
v -0.2 2 -0.3
v -0.0999999 2 -0.3
v -0.4 2.1 0
v -0.3 2.1 0
v -0.4 2.1 -0.2
v -0.3 2.1 -0.2
v -0.2 2.1 -0.2
v -0.3 2.1 -0.3
v -0.2 2.1 -0.3
v -0.5 2.2 0
v -0.4 2.2 0
v -0.5 2.2 -0.2
v -0.4 2.2 -0.2
v -0.3 2.2 -0.2
v -0.4 2.2 -0.3
v -0.3 2.2 -0.3
v -0.3 2.3 1
v -0.2 2.3 1
v 0.2 2.3 1
v 0.3 2.3 1
v -0.3 2.3 0.9
v -0.2 2.3 0.9
v 0.2 2.3 0.9
v 0.3 2.3 0.9
v -0.6 2.3 0
v -0.5 2.3 0
v -0.6 2.3 -0.1
v -0.5 2.3 -0.1
v -0.5 2.3 -0.2
v -0.4 2.3 -0.2
v -0.5 2.3 -0.3
v -0.4 2.3 -0.3
v -0.4 2.4 1
v -0.3 2.4 1
v 0.3 2.4 1
v 0.4 2.4 1
v -0.4 2.4 0.8
v -0.3 2.4 0.8
v 0.3 2.4 0.8
v 0.4 2.4 0.8
v -0.7 2.4 0
v -0.6 2.4 0
v -0.7 2.4 -0.1
v -0.6 2.4 -0.1
v -0.0999999 2.5 0.9
v 0.1 2.5 0.9
v -0.0999999 2.5 0.8
v 0.1 2.5 0.8
v -0.8 2.5 0
v -0.7 2.5 0
v -0.8 2.5 -0.1
v -0.7 2.5 -0.1
v -0.6 2.5 -0.1
v -0.5 2.5 -0.1
v -0.6 2.5 -0.2
v -0.5 2.5 -0.2
v -0.0999999 2.6 1
v 0.1 2.6 1
v -0.2 2.6 0.9
v -0.0999999 2.6 0.9
v 0.1 2.6 0.9
v 0.2 2.6 0.9
v -0.5 2.6 0.8
v -0.4 2.6 0.8
v -0.2 2.6 0.8
v -0.0999999 2.6 0.8
v 0.1 2.6 0.8
v 0.2 2.6 0.8
v 0.4 2.6 0.8
v 0.5 2.6 0.8
v -0.6 2.6 0.7
v -0.5 2.6 0.7
v -0.4 2.6 0.7
v 0.4 2.6 0.7
v 0.5 2.6 0.7
v 0.6 2.6 0.7
v -0.7 2.6 0.6
v -0.6 2.6 0.6
v -0.5 2.6 0.6
v 0.5 2.6 0.6
v 0.6 2.6 0.6
v 0.7 2.6 0.6
v -0.7 2.6 0.4
v -0.6 2.6 0.4
v -0.4 2.6 0.4
v 0.4 2.6 0.4
v 0.6 2.6 0.4
v 0.7 2.6 0.4
v -0.6 2.6 0.2
v -0.4 2.6 0.2
v -0.3 2.6 0.2
v 0.3 2.6 0.2
v 0.4 2.6 0.2
v 0.6 2.6 0.2
v -0.4 2.6 0.1
v -0.3 2.6 0.1
v -0.0999999 2.6 0.1
v 0.1 2.6 0.1
v 0.3 2.6 0.1
v 0.4 2.6 0.1
v -0.5 2.6 0
v -0.4 2.6 0
v -0.3 2.6 0
v -0.0999999 2.6 0
v 0.1 2.6 0
v 0.3 2.6 0
v -0.7 2.6 -0.1
v -0.6 2.6 -0.1
v -0.5 2.6 -0.1
v -0.4 2.6 -0.1
v -0.7 2.6 -0.2
v -0.6 2.6 -0.2
v -0.0999999 2.7 1.2
v 0.1 2.7 1.2
v -0.2 2.7 1.1
v -0.0999999 2.7 1.1
v 0.1 2.7 1.1
v 0.2 2.7 1.1
v -0.0999999 2.7 1
v 0.1 2.7 1
v -0.5 2.7 0.9
v -0.3 2.7 0.9
v -0.2 2.7 0.9
v -0.0999999 2.7 0.9
v 0.1 2.7 0.9
v 0.2 2.7 0.9
v 0.3 2.7 0.9
v 0.5 2.7 0.9
v -0.7 2.7 0.8
v -0.5 2.7 0.8
v -0.3 2.7 0.8
v -0.2 2.7 0.8
v 0.2 2.7 0.8
v 0.3 2.7 0.8
v 0.5 2.7 0.8
v 0.7 2.7 0.8
v -0.8 2.7 0.7
v -0.7 2.7 0.7
v -0.6 2.7 0.7
v -0.5 2.7 0.7
v 0.5 2.7 0.7
v 0.6 2.7 0.7
v 0.7 2.7 0.7
v 0.8 2.7 0.7
v -0.7 2.7 0.6
v -0.6 2.7 0.6
v 0.6 2.7 0.6
v 0.7 2.7 0.6
v -0.8 2.7 0.4
v -0.7 2.7 0.4
v -0.6 2.7 0.4
v 0.6 2.7 0.4
v 0.7 2.7 0.4
v 0.8 2.7 0.4
v -0.7 2.7 0.2
v -0.6 2.7 0.2
v -0.5 2.7 0.2
v -0.4 2.7 0.2
v 0.4 2.7 0.2
v 0.5 2.7 0.2
v 0.6 2.7 0.2
v 0.7 2.7 0.2
v -0.5 2.7 0.1
v -0.4 2.7 0.1
v -0.3 2.7 0.1
v 0.3 2.7 0.1
v 0.4 2.7 0.1
v 0.5 2.7 0.1
v -0.6 2.7 0
v -0.5 2.7 0
v -0.4 2.7 0
v -0.3 2.7 0
v 0.3 2.7 0
v 0.4 2.7 0
v -0.6 2.7 -0.1
v -0.5 2.7 -0.1
v -0.0999999 2.8 1.4
v 0.1 2.8 1.4
v -0.2 2.8 1.3
v -0.0999999 2.8 1.3
v 0.1 2.8 1.3
v 0.2 2.8 1.3
v -0.0999999 2.8 1.2
v 0.1 2.8 1.2
v -0.3 2.8 1.1
v -0.2 2.8 1.1
v -0.0999999 2.8 1.1
v 0.1 2.8 1.1
v 0.2 2.8 1.1
v 0.3 2.8 1.1
v -0.5 2.8 1
v -0.3 2.8 1
v 0.3 2.8 1
v 0.5 2.8 1
v -0.6 2.8 0.9
v -0.5 2.8 0.9
v -0.3 2.8 0.9
v -0.2 2.8 0.9
v 0.2 2.8 0.9
v 0.3 2.8 0.9
v 0.5 2.8 0.9
v 0.6 2.8 0.9
v -0.6 2.8 0.8
v -0.5 2.8 0.8
v 0.5 2.8 0.8
v 0.6 2.8 0.8
v -0.8 2.8 0.4
v -0.7 2.8 0.4
v 0.7 2.8 0.4
v 0.8 2.8 0.4
v -0.8 2.8 0.3
v -0.7 2.8 0.3
v 0.7 2.8 0.3
v 0.8 2.8 0.3
v -0.6 2.8 0.2
v -0.5 2.8 0.2
v 0.5 2.8 0.2
v 0.6 2.8 0.2
v -0.6 2.8 0.1
v -0.5 2.8 0.1
v -0.4 2.8 0.1
v 0.4 2.8 0.1
v 0.5 2.8 0.1
v 0.6 2.8 0.1
v -0.5 2.8 0
v -0.4 2.8 0
v 0.4 2.8 0
v 0.5 2.8 0
v -0.0999999 2.9 1.5
v 0.1 2.9 1.5
v -0.2 2.9 1.4
v -0.0999999 2.9 1.4
v 0.1 2.9 1.4
v 0.2 2.9 1.4
v -0.3 2.9 1.3
v -0.2 2.9 1.3
v -0.0999999 2.9 1.3
v 0.1 2.9 1.3
v 0.2 2.9 1.3
v 0.3 2.9 1.3
v -0.5 2.9 1.1
v -0.3 2.9 1.1
v -0.2 2.9 1.1
v 0.2 2.9 1.1
v 0.3 2.9 1.1
v 0.5 2.9 1.1
v -0.6 2.9 1
v -0.5 2.9 1
v -0.3 2.9 1
v 0.3 2.9 1
v 0.5 2.9 1
v 0.6 2.9 1
v -0.7 2.9 0.9
v -0.6 2.9 0.9
v -0.5 2.9 0.9
v 0.5 2.9 0.9
v 0.6 2.9 0.9
v 0.7 2.9 0.9
v -0.8 2.9 0.8
v -0.7 2.9 0.8
v -0.6 2.9 0.8
v 0.6 2.9 0.8
v 0.7 2.9 0.8
v 0.8 2.9 0.8
v -0.8 2.9 0.7
v -0.7 2.9 0.7
v 0.7 2.9 0.7
v 0.8 2.9 0.7
v -0.2 3 1.5
v -0.0999999 3 1.5
v 0.1 3 1.5
v 0.2 3 1.5
v -0.3 3 1.4
v -0.2 3 1.4
v -0.0999999 3 1.4
v 0.1 3 1.4
v 0.2 3 1.4
v 0.3 3 1.4
v -0.4 3 1.3
v -0.3 3 1.3
v -0.2 3 1.3
v 0.2 3 1.3
v 0.3 3 1.3
v 0.4 3 1.3
v -0.4 3 1.1
v -0.3 3 1.1
v 0.3 3 1.1
v 0.4 3 1.1
v -0.7 3.7 0.5
v -0.6 3.7 0.5
v 0.6 3.7 0.5
v 0.7 3.7 0.5
v -0.7 3.7 0.4
v -0.6 3.7 0.4
v 0.6 3.7 0.4
v 0.7 3.7 0.4
v -0.7 3.8 0.4
v -0.6 3.8 0.4
v 0.6 3.8 0.4
v 0.7 3.8 0.4
v -0.7 3.8 0.3
v -0.6 3.8 0.3
v -0.5 3.8 0.3
v 0.5 3.8 0.3
v 0.6 3.8 0.3
v 0.7 3.8 0.3
v -0.6 3.8 0.2
v -0.5 3.8 0.2
v 0.5 3.8 0.2
v 0.6 3.8 0.2
v -0.8 3.9 0.5
v -0.7 3.9 0.5
v -0.3 3.9 0.5
v -0.2 3.9 0.5
v 0.2 3.9 0.5
v 0.3 3.9 0.5
v 0.7 3.9 0.5
v 0.8 3.9 0.5
v -0.8 3.9 0.4
v -0.7 3.9 0.4
v -0.3 3.9 0.4
v -0.2 3.9 0.4
v 0.2 3.9 0.4
v 0.3 3.9 0.4
v 0.7 3.9 0.4
v 0.8 3.9 0.4
v -0.4 4 0.5
v -0.3 4 0.5
v 0.3 4 0.5
v 0.4 4 0.5
v -0.4 4 0.4
v -0.3 4 0.4
v 0.3 4 0.4
v 0.4 4 0.4
v -0.5 4.1 0.5
v -0.4 4.1 0.5
v 0.4 4.1 0.5
v 0.5 4.1 0.5
v -0.5 4.1 0.4
v -0.4 4.1 0.4
v 0.4 4.1 0.4
v 0.5 4.1 0.4
v -0.6 4.2 0.5
v -0.5 4.2 0.5
v 0.5 4.2 0.5
v 0.6 4.2 0.5
v -0.6 4.2 0.4
v -0.5 4.2 0.4
v 0.5 4.2 0.4
v 0.6 4.2 0.4
v -0.7 4.3 0.5
v -0.6 4.3 0.5
v 0.6 4.3 0.5
v 0.7 4.3 0.5
v -0.7 4.3 0.4
v -0.6 4.3 0.4
v 0.6 4.3 0.4
v 0.7 4.3 0.4
v -0.6 0.1 1
v -0.2 0.1 1
v 0.2 0.1 1
v 0.6 0.1 1
v -0.7 0.1 0.9
v -0.6 0.1 0.9
v -0.2 0.1 0.9
v -0.0999999 0.1 0.9
v 0.1 0.1 0.9
v 0.2 0.1 0.9
v 0.6 0.1 0.9
v 0.7 0.1 0.9
v -0.7 0.1 0.8
v -0.6 0.1 0.8
v -0.2 0.1 0.8
v -0.0999999 0.1 0.8
v 0.1 0.1 0.8
v 0.2 0.1 0.8
v 0.6 0.1 0.8
v 0.7 0.1 0.8
v -0.6 0.2 0.9
v -0.2 0.2 0.9
v 0.2 0.2 0.9
v 0.6 0.2 0.9
v -0.7 0.2 0.8
v -0.6 0.2 0.8
v -0.2 0.2 0.8
v -0.0999999 0.2 0.8
v 0.1 0.2 0.8
v 0.2 0.2 0.8
v 0.6 0.2 0.8
v 0.7 0.2 0.8
v -0.7 0.2 0.3
v -0.6 0.2 0.3
v -0.2 0.2 0.3
v -0.0999999 0.2 0.3
v 0.1 0.2 0.3
v 0.2 0.2 0.3
v 0.6 0.2 0.3
v 0.7 0.2 0.3
v -0.6 0.3 0.8
v -0.2 0.3 0.8
v 0.2 0.3 0.8
v 0.6 0.3 0.8
v -0.6 0.3 0.3
v -0.2 0.3 0.3
v 0.2 0.3 0.3
v 0.6 0.3 0.3
v -0.5 1.1 -0.1
v -0.4 1.1 -0.1
v 0.4 1.1 -0.1
v 0.5 1.1 -0.1
v -0.5 1.1 -0.2
v -0.4 1.1 -0.2
v 0.4 1.1 -0.2
v 0.5 1.1 -0.2
v -0.4 1.2 0
v -0.3 1.2 0
v 0.3 1.2 0
v 0.4 1.2 0
v -0.5 1.2 -0.2
v -0.4 1.2 -0.2
v -0.3 1.2 -0.2
v 0.3 1.2 -0.2
v 0.4 1.2 -0.2
v 0.5 1.2 -0.2
v -0.5 1.2 -0.3
v -0.4 1.2 -0.3
v 0.4 1.2 -0.3
v 0.5 1.2 -0.3
v -0.0999999 1.3 0.1
v 0.1 1.3 0.1
v -0.3 1.3 0
v -0.2 1.3 0
v -0.0999999 1.3 0
v 0.1 1.3 0
v 0.2 1.3 0
v 0.3 1.3 0
v -0.4 1.3 -0.2
v -0.3 1.3 -0.2
v -0.2 1.3 -0.2
v 0.2 1.3 -0.2
v 0.3 1.3 -0.2
v 0.4 1.3 -0.2
v -0.5 1.3 -0.3
v -0.4 1.3 -0.3
v -0.3 1.3 -0.3
v 0.3 1.3 -0.3
v 0.4 1.3 -0.3
v 0.5 1.3 -0.3
v -0.5 1.3 -0.4
v -0.4 1.3 -0.4
v 0.4 1.3 -0.4
v 0.5 1.3 -0.4
v -0.5 1.3 -0.6
v -0.4 1.3 -0.6
v 0.4 1.3 -0.6
v 0.5 1.3 -0.6
v -0.5 1.3 -0.8
v -0.4 1.3 -0.8
v -0.3 1.3 -0.8
v 0.3 1.3 -0.8
v 0.4 1.3 -0.8
v 0.5 1.3 -0.8
v -0.4 1.3 -0.9
v -0.3 1.3 -0.9
v -0.2 1.3 -0.9
v 0.2 1.3 -0.9
v 0.3 1.3 -0.9
v 0.4 1.3 -0.9
v -0.3 1.3 -1
v -0.2 1.3 -1
v -0.0999999 1.3 -1
v 0.1 1.3 -1
v 0.2 1.3 -1
v 0.3 1.3 -1
v -0.2 1.3 -1.1
v -0.0999999 1.3 -1.1
v 0.1 1.3 -1.1
v 0.2 1.3 -1.1
v -0.2 1.4 0
v 0.2 1.4 0
v -0.3 1.4 -0.2
v -0.2 1.4 -0.2
v 0.2 1.4 -0.2
v 0.3 1.4 -0.2
v -0.4 1.4 -0.3
v -0.3 1.4 -0.3
v -0.2 1.4 -0.3
v 0.2 1.4 -0.3
v 0.3 1.4 -0.3
v 0.4 1.4 -0.3
v -0.5 1.4 -0.4
v -0.4 1.4 -0.4
v -0.3 1.4 -0.4
v 0.3 1.4 -0.4
v 0.4 1.4 -0.4
v 0.5 1.4 -0.4
v -0.5 1.4 -0.6
v -0.4 1.4 -0.6
v 0.4 1.4 -0.6
v 0.5 1.4 -0.6
v -0.4 1.4 -0.7
v -0.3 1.4 -0.7
v 0.3 1.4 -0.7
v 0.4 1.4 -0.7
v -0.4 1.4 -0.8
v -0.3 1.4 -0.8
v 0.3 1.4 -0.8
v 0.4 1.4 -0.8
v -0.2 1.4 -0.9
v -0.0999999 1.4 -0.9
v 0.1 1.4 -0.9
v 0.2 1.4 -0.9
v -0.2 1.4 -1
v -0.0999999 1.4 -1
v 0.1 1.4 -1
v 0.2 1.4 -1
v -0.4 1.5 1
v -0.3 1.5 1
v 0.3 1.5 1
v 0.4 1.5 1
v -0.4 1.5 0.9
v -0.3 1.5 0.9
v 0.3 1.5 0.9
v 0.4 1.5 0.9
v -0.2 1.5 -0.2
v 0.2 1.5 -0.2
v -0.3 1.5 -0.3
v -0.2 1.5 -0.3
v 0.2 1.5 -0.3
v 0.3 1.5 -0.3
v -0.4 1.5 -0.4
v -0.3 1.5 -0.4
v -0.2 1.5 -0.4
v 0.2 1.5 -0.4
v 0.3 1.5 -0.4
v 0.4 1.5 -0.4
v -0.4 1.5 -0.7
v -0.3 1.5 -0.7
v 0.3 1.5 -0.7
v 0.4 1.5 -0.7
v -0.3 1.5 -0.8
v -0.2 1.5 -0.8
v 0.2 1.5 -0.8
v 0.3 1.5 -0.8
v -0.3 1.5 -0.9
v -0.2 1.5 -0.9
v 0.2 1.5 -0.9
v 0.3 1.5 -0.9
v -0.0999999 1.5 -1.5
v 0.1 1.5 -1.5
v -0.0999999 1.5 -1.6
v 0.1 1.5 -1.6
v -0.2 1.6 -0.3
v 0.2 1.6 -0.3
v -0.3 1.6 -0.4
v -0.2 1.6 -0.4
v -0.0999999 1.6 -0.4
v 0.1 1.6 -0.4
v 0.2 1.6 -0.4
v 0.3 1.6 -0.4
v -0.3 1.6 -0.6
v -0.2 1.6 -0.6
v 0.2 1.6 -0.6
v 0.3 1.6 -0.6
v -0.2 1.6 -1.3
v -0.0999999 1.6 -1.3
v 0.1 1.6 -1.3
v 0.2 1.6 -1.3
v -0.2 1.6 -1.4
v -0.0999999 1.6 -1.4
v 0.1 1.6 -1.4
v 0.2 1.6 -1.4
v -0.0999999 1.6 -1.5
v 0.1 1.6 -1.5
v -0.3 1.7 1
v -0.2 1.7 1
v 0.2 1.7 1
v 0.3 1.7 1
v -0.3 1.7 0.9
v -0.2 1.7 0.9
v 0.2 1.7 0.9
v 0.3 1.7 0.9
v -1.2 1.7 0.7
v -1.1 1.7 0.7
v -1 1.7 0.7
v 1 1.7 0.7
v 1.1 1.7 0.7
v 1.2 1.7 0.7
v -1.1 1.7 0.6
v -1 1.7 0.6
v 1 1.7 0.6
v 1.1 1.7 0.6
v -1.1 1.7 0.4
v -1 1.7 0.4
v 1 1.7 0.4
v 1.1 1.7 0.4
v -1.2 1.7 0.3
v -1.1 1.7 0.3
v -1 1.7 0.3
v 1 1.7 0.3
v 1.1 1.7 0.3
v 1.2 1.7 0.3
v 0.5 1.7 0
v 0.6 1.7 0
v 0.4 1.7 -0.2
v 0.5 1.7 -0.2
v 0.6 1.7 -0.2
v 0.4 1.7 -0.3
v 0.5 1.7 -0.3
v -0.2 1.7 -0.4
v -0.0999999 1.7 -0.4
v 0.1 1.7 -0.4
v 0.2 1.7 -0.4
v -0.3 1.7 -0.6
v -0.2 1.7 -0.6
v -0.0999999 1.7 -0.6
v 0.1 1.7 -0.6
v 0.2 1.7 -0.6
v 0.3 1.7 -0.6
v -0.3 1.7 -0.7
v -0.2 1.7 -0.7
v 0.2 1.7 -0.7
v 0.3 1.7 -0.7
v -0.3 1.7 -0.8
v -0.2 1.7 -0.8
v 0.2 1.7 -0.8
v 0.3 1.7 -0.8
v -0.2 1.7 -1.2
v -0.0999999 1.7 -1.2
v 0.1 1.7 -1.2
v 0.2 1.7 -1.2
v -0.2 1.7 -1.3
v -0.0999999 1.7 -1.3
v 0.1 1.7 -1.3
v 0.2 1.7 -1.3
v -0.0999999 1.7 -1.4
v 0.1 1.7 -1.4
v -0.2 1.8 1
v -0.0999999 1.8 1
v 0.1 1.8 1
v 0.2 1.8 1
v -0.2 1.8 0.9
v -0.0999999 1.8 0.9
v 0.1 1.8 0.9
v 0.2 1.8 0.9
v -1 1.8 0.7
v -0.9 1.8 0.7
v 0.9 1.8 0.7
v 1 1.8 0.7
v -1.1 1.8 0.6
v -1 1.8 0.6
v -0.9 1.8 0.6
v 0.9 1.8 0.6
v 1 1.8 0.6
v 1.1 1.8 0.6
v -1.1 1.8 0.4
v -1 1.8 0.4
v -0.9 1.8 0.4
v 0.9 1.8 0.4
v 1 1.8 0.4
v 1.1 1.8 0.4
v -1 1.8 0.3
v -0.9 1.8 0.3
v 0.9 1.8 0.3
v 1 1.8 0.3
v 0.4 1.8 0
v 0.5 1.8 0
v 0.3 1.8 -0.2
v 0.4 1.8 -0.2
v 0.5 1.8 -0.2
v 0.3 1.8 -0.3
v 0.4 1.8 -0.3
v -0.2 1.8 -0.6
v 0.2 1.8 -0.6
v -0.0999999 1.8 -0.7
v 0.1 1.8 -0.7
v -0.2 1.8 -0.8
v -0.0999999 1.8 -0.8
v 0.1 1.8 -0.8
v 0.2 1.8 -0.8
v -0.2 1.8 -1.1
v -0.0999999 1.8 -1.1
v 0.1 1.8 -1.1
v 0.2 1.8 -1.1
v -0.2 1.8 -1.2
v -0.0999999 1.8 -1.2
v 0.1 1.8 -1.2
v 0.2 1.8 -1.2
v -0.0999999 1.8 -1.3
v 0.1 1.8 -1.3
v -0.0999999 1.9 1
v 0.1 1.9 1
v -0.0999999 1.9 0.9
v 0.1 1.9 0.9
v 0.3 1.9 0
v 0.4 1.9 0
v 0.2 1.9 -0.2
v 0.3 1.9 -0.2
v 0.4 1.9 -0.2
v 0.2 1.9 -0.3
v 0.3 1.9 -0.3
v -0.0999999 1.9 -0.7
v 0.1 1.9 -0.7
v -0.2 1.9 -0.8
v -0.0999999 1.9 -0.8
v 0.1 1.9 -0.8
v 0.2 1.9 -0.8
v -0.2 1.9 -1.1
v -0.0999999 1.9 -1.1
v 0.1 1.9 -1.1
v 0.2 1.9 -1.1
v -0.0999999 1.9 -1.2
v 0.1 1.9 -1.2
v -0.6 2 0.1
v -0.5 2 0.1
v 0.5 2 0.1
v 0.6 2 0.1
v -0.6 2 0
v -0.5 2 0
v 0.2 2 0
v 0.3 2 0
v 0.5 2 0
v 0.6 2 0
v 0.1 2 -0.2
v 0.2 2 -0.2
v 0.3 2 -0.2
v 0.1 2 -0.3
v 0.2 2 -0.3
v -0.0999999 2 -0.8
v 0.1 2 -0.8
v -0.0999999 2 -1.1
v 0.1 2 -1.1
v -0.6 2.1 1
v -0.5 2.1 1
v 0.5 2.1 1
v 0.6 2.1 1
v -0.7 2.1 0.9
v -0.6 2.1 0.9
v -0.5 2.1 0.9
v 0.5 2.1 0.9
v 0.6 2.1 0.9
v 0.7 2.1 0.9
v -0.8 2.1 0.8
v -0.7 2.1 0.8
v -0.6 2.1 0.8
v 0.6 2.1 0.8
v 0.7 2.1 0.8
v 0.8 2.1 0.8
v -0.9 2.1 0.7
v -0.8 2.1 0.7
v -0.7 2.1 0.7
v 0.7 2.1 0.7
v 0.8 2.1 0.7
v 0.9 2.1 0.7
v -0.9 2.1 0.6
v -0.8 2.1 0.6
v 0.8 2.1 0.6
v 0.9 2.1 0.6
v -0.9 2.1 0.4
v -0.8 2.1 0.4
v 0.8 2.1 0.4
v 0.9 2.1 0.4
v -0.9 2.1 0.3
v -0.8 2.1 0.3
v -0.7 2.1 0.3
v 0.7 2.1 0.3
v 0.8 2.1 0.3
v 0.9 2.1 0.3
v -0.8 2.1 0.2
v -0.7 2.1 0.2
v -0.6 2.1 0.2
v 0.6 2.1 0.2
v 0.7 2.1 0.2
v 0.8 2.1 0.2
v -0.7 2.1 0.1
v -0.6 2.1 0.1
v -0.5 2.1 0.1
v -0.4 2.1 0.1
v 0.4 2.1 0.1
v 0.5 2.1 0.1
v 0.6 2.1 0.1
v 0.7 2.1 0.1
v -0.5 2.1 0
v -0.4 2.1 0
v 0.1 2.1 0
v 0.2 2.1 0
v 0.4 2.1 0
v 0.5 2.1 0
v 1.19209e-07 2.1 -0.2
v 0.1 2.1 -0.2
v 0.2 2.1 -0.2
v 1.19209e-07 2.1 -0.3
v 0.1 2.1 -0.3
v -0.5 2.2 1
v -0.2 2.2 1
v -0.0999999 2.2 1
v 0.1 2.2 1
v 0.2 2.2 1
v 0.5 2.2 1
v -0.6 2.2 0.9
v -0.5 2.2 0.9
v -0.2 2.2 0.9
v -0.0999999 2.2 0.9
v 0.1 2.2 0.9
v 0.2 2.2 0.9
v 0.5 2.2 0.9
v 0.6 2.2 0.9
v -0.7 2.2 0.8
v -0.6 2.2 0.8
v -0.5 2.2 0.8
v 0.5 2.2 0.8
v 0.6 2.2 0.8
v 0.7 2.2 0.8
v -0.8 2.2 0.7
v -0.7 2.2 0.7
v -0.6 2.2 0.7
v 0.6 2.2 0.7
v 0.7 2.2 0.7
v 0.8 2.2 0.7
v -0.9 2.2 0.6
v -0.8 2.2 0.6
v -0.7 2.2 0.6
v 0.7 2.2 0.6
v 0.8 2.2 0.6
v 0.9 2.2 0.6
v -0.9 2.2 0.4
v -0.8 2.2 0.4
v -0.7 2.2 0.4
v 0.7 2.2 0.4
v 0.8 2.2 0.4
v 0.9 2.2 0.4
v -0.8 2.2 0.3
v -0.7 2.2 0.3
v -0.6 2.2 0.3
v 0.6 2.2 0.3
v 0.7 2.2 0.3
v 0.8 2.2 0.3
v -0.7 2.2 0.2
v -0.6 2.2 0.2
v -0.5 2.2 0.2
v 0.5 2.2 0.2
v 0.6 2.2 0.2
v 0.7 2.2 0.2
v -0.6 2.2 0.1
v -0.5 2.2 0.1
v -0.4 2.2 0.1
v -0.2 2.2 0.1
v 0.2 2.2 0.1
v 0.4 2.2 0.1
v 0.5 2.2 0.1
v 0.6 2.2 0.1
v -0.4 2.2 0
v -0.2 2.2 0
v 1.19209e-07 2.2 0
v 0.1 2.2 0
v 0.2 2.2 0
v 0.4 2.2 0
v -0.0999999 2.2 -0.2
v 1.19209e-07 2.2 -0.2
v 0.1 2.2 -0.2
v -0.0999999 2.2 -0.3
v 1.19209e-07 2.2 -0.3
v -0.2 2.3 1
v -0.0999999 2.3 1
v 0.1 2.3 1
v 0.2 2.3 1
v -0.5 2.3 0.9
v -0.3 2.3 0.9
v -0.0999999 2.3 0.9
v 0.1 2.3 0.9
v 0.3 2.3 0.9
v 0.5 2.3 0.9
v -0.6 2.3 0.8
v -0.5 2.3 0.8
v -0.3 2.3 0.8
v -0.2 2.3 0.8
v -0.0999999 2.3 0.8
v 0.1 2.3 0.8
v 0.2 2.3 0.8
v 0.3 2.3 0.8
v 0.5 2.3 0.8
v 0.6 2.3 0.8
v -0.7 2.3 0.7
v -0.6 2.3 0.7
v -0.5 2.3 0.7
v 0.5 2.3 0.7
v 0.6 2.3 0.7
v 0.7 2.3 0.7
v -0.8 2.3 0.6
v -0.7 2.3 0.6
v -0.6 2.3 0.6
v 0.6 2.3 0.6
v 0.7 2.3 0.6
v 0.8 2.3 0.6
v -0.8 2.3 0.4
v -0.7 2.3 0.4
v -0.6 2.3 0.4
v 0.6 2.3 0.4
v 0.7 2.3 0.4
v 0.8 2.3 0.4
v -0.7 2.3 0.3
v -0.6 2.3 0.3
v -0.5 2.3 0.3
v 0.5 2.3 0.3
v 0.6 2.3 0.3
v 0.7 2.3 0.3
v -0.6 2.3 0.2
v -0.5 2.3 0.2
v -0.3 2.3 0.2
v 0.3 2.3 0.2
v 0.5 2.3 0.2
v 0.6 2.3 0.2
v -0.5 2.3 0.1
v -0.3 2.3 0.1
v 0.3 2.3 0.1
v 0.5 2.3 0.1
v -0.0999999 2.3 0
v 1.19209e-07 2.3 0
v -0.2 2.3 -0.2
v -0.0999999 2.3 -0.2
v 1.19209e-07 2.3 -0.2
v -0.2 2.3 -0.3
v -0.0999999 2.3 -0.3
v -0.3 2.4 1
v -0.2 2.4 1
v 0.2 2.4 1
v 0.3 2.4 1
v -0.5 2.4 0.8
v -0.4 2.4 0.8
v -0.3 2.4 0.8
v -0.2 2.4 0.8
v 0.2 2.4 0.8
v 0.3 2.4 0.8
v 0.4 2.4 0.8
v 0.5 2.4 0.8
v -0.6 2.4 0.7
v -0.5 2.4 0.7
v -0.4 2.4 0.7
v 0.4 2.4 0.7
v 0.5 2.4 0.7
v 0.6 2.4 0.7
v -0.7 2.4 0.6
v -0.6 2.4 0.6
v -0.5 2.4 0.6
v 0.5 2.4 0.6
v 0.6 2.4 0.6
v 0.7 2.4 0.6
v -0.7 2.4 0.4
v -0.6 2.4 0.4
v -0.5 2.4 0.4
v 0.5 2.4 0.4
v 0.6 2.4 0.4
v 0.7 2.4 0.4
v -0.6 2.4 0.3
v -0.5 2.4 0.3
v -0.4 2.4 0.3
v 0.4 2.4 0.3
v 0.5 2.4 0.3
v 0.6 2.4 0.3
v -0.5 2.4 0.2
v -0.4 2.4 0.2
v 0.4 2.4 0.2
v 0.5 2.4 0.2
v -0.6 2.4 0
v -0.5 2.4 0
v -0.4 2.4 0
v -0.2 2.4 0
v -0.0999999 2.4 0
v -0.6 2.4 -0.1
v -0.5 2.4 -0.1
v -0.4 2.4 -0.1
v -0.5 2.4 -0.2
v -0.4 2.4 -0.2
v -0.3 2.4 -0.2
v -0.2 2.4 -0.2
v -0.0999999 2.4 -0.2
v -0.5 2.4 -0.3
v -0.4 2.4 -0.3
v -0.3 2.4 -0.3
v -0.2 2.4 -0.3
v -0.4 2.5 1
v -0.3 2.5 1
v 0.3 2.5 1
v 0.4 2.5 1
v -0.4 2.5 0.8
v -0.3 2.5 0.8
v 0.3 2.5 0.8
v 0.4 2.5 0.8
v -0.5 2.5 0.4
v -0.4 2.5 0.4
v 0.4 2.5 0.4
v 0.5 2.5 0.4
v -0.5 2.5 0.3
v -0.4 2.5 0.3
v 0.4 2.5 0.3
v 0.5 2.5 0.3
v -0.2 2.5 0.1
v -0.0999999 2.5 0.1
v 0.1 2.5 0.1
v 0.2 2.5 0.1
v -0.7 2.5 0
v -0.6 2.5 0
v -0.3 2.5 0
v -0.2 2.5 0
v -0.0999999 2.5 0
v 0.1 2.5 0
v 0.2 2.5 0
v -0.7 2.5 -0.1
v -0.6 2.5 -0.1
v -0.5 2.5 -0.1
v -0.4 2.5 -0.1
v -0.3 2.5 -0.1
v -0.5 2.5 -0.2
v -0.4 2.5 -0.2
v -0.3 2.5 -0.2
v -0.2 2.5 -0.2
v -0.4 2.5 -0.3
v -0.3 2.5 -0.3
v -0.8 2.6 0
v -0.7 2.6 0
v -0.4 2.6 0
v -0.3 2.6 0
v -0.8 2.6 -0.1
v -0.7 2.6 -0.1
v -0.6 2.6 -0.1
v -0.5 2.6 -0.1
v -0.4 2.6 -0.1
v -0.3 2.6 -0.1
v -0.6 2.6 -0.2
v -0.5 2.6 -0.2
v -0.5 2.7 0
v -0.4 2.7 0
v -0.7 2.7 -0.1
v -0.6 2.7 -0.1
v -0.5 2.7 -0.1
v -0.4 2.7 -0.1
v -0.7 2.7 -0.2
v -0.6 2.7 -0.2
v -0.6 2.8 0
v -0.5 2.8 0
v -0.6 2.8 -0.1
v -0.5 2.8 -0.1
v -0.5 3.1 1.1
v -0.4 3.1 1.1
v 0.4 3.1 1.1
v 0.5 3.1 1.1
v -0.6 3.1 1
v -0.5 3.1 1
v -0.4 3.1 1
v 0.4 3.1 1
v 0.5 3.1 1
v 0.6 3.1 1
v -0.7 3.1 0.9
v -0.6 3.1 0.9
v -0.5 3.1 0.9
v 0.5 3.1 0.9
v 0.6 3.1 0.9
v 0.7 3.1 0.9
v -0.8 3.1 0.8
v -0.7 3.1 0.8
v -0.6 3.1 0.8
v 0.6 3.1 0.8
v 0.7 3.1 0.8
v 0.8 3.1 0.8
v -0.8 3.1 0.7
v -0.7 3.1 0.7
v 0.7 3.1 0.7
v 0.8 3.1 0.7
v -0.8 3.1 0.4
v -0.7 3.1 0.4
v 0.7 3.1 0.4
v 0.8 3.1 0.4
v -0.8 3.1 0.3
v -0.7 3.1 0.3
v 0.7 3.1 0.3
v 0.8 3.1 0.3
v -0.2 3.2 1.5
v 0.2 3.2 1.5
v -0.3 3.2 1.4
v -0.2 3.2 1.4
v 0.2 3.2 1.4
v 0.3 3.2 1.4
v -0.4 3.2 1.3
v -0.3 3.2 1.3
v 0.3 3.2 1.3
v 0.4 3.2 1.3
v -0.3 3.2 1.2
v -0.2 3.2 1.2
v 0.2 3.2 1.2
v 0.3 3.2 1.2
v -0.5 3.2 1
v -0.4 3.2 1
v -0.3 3.2 1
v 0.3 3.2 1
v 0.4 3.2 1
v 0.5 3.2 1
v -0.6 3.2 0.9
v -0.5 3.2 0.9
v -0.4 3.2 0.9
v 0.4 3.2 0.9
v 0.5 3.2 0.9
v 0.6 3.2 0.9
v -0.7 3.2 0.8
v -0.6 3.2 0.8
v -0.5 3.2 0.8
v 0.5 3.2 0.8
v 0.6 3.2 0.8
v 0.7 3.2 0.8
v -0.8 3.2 0.7
v -0.7 3.2 0.7
v -0.6 3.2 0.7
v 0.6 3.2 0.7
v 0.7 3.2 0.7
v 0.8 3.2 0.7
v -0.8 3.2 0.4
v -0.7 3.2 0.4
v -0.6 3.2 0.4
v 0.6 3.2 0.4
v 0.7 3.2 0.4
v 0.8 3.2 0.4
v -0.7 3.2 0.2
v -0.6 3.2 0.2
v -0.5 3.2 0.2
v 0.5 3.2 0.2
v 0.6 3.2 0.2
v 0.7 3.2 0.2
v -0.6 3.2 0.1
v -0.5 3.2 0.1
v -0.4 3.2 0.1
v 0.4 3.2 0.1
v 0.5 3.2 0.1
v 0.6 3.2 0.1
v -0.5 3.2 0
v -0.4 3.2 0
v 0.4 3.2 0
v 0.5 3.2 0
v -0.2 3.3 1.4
v 0.2 3.3 1.4
v -0.3 3.3 1.2
v -0.2 3.3 1.2
v 0.2 3.3 1.2
v 0.3 3.3 1.2
v -0.4 3.3 1
v -0.3 3.3 1
v -0.2 3.3 1
v 0.2 3.3 1
v 0.3 3.3 1
v 0.4 3.3 1
v -0.5 3.3 0.9
v -0.4 3.3 0.9
v -0.3 3.3 0.9
v 0.3 3.3 0.9
v 0.4 3.3 0.9
v 0.5 3.3 0.9
v -0.6 3.3 0.8
v -0.5 3.3 0.8
v -0.4 3.3 0.8
v 0.4 3.3 0.8
v 0.5 3.3 0.8
v 0.6 3.3 0.8
v -0.6 3.3 0.7
v -0.5 3.3 0.7
v 0.5 3.3 0.7
v 0.6 3.3 0.7
v -0.6 3.3 0.3
v -0.5 3.3 0.3
v 0.5 3.3 0.3
v 0.6 3.3 0.3
v -0.6 3.3 0.2
v -0.5 3.3 0.2
v -0.4 3.3 0.2
v 0.4 3.3 0.2
v 0.5 3.3 0.2
v 0.6 3.3 0.2
v -0.5 3.3 0.1
v -0.4 3.3 0.1
v -0.3 3.3 0.1
v 0.3 3.3 0.1
v 0.4 3.3 0.1
v 0.5 3.3 0.1
v -0.4 3.3 0
v -0.3 3.3 0
v 0.3 3.3 0
v 0.4 3.3 0
v -0.2 3.4 1.2
v 0.2 3.4 1.2
v -0.3 3.4 1
v -0.2 3.4 1
v -0.0999999 3.4 1
v 0.1 3.4 1
v 0.2 3.4 1
v 0.3 3.4 1
v -0.4 3.4 0.9
v -0.3 3.4 0.9
v -0.2 3.4 0.9
v -0.0999999 3.4 0.9
v 0.1 3.4 0.9
v 0.2 3.4 0.9
v 0.3 3.4 0.9
v 0.4 3.4 0.9
v -0.4 3.4 0.8
v -0.2 3.4 0.8
v 0.2 3.4 0.8
v 0.4 3.4 0.8
v -0.7 3.4 0.7
v -0.6 3.4 0.7
v 0.6 3.4 0.7
v 0.7 3.4 0.7
v -0.7 3.4 0.4
v -0.6 3.4 0.4
v 0.6 3.4 0.4
v 0.7 3.4 0.4
v -0.4 3.4 0.2
v -0.3 3.4 0.2
v 0.3 3.4 0.2
v 0.4 3.4 0.2
v -0.4 3.4 0.1
v -0.3 3.4 0.1
v -0.2 3.4 0.1
v 0.2 3.4 0.1
v 0.3 3.4 0.1
v 0.4 3.4 0.1
v -0.3 3.4 0
v -0.2 3.4 0
v 0.2 3.4 0
v 0.3 3.4 0
v -0.0999999 3.5 1
v 0.1 3.5 1
v -0.2 3.5 0.9
v -0.0999999 3.5 0.9
v 0.1 3.5 0.9
v 0.2 3.5 0.9
v -0.2 3.5 0.8
v -0.0999999 3.5 0.8
v 0.1 3.5 0.8
v 0.2 3.5 0.8
v -0.6 3.5 0.7
v -0.5 3.5 0.7
v 0.5 3.5 0.7
v 0.6 3.5 0.7
v -0.6 3.5 0.5
v -0.5 3.5 0.5
v 0.5 3.5 0.5
v 0.6 3.5 0.5
v -0.2 3.5 0.1
v 0.2 3.5 0.1
v -0.2 3.5 0
v 0.2 3.5 0
v -0.0999999 3.6 0.9
v 0.1 3.6 0.9
v -0.5 3.6 0.8
v -0.4 3.6 0.8
v -0.0999999 3.6 0.8
v 0.1 3.6 0.8
v 0.4 3.6 0.8
v 0.5 3.6 0.8
v -0.5 3.6 0.7
v -0.4 3.6 0.7
v 0.4 3.6 0.7
v 0.5 3.6 0.7
v -0.3 3.6 0.2
v -0.2 3.6 0.2
v 0.2 3.6 0.2
v 0.3 3.6 0.2
v -0.3 3.6 0.1
v -0.2 3.6 0.1
v 0.2 3.6 0.1
v 0.3 3.6 0.1
v -0.4 3.7 0.8
v -0.2 3.7 0.8
v 0.2 3.7 0.8
v 0.4 3.7 0.8
v -0.5 3.7 0.7
v -0.4 3.7 0.7
v -0.2 3.7 0.7
v 0.2 3.7 0.7
v 0.4 3.7 0.7
v 0.5 3.7 0.7
v -0.5 3.7 0.5
v 0.5 3.7 0.5
v -0.5 3.7 0.4
v -0.4 3.7 0.4
v 0.4 3.7 0.4
v 0.5 3.7 0.4
v -0.2 3.7 0.2
v 0.2 3.7 0.2
v -0.2 3.7 0.1
v 0.2 3.7 0.1
v -0.2 3.8 0.8
v 0.2 3.8 0.8
v -0.4 3.8 0.7
v -0.2 3.8 0.7
v 0.2 3.8 0.7
v 0.4 3.8 0.7
v -0.6 3.8 0.5
v -0.5 3.8 0.5
v -0.2 3.8 0.5
v -0.0999999 3.8 0.5
v 0.1 3.8 0.5
v 0.2 3.8 0.5
v 0.5 3.8 0.5
v 0.6 3.8 0.5
v -0.6 3.8 0.4
v -0.5 3.8 0.4
v -0.4 3.8 0.4
v -0.3 3.8 0.4
v -0.2 3.8 0.4
v -0.0999999 3.8 0.4
v 0.1 3.8 0.4
v 0.2 3.8 0.4
v 0.3 3.8 0.4
v 0.4 3.8 0.4
v 0.5 3.8 0.4
v 0.6 3.8 0.4
v -0.3 3.8 0.3
v -0.2 3.8 0.3
v 0.2 3.8 0.3
v 0.3 3.8 0.3
v -0.3 3.8 0.2
v 0.3 3.8 0.2
v -0.7 3.9 0.5
v -0.6 3.9 0.5
v -0.2 3.9 0.5
v -0.0999999 3.9 0.5
v 0.1 3.9 0.5
v 0.2 3.9 0.5
v 0.6 3.9 0.5
v 0.7 3.9 0.5
v -0.7 3.9 0.4
v -0.6 3.9 0.4
v -0.3 3.9 0.4
v -0.2 3.9 0.4
v -0.0999999 3.9 0.4
v 0.1 3.9 0.4
v 0.2 3.9 0.4
v 0.3 3.9 0.4
v 0.6 3.9 0.4
v 0.7 3.9 0.4
v -0.4 3.9 0.3
v -0.3 3.9 0.3
v -0.2 3.9 0.3
v 0.2 3.9 0.3
v 0.3 3.9 0.3
v 0.4 3.9 0.3
v -0.4 3.9 0.2
v -0.3 3.9 0.2
v 0.3 3.9 0.2
v 0.4 3.9 0.2
v -0.3 4 0.5
v -0.2 4 0.5
v 0.2 4 0.5
v 0.3 4 0.5
v -0.4 4 0.4
v -0.3 4 0.4
v -0.2 4 0.4
v 0.2 4 0.4
v 0.3 4 0.4
v 0.4 4 0.4
v -0.5 4 0.3
v -0.4 4 0.3
v -0.3 4 0.3
v 0.3 4 0.3
v 0.4 4 0.3
v 0.5 4 0.3
v -0.5 4 0.2
v -0.4 4 0.2
v 0.4 4 0.2
v 0.5 4 0.2
v -0.4 4.1 0.5
v -0.3 4.1 0.5
v 0.3 4.1 0.5
v 0.4 4.1 0.5
v -0.5 4.1 0.4
v -0.4 4.1 0.4
v -0.3 4.1 0.4
v 0.3 4.1 0.4
v 0.4 4.1 0.4
v 0.5 4.1 0.4
v -0.6 4.1 0.3
v -0.5 4.1 0.3
v -0.4 4.1 0.3
v 0.4 4.1 0.3
v 0.5 4.1 0.3
v 0.6 4.1 0.3
v -0.6 4.1 0.2
v -0.5 4.1 0.2
v 0.5 4.1 0.2
v 0.6 4.1 0.2
v -0.5 4.2 0.5
v -0.4 4.2 0.5
v 0.4 4.2 0.5
v 0.5 4.2 0.5
v -0.6 4.2 0.4
v -0.5 4.2 0.4
v -0.4 4.2 0.4
v 0.4 4.2 0.4
v 0.5 4.2 0.4
v 0.6 4.2 0.4
v -0.6 4.2 0.3
v -0.5 4.2 0.3
v 0.5 4.2 0.3
v 0.6 4.2 0.3
v -0.6 4.3 0.5
v -0.5 4.3 0.5
v 0.5 4.3 0.5
v 0.6 4.3 0.5
v -0.7 4.3 0.4
v -0.6 4.3 0.4
v -0.5 4.3 0.4
v 0.5 4.3 0.4
v 0.6 4.3 0.4
v 0.7 4.3 0.4
v -0.7 4.3 0.3
v -0.6 4.3 0.3
v 0.6 4.3 0.3
v 0.7 4.3 0.3
v -0.7 4.4 0.5
v -0.6 4.4 0.5
v 0.6 4.4 0.5
v 0.7 4.4 0.5
v -0.7 4.4 0.4
v -0.6 4.4 0.4
v 0.6 4.4 0.4
v 0.7 4.4 0.4
v -0.8 4.5 0.5
v -0.7 4.5 0.5
v 0.7 4.5 0.5
v 0.8 4.5 0.5
v -0.8 4.5 0.4
v -0.7 4.5 0.4
v 0.7 4.5 0.4
v 0.8 4.5 0.4

# faces
f 4/8/1 2/8/1 1/8/1
f 5/8/1 2/8/1 4/8/1
f 7/8/1 4/8/1 3/8/1
f 8/5/1 5/5/1 4/5/1
f 8/8/1 4/8/1 7/8/1
f 9/8/1 6/8/1 5/8/1
f 9/5/1 5/5/1 8/5/1
f 10/8/1 6/8/1 9/8/1
f 11/5/1 8/5/1 7/5/1
f 11/5/1 9/5/1 8/5/1
f 11/5/1 10/5/1 9/5/1
f 12/5/1 10/5/1 11/5/1
f 16/8/1 14/8/1 13/8/1
f 17/8/1 14/8/1 16/8/1
f 19/8/1 16/8/1 15/8/1
f 20/8/1 16/8/1 19/8/1
f 21/8/1 18/8/1 17/8/1
f 22/8/1 18/8/1 21/8/1
f 25/8/1 24/8/1 23/8/1
f 26/8/1 24/8/1 25/8/1
f 31/8/1 28/8/1 27/8/1
f 32/8/1 28/8/1 31/8/1
f 33/8/1 30/8/1 29/8/1
f 34/8/1 30/8/1 33/8/1
f 39/2/1 36/2/1 35/2/1
f 40/2/1 38/2/1 37/2/1
f 41/2/1 39/2/1 35/2/1
f 41/2/1 40/2/1 39/2/1
f 42/2/1 40/2/1 41/2/1
f 43/2/1 38/2/1 40/2/1
f 43/2/1 40/2/1 42/2/1
f 44/2/1 38/2/1 43/2/1
f 45/2/1 43/2/1 42/2/1
f 46/2/1 43/2/1 45/2/1
f 50/8/1 48/8/1 47/8/1
f 51/8/1 48/8/1 50/8/1
f 53/2/1 50/2/1 49/2/1
f 53/8/1 51/8/1 50/8/1
f 54/8/1 51/8/1 53/8/1
f 55/8/1 51/8/1 54/8/1
f 56/2/1 52/2/1 51/2/1
f 56/8/1 51/8/1 55/8/1
f 57/8/1 55/8/1 54/8/1
f 58/8/1 55/8/1 57/8/1
f 59/2/1 53/2/1 49/2/1
f 60/2/1 53/2/1 59/2/1
f 63/2/1 52/2/1 56/2/1
f 64/2/1 52/2/1 63/2/1
f 65/2/1 61/2/1 60/2/1
f 66/2/1 61/2/1 65/2/1
f 67/2/1 63/2/1 62/2/1
f 68/2/1 63/2/1 67/2/1
f 69/2/1 67/2/1 66/2/1
f 70/2/1 67/2/1 69/2/1
f 73/9/1 72/9/1 71/9/1
f 74/9/1 72/9/1 73/9/1
f 77/8/1 76/8/1 75/8/1
f 80/8/1 77/8/1 75/8/1
f 80/8/1 78/8/1 77/8/1
f 81/8/1 80/8/1 79/8/1
f 82/8/1 78/8/1 80/8/1
f 82/8/1 80/8/1 81/8/1
f 83/8/1 78/8/1 82/8/1
f 84/8/1 78/8/1 83/8/1
f 85/8/1 83/8/1 82/8/1
f 86/8/1 83/8/1 85/8/1
f 89/8/1 88/8/1 87/8/1
f 90/8/1 88/8/1 89/8/1
f 91/9/1 90/9/1 89/9/1
f 92/9/1 90/9/1 91/9/1
f 95/8/1 94/8/1 93/8/1
f 96/8/1 94/8/1 95/8/1
f 97/8/1 94/8/1 96/8/1
f 98/8/1 94/8/1 97/8/1
f 102/8/1 100/8/1 99/8/1
f 103/8/1 100/8/1 102/8/1
f 106/8/1 102/8/1 101/8/1
f 107/8/1 104/8/1 103/8/1
f 109/2/1 106/2/1 105/2/1
f 109/8/1 102/8/1 106/8/1
f 110/8/1 102/8/1 109/8/1
f 111/8/1 107/8/1 103/8/1
f 112/2/1 108/2/1 107/2/1
f 112/8/1 107/8/1 111/8/1
f 113/2/1 109/2/1 105/2/1
f 114/2/1 109/2/1 113/2/1
f 117/2/1 108/2/1 112/2/1
f 118/2/1 108/2/1 117/2/1
f 119/2/1 115/2/1 114/2/1
f 120/2/1 115/2/1 119/2/1
f 123/2/1 117/2/1 116/2/1
f 124/2/1 117/2/1 123/2/1
f 125/2/1 121/2/1 120/2/1
f 126/2/1 121/2/1 125/2/1
f 127/2/1 123/2/1 122/2/1
f 128/2/1 123/2/1 127/2/1
f 129/2/1 127/2/1 126/2/1
f 130/2/1 127/2/1 129/2/1
f 133/9/1 132/9/1 131/9/1
f 134/9/1 132/9/1 133/9/1
f 141/8/1 136/8/1 135/8/1
f 142/8/1 136/8/1 141/8/1
f 144/9/1 138/9/1 137/9/1
f 145/9/1 138/9/1 144/9/1
f 146/8/1 143/8/1 142/8/1
f 147/8/1 143/8/1 146/8/1
f 149/8/1 140/8/1 139/8/1
f 150/8/1 140/8/1 149/8/1
f 151/8/1 149/8/1 148/8/1
f 152/8/1 149/8/1 151/8/1
f 155/8/1 143/8/1 147/8/1
f 156/8/1 153/8/1 152/8/1
f 157/8/1 153/8/1 156/8/1
f 158/8/1 155/8/1 154/8/1
f 159/8/1 143/8/1 155/8/1
f 159/8/1 155/8/1 158/8/1
f 160/8/1 158/8/1 157/8/1
f 161/8/1 158/8/1 160/8/1
f 164/8/1 163/8/1 162/8/1
f 166/8/1 164/8/1 162/8/1
f 166/8/1 165/8/1 164/8/1
f 167/8/1 165/8/1 166/8/1
f 168/8/1 165/8/1 167/8/1
f 169/8/1 165/8/1 168/8/1
f 170/8/1 165/8/1 169/8/1
f 171/9/1 170/9/1 169/9/1
f 172/9/1 170/9/1 171/9/1
f 175/8/1 174/8/1 173/8/1
f 176/8/1 174/8/1 175/8/1
f 178/8/1 177/8/1 176/8/1
f 179/8/1 177/8/1 178/8/1
f 181/8/1 180/8/1 179/8/1
f 182/8/1 180/8/1 181/8/1
f 186/8/1 184/8/1 183/8/1
f 187/8/1 184/8/1 186/8/1
f 190/8/1 186/8/1 185/8/1
f 191/8/1 186/8/1 190/8/1
f 192/8/1 188/8/1 187/8/1
f 193/8/1 188/8/1 192/8/1
f 196/8/1 190/8/1 189/8/1
f 197/8/1 190/8/1 196/8/1
f 197/2/1 196/2/1 195/2/1
f 198/8/1 190/8/1 197/8/1
f 199/8/1 194/8/1 193/8/1
f 201/8/1 199/8/1 193/8/1
f 202/2/1 200/2/1 199/2/1
f 202/8/1 199/8/1 201/8/1
f 203/2/1 200/2/1 202/2/1
f 204/2/1 200/2/1 203/2/1
f 205/2/1 197/2/1 195/2/1
f 206/2/1 197/2/1 205/2/1
f 210/2/1 207/2/1 206/2/1
f 211/2/1 207/2/1 210/2/1
f 214/2/1 209/2/1 208/2/1
f 215/2/1 209/2/1 214/2/1
f 216/2/1 212/2/1 211/2/1
f 217/2/1 212/2/1 216/2/1
f 220/2/1 214/2/1 213/2/1
f 221/2/1 214/2/1 220/2/1
f 224/2/1 218/2/1 217/2/1
f 225/2/1 218/2/1 224/2/1
f 226/2/1 220/2/1 219/2/1
f 227/2/1 220/2/1 226/2/1
f 228/9/1 223/9/1 222/9/1
f 229/9/1 223/9/1 228/9/1
f 230/2/1 226/2/1 225/2/1
f 231/2/1 226/2/1 230/2/1
f 235/8/1 231/8/1 230/8/1
f 236/8/1 231/8/1 235/8/1
f 238/9/1 233/9/1 232/9/1
f 239/9/1 233/9/1 238/9/1
f 240/8/1 235/8/1 234/8/1
f 241/8/1 235/8/1 240/8/1
f 242/8/1 237/8/1 236/8/1
f 243/8/1 237/8/1 242/8/1
f 250/9/1 245/9/1 244/9/1
f 251/9/1 245/9/1 250/9/1
f 253/8/1 247/8/1 246/8/1
f 254/8/1 247/8/1 253/8/1
f 255/8/1 253/8/1 252/8/1
f 256/8/1 253/8/1 255/8/1
f 258/8/1 257/8/1 256/8/1
f 259/8/1 257/8/1 258/8/1
f 262/8/1 249/8/1 248/8/1
f 263/8/1 249/8/1 262/8/1
f 264/8/1 260/8/1 259/8/1
f 265/8/1 260/8/1 264/8/1
f 266/8/1 262/8/1 261/8/1
f 267/8/1 262/8/1 266/8/1
f 269/8/1 266/8/1 261/8/1
f 270/8/1 269/8/1 268/8/1
f 271/8/1 269/8/1 270/8/1
f 272/8/1 269/8/1 271/8/1
f 273/8/1 266/8/1 269/8/1
f 273/8/1 269/8/1 272/8/1
f 274/8/1 266/8/1 273/8/1
f 275/8/1 266/8/1 274/8/1
f 277/8/1 276/8/1 275/8/1
f 278/8/1 276/8/1 277/8/1
f 281/9/1 280/9/1 279/9/1
f 282/9/1 280/9/1 281/9/1
f 287/8/1 284/8/1 283/8/1
f 288/8/1 284/8/1 287/8/1
f 289/8/1 286/8/1 285/8/1
f 290/8/1 286/8/1 289/8/1
f 294/8/1 292/8/1 291/8/1
f 295/8/1 292/8/1 294/8/1
f 298/8/1 294/8/1 293/8/1
f 298/8/1 296/8/1 295/8/1
f 298/8/1 295/8/1 294/8/1
f 300/8/1 298/8/1 297/8/1
f 301/8/1 296/8/1 298/8/1
f 301/8/1 298/8/1 300/8/1
f 303/8/1 300/8/1 299/8/1
f 303/8/1 302/8/1 301/8/1
f 303/8/1 301/8/1 300/8/1
f 304/8/1 302/8/1 303/8/1
f 305/8/1 302/8/1 304/8/1
f 306/8/1 302/8/1 305/8/1
f 309/8/1 302/8/1 306/8/1
f 310/8/1 302/8/1 309/8/1
f 311/8/1 302/8/1 310/8/1
f 312/8/1 302/8/1 311/8/1
f 313/8/1 311/8/1 310/8/1
f 314/8/1 311/8/1 313/8/1
f 315/2/1 308/2/1 307/2/1
f 316/2/1 308/2/1 315/2/1
f 321/2/1 318/2/1 317/2/1
f 322/2/1 318/2/1 321/2/1
f 323/2/1 320/2/1 319/2/1
f 324/2/1 320/2/1 323/2/1
f 330/2/1 325/2/1 324/2/1
f 331/2/1 325/2/1 330/2/1
f 334/2/1 327/2/1 326/2/1
f 335/2/1 327/2/1 334/2/1
f 336/3/1 329/3/1 328/3/1
f 337/3/1 329/3/1 336/3/1
f 338/3/1 329/3/1 337/3/1
f 340/2/1 332/2/1 331/2/1
f 341/2/1 332/2/1 340/2/1
f 344/2/1 334/2/1 333/2/1
f 345/2/1 334/2/1 344/2/1
f 346/6/1 338/6/1 337/6/1
f 347/3/1 339/3/1 338/3/1
f 347/6/1 338/6/1 346/6/1
f 348/3/1 339/3/1 347/3/1
f 349/2/1 342/2/1 341/2/1
f 350/2/1 342/2/1 349/2/1
f 351/2/1 344/2/1 343/2/1
f 352/2/1 344/2/1 351/2/1
f 353/9/1 347/9/1 346/9/1
f 354/9/1 347/9/1 353/9/1
f 356/8/1 350/8/1 349/8/1
f 357/8/1 350/8/1 356/8/1
f 361/8/1 356/8/1 355/8/1
f 362/8/1 356/8/1 361/8/1
f 365/9/1 359/9/1 358/9/1
f 366/9/1 359/9/1 365/9/1
f 368/8/1 361/8/1 360/8/1
f 369/8/1 361/8/1 368/8/1
f 370/8/1 364/8/1 363/8/1
f 371/8/1 364/8/1 370/8/1
f 374/8/1 368/8/1 367/8/1
f 375/8/1 368/8/1 374/8/1
f 376/8/1 374/8/1 373/8/1
f 377/8/1 374/8/1 376/8/1
f 379/8/1 378/8/1 377/8/1
f 380/8/1 378/8/1 379/8/1
f 383/8/1 372/8/1 371/8/1
f 384/8/1 372/8/1 383/8/1
f 385/8/1 381/8/1 380/8/1
f 386/8/1 381/8/1 385/8/1
f 389/8/1 383/8/1 382/8/1
f 390/8/1 383/8/1 389/8/1
f 391/8/1 387/8/1 386/8/1
f 393/8/1 391/8/1 386/8/1
f 393/8/1 392/8/1 391/8/1
f 394/8/1 392/8/1 393/8/1
f 395/8/1 392/8/1 394/8/1
f 396/8/1 392/8/1 395/8/1
f 397/8/1 389/8/1 388/8/1
f 398/8/1 389/8/1 397/8/1
f 401/8/1 400/8/1 399/8/1
f 402/8/1 400/8/1 401/8/1
f 410/8/1 404/8/1 403/8/1
f 411/8/1 404/8/1 410/8/1
f 413/8/1 406/8/1 405/8/1
f 414/8/1 406/8/1 413/8/1
f 415/8/1 408/8/1 407/8/1
f 416/8/1 408/8/1 415/8/1
f 418/8/1 410/8/1 409/8/1
f 419/8/1 410/8/1 418/8/1
f 420/8/1 410/8/1 419/8/1
f 421/8/1 412/8/1 411/8/1
f 422/8/1 412/8/1 421/8/1
f 425/8/1 419/8/1 418/8/1
f 425/8/1 418/8/1 417/8/1
f 426/8/1 419/8/1 425/8/1
f 427/8/1 419/8/1 426/8/1
f 428/8/1 426/8/1 425/8/1
f 429/8/1 426/8/1 428/8/1
f 430/8/1 423/8/1 422/8/1
f 431/8/1 423/8/1 430/8/1
f 433/8/1 428/8/1 425/8/1
f 437/2/1 425/2/1 424/2/1
f 437/8/1 433/8/1 425/8/1
f 437/8/1 434/8/1 433/8/1
f 438/8/1 434/8/1 437/8/1
f 440/2/1 437/2/1 424/2/1
f 441/2/1 437/2/1 440/2/1
f 442/8/1 439/8/1 438/8/1
f 443/8/1 439/8/1 442/8/1
f 446/8/1 432/8/1 431/8/1
f 447/8/1 432/8/1 446/8/1
f 448/8/1 444/8/1 443/8/1
f 449/8/1 444/8/1 448/8/1
f 450/8/1 446/8/1 445/8/1
f 451/8/1 446/8/1 450/8/1
f 452/8/1 446/8/1 451/8/1
f 453/9/1 436/9/1 435/9/1
f 454/9/1 436/9/1 453/9/1
f 455/8/1 451/8/1 450/8/1
f 455/8/1 450/8/1 449/8/1
f 456/8/1 451/8/1 455/8/1
f 460/2/1 458/2/1 457/2/1
f 461/10/1 459/10/1 458/10/1
f 461/2/1 458/2/1 460/2/1
f 462/10/1 459/10/1 461/10/1
f 464/3/1 463/3/1 462/3/1
f 465/3/1 463/3/1 464/3/1
f 475/2/1 467/2/1 466/2/1
f 475/2/1 468/2/1 467/2/1
f 476/2/1 468/2/1 475/2/1
f 477/2/1 468/2/1 476/2/1
f 479/2/1 470/2/1 469/2/1
f 480/2/1 470/2/1 479/2/1
f 481/6/1 472/6/1 471/6/1
f 482/6/1 472/6/1 481/6/1
f 483/3/1 474/3/1 473/3/1
f 484/3/1 474/3/1 483/3/1
f 485/8/1 477/8/1 476/8/1
f 486/8/1 477/8/1 485/8/1
f 487/8/1 480/8/1 479/8/1
f 487/8/1 479/8/1 478/8/1
f 488/8/1 480/8/1 487/8/1
f 490/9/1 482/9/1 481/9/1
f 491/9/1 482/9/1 490/9/1
f 492/8/1 489/8/1 488/8/1
f 493/8/1 489/8/1 492/8/1
f 495/8/1 494/8/1 493/8/1
f 496/8/1 494/8/1 495/8/1
f 499/8/1 498/8/1 497/8/1
f 501/8/1 499/8/1 497/8/1
f 501/8/1 500/8/1 499/8/1
f 502/8/1 500/8/1 501/8/1
f 506/8/1 503/8/1 502/8/1
f 507/8/1 503/8/1 506/8/1
f 510/8/1 505/8/1 504/8/1
f 511/8/1 505/8/1 510/8/1
f 512/8/1 508/8/1 507/8/1
f 513/8/1 508/8/1 512/8/1
f 514/8/1 510/8/1 509/8/1
f 515/8/1 510/8/1 514/8/1
f 518/8/1 517/8/1 516/8/1
f 519/8/1 517/8/1 518/8/1
f 521/8/1 520/8/1 519/8/1
f 522/8/1 520/8/1 521/8/1
f 525/8/1 524/8/1 523/8/1
f 526/8/1 524/8/1 525/8/1
f 535/8/1 528/8/1 527/8/1
f 536/8/1 528/8/1 535/8/1
f 537/8/1 530/8/1 529/8/1
f 538/8/1 530/8/1 537/8/1
f 540/8/1 532/8/1 531/8/1
f 541/8/1 532/8/1 540/8/1
f 542/8/1 534/8/1 533/8/1
f 543/8/1 534/8/1 542/8/1
f 546/8/1 540/8/1 539/8/1
f 547/8/1 540/8/1 546/8/1
f 548/8/1 544/8/1 543/8/1
f 549/8/1 544/8/1 548/8/1
f 550/8/1 546/8/1 545/8/1
f 551/8/1 546/8/1 550/8/1
f 556/8/1 553/8/1 552/8/1
f 557/8/1 553/8/1 556/8/1
f 560/9/1 555/9/1 554/9/1
f 561/9/1 555/9/1 560/9/1
f 564/8/1 563/8/1 562/8/1
f 565/8/1 563/8/1 564/8/1
f 568/8/1 559/8/1 558/8/1
f 569/8/1 559/8/1 568/8/1
f 570/8/1 566/8/1 565/8/1
f 571/8/1 566/8/1 570/8/1
f 574/8/1 568/8/1 567/8/1
f 577/8/1 572/8/1 571/8/1
f 578/8/1 572/8/1 577/8/1
f 579/8/1 574/8/1 573/8/1
f 580/8/1 568/8/1 574/8/1
f 580/8/1 574/8/1 579/8/1
f 581/8/1 568/8/1 580/8/1
f 582/8/1 579/8/1 578/8/1
f 582/8/1 580/8/1 579/8/1
f 583/8/1 580/8/1 582/8/1
f 584/8/1 580/8/1 583/8/1
f 585/8/1 580/8/1 584/8/1
f 586/9/1 576/9/1 575/9/1
f 587/9/1 576/9/1 586/9/1
f 588/8/1 584/8/1 583/8/1
f 589/9/1 585/9/1 584/9/1
f 589/8/1 584/8/1 588/8/1
f 590/9/1 585/9/1 589/9/1
f 593/3/1 592/3/1 591/3/1
f 594/3/1 592/3/1 593/3/1
f 596/10/1 595/10/1 594/10/1
f 597/10/1 595/10/1 596/10/1
f 603/2/1 599/2/1 598/2/1
f 603/2/1 600/2/1 599/2/1
f 604/2/1 600/2/1 603/2/1
f 605/2/1 602/2/1 601/2/1
f 606/2/1 602/2/1 605/2/1
f 607/8/1 606/8/1 605/8/1
f 608/8/1 606/8/1 607/8/1
f 610/8/1 609/8/1 608/8/1
f 611/8/1 609/8/1 610/8/1
f 615/9/1 613/9/1 612/9/1
f 616/9/1 613/9/1 615/9/1
f 618/8/1 615/8/1 614/8/1
f 619/8/1 615/8/1 618/8/1
f 620/8/1 618/8/1 617/8/1
f 621/8/1 618/8/1 620/8/1
f 624/8/1 623/8/1 622/8/1
f 625/8/1 623/8/1 624/8/1
f 629/8/1 626/8/1 625/8/1
f 630/8/1 626/8/1 629/8/1
f 632/8/1 628/8/1 627/8/1
f 633/8/1 628/8/1 632/8/1
f 634/8/1 632/8/1 631/8/1
f 635/8/1 632/8/1 634/8/1
f 638/8/1 637/8/1 636/8/1
f 639/8/1 637/8/1 638/8/1
f 643/8/1 641/8/1 640/8/1
f 644/8/1 641/8/1 643/8/1
f 645/8/1 643/8/1 642/8/1
f 646/8/1 643/8/1 645/8/1
f 651/8/1 648/8/1 647/8/1
f 652/8/1 648/8/1 651/8/1
f 653/9/1 650/9/1 649/9/1
f 654/9/1 650/9/1 653/9/1
f 657/8/1 656/8/1 655/8/1
f 658/8/1 656/8/1 657/8/1
f 663/8/1 659/8/1 658/8/1
f 664/8/1 659/8/1 663/8/1
f 665/8/1 661/8/1 660/8/1
f 666/8/1 661/8/1 665/8/1
f 668/8/1 663/8/1 662/8/1
f 669/8/1 663/8/1 668/8/1
f 670/8/1 667/8/1 666/8/1
f 671/8/1 667/8/1 670/8/1
f 678/8/1 672/8/1 671/8/1
f 679/8/1 672/8/1 678/8/1
f 681/9/1 675/9/1 674/9/1
f 681/9/1 674/9/1 673/9/1
f 682/9/1 675/9/1 681/9/1
f 683/9/1 677/9/1 676/9/1
f 684/9/1 677/9/1 683/9/1
f 687/8/1 680/8/1 679/8/1
f 688/8/1 680/8/1 687/8/1
f 690/9/1 682/9/1 681/9/1
f 690/9/1 683/9/1 682/9/1
f 691/9/1 683/9/1 690/9/1
f 692/9/1 683/9/1 691/9/1
f 693/9/1 686/9/1 685/9/1
f 694/9/1 686/9/1 693/9/1
f 695/9/1 689/9/1 688/9/1
f 695/9/1 691/9/1 690/9/1
f 695/9/1 690/9/1 689/9/1
f 696/9/1 691/9/1 695/9/1
f 697/9/1 691/9/1 696/9/1
f 698/9/1 691/9/1 697/9/1
f 701/9/1 697/9/1 696/9/1
f 702/9/1 697/9/1 701/9/1
f 703/3/1 700/3/1 699/3/1
f 704/3/1 700/3/1 703/3/1
f 706/3/1 705/3/1 704/3/1
f 707/3/1 705/3/1 706/3/1
f 712/2/1 709/2/1 708/2/1
f 713/2/1 709/2/1 712/2/1
f 714/2/1 711/2/1 710/2/1
f 715/2/1 711/2/1 714/2/1
f 719/9/1 717/9/1 716/9/1
f 720/9/1 717/9/1 719/9/1
f 722/9/1 719/9/1 718/9/1
f 723/9/1 719/9/1 722/9/1
f 725/9/1 722/9/1 721/9/1
f 726/9/1 722/9/1 725/9/1
f 728/8/1 725/8/1 724/8/1
f 729/8/1 725/8/1 728/8/1
f 730/8/1 728/8/1 727/8/1
f 731/8/1 728/8/1 730/8/1
f 732/6/1 731/6/1 730/6/1
f 733/6/1 731/6/1 732/6/1
f 735/8/1 734/8/1 733/8/1
f 736/8/1 734/8/1 735/8/1
f 738/8/1 737/8/1 736/8/1
f 739/8/1 737/8/1 738/8/1
f 744/8/1 741/8/1 740/8/1
f 745/8/1 741/8/1 744/8/1
f 746/8/1 743/8/1 742/8/1
f 747/8/1 743/8/1 746/8/1
f 752/8/1 749/8/1 748/8/1
f 753/8/1 749/8/1 752/8/1
f 754/8/1 751/8/1 750/8/1
f 755/8/1 751/8/1 754/8/1
f 758/8/1 757/8/1 756/8/1
f 759/8/1 757/8/1 758/8/1
f 762/9/1 761/9/1 760/9/1
f 763/9/1 761/9/1 762/9/1
f 769/9/1 765/9/1 764/9/1
f 771/9/1 767/9/1 766/9/1
f 772/9/1 767/9/1 771/9/1
f 774/9/1 769/9/1 768/9/1
f 775/9/1 765/9/1 769/9/1
f 775/9/1 769/9/1 774/9/1
f 776/9/1 765/9/1 775/9/1
f 777/9/1 773/9/1 772/9/1
f 777/9/1 771/9/1 770/9/1
f 777/9/1 772/9/1 771/9/1
f 778/9/1 773/9/1 777/9/1
f 779/9/1 773/9/1 778/9/1
f 780/9/1 773/9/1 779/9/1
f 781/9/1 776/9/1 775/9/1
f 781/9/1 777/9/1 776/9/1
f 782/9/1 777/9/1 781/9/1
f 783/9/1 779/9/1 778/9/1
f 784/9/1 779/9/1 783/9/1
f 786/9/1 783/9/1 782/9/1
f 787/9/1 783/9/1 786/9/1
f 795/9/1 786/9/1 785/9/1
f 796/9/1 786/9/1 795/9/1
f 797/9/1 789/9/1 788/9/1
f 798/9/1 789/9/1 797/9/1
f 799/3/1 791/3/1 790/3/1
f 800/3/1 791/3/1 799/3/1
f 802/9/1 793/9/1 792/9/1
f 803/9/1 793/9/1 802/9/1
f 804/9/1 795/9/1 794/9/1
f 805/9/1 795/9/1 804/9/1
f 806/3/1 801/3/1 800/3/1
f 807/3/1 801/3/1 806/3/1
f 808/9/1 804/9/1 803/9/1
f 809/9/1 804/9/1 808/9/1
f 815/9/1 811/9/1 810/9/1
f 816/9/1 811/9/1 815/9/1
f 817/8/1 813/8/1 812/8/1
f 818/8/1 813/8/1 817/8/1
f 821/9/1 815/9/1 814/9/1
f 822/9/1 815/9/1 821/9/1
f 825/9/1 820/9/1 819/9/1
f 826/9/1 820/9/1 825/9/1
f 828/9/1 824/9/1 823/9/1
f 829/9/1 824/9/1 828/9/1
f 830/8/1 828/8/1 827/8/1
f 831/8/1 828/8/1 830/8/1
f 834/8/1 833/8/1 832/8/1
f 835/8/1 833/8/1 834/8/1
f 837/8/1 836/8/1 835/8/1
f 838/8/1 836/8/1 837/8/1
f 841/3/1 840/3/1 839/3/1
f 842/3/1 840/3/1 841/3/1
f 844/3/1 843/3/1 842/3/1
f 845/3/1 843/3/1 844/3/1
f 848/8/1 847/8/1 846/8/1
f 849/8/1 847/8/1 848/8/1
f 850/8/1 847/8/1 849/8/1
f 851/8/1 847/8/1 850/8/1
f 854/2/1 853/2/1 852/2/1
f 855/2/1 853/2/1 854/2/1
f 858/3/1 857/3/1 856/3/1
f 859/3/1 857/3/1 858/3/1
f 861/3/1 860/3/1 859/3/1
f 862/3/1 860/3/1 861/3/1
f 865/2/1 864/2/1 863/2/1
f 866/2/1 864/2/1 865/2/1
f 869/8/1 868/8/1 867/8/1
f 870/8/1 868/8/1 869/8/1
f 873/8/1 872/8/1 871/8/1
f 874/8/1 872/8/1 873/8/1
f 876/8/1 875/8/1 874/8/1
f 877/8/1 875/8/1 876/8/1
f 879/8/1 878/8/1 877/8/1
f 880/8/1 878/8/1 879/8/1
f 883/3/1 882/3/1 881/3/1
f 884/3/1 882/3/1 883/3/1
f 886/3/1 885/3/1 884/3/1
f 887/3/1 885/3/1 886/3/1
f 890/2/1 889/2/1 888/2/1
f 891/2/1 889/2/1 890/2/1
f 894/2/1 893/2/1 892/2/1
f 895/2/1 893/2/1 894/2/1
f 899/8/1 897/8/1 896/8/1
f 900/8/1 897/8/1 899/8/1
f 901/8/1 899/8/1 898/8/1
f 902/8/1 899/8/1 901/8/1
f 905/3/1 904/3/1 903/3/1
f 906/3/1 904/3/1 905/3/1
f 908/3/1 907/3/1 906/3/1
f 909/3/1 907/3/1 908/3/1
f 912/2/1 911/2/1 910/2/1
f 913/2/1 911/2/1 912/2/1
f 916/2/1 915/2/1 914/2/1
f 917/2/1 915/2/1 916/2/1
f 921/8/1 919/8/1 918/8/1
f 922/8/1 919/8/1 921/8/1
f 924/8/1 921/8/1 920/8/1
f 925/8/1 921/8/1 924/8/1
f 926/8/1 924/8/1 923/8/1
f 927/8/1 924/8/1 926/8/1
f 930/2/1 929/2/1 928/2/1
f 931/2/1 929/2/1 930/2/1
f 935/8/1 933/8/1 932/8/1
f 936/8/1 933/8/1 935/8/1
f 938/8/1 935/8/1 934/8/1
f 939/8/1 935/8/1 938/8/1
f 940/8/1 938/8/1 937/8/1
f 941/8/1 938/8/1 940/8/1
f 944/2/1 943/2/1 942/2/1
f 945/2/1 943/2/1 944/2/1
f 948/8/1 947/8/1 946/8/1
f 949/8/1 947/8/1 948/8/1
f 953/8/1 951/8/1 950/8/1
f 954/8/1 951/8/1 953/8/1
f 956/8/1 953/8/1 952/8/1
f 957/8/1 953/8/1 956/8/1
f 958/9/1 956/9/1 955/9/1
f 959/9/1 956/9/1 958/9/1
f 962/8/1 961/8/1 960/8/1
f 963/8/1 961/8/1 962/8/1
f 967/9/1 965/9/1 964/9/1
f 968/9/1 965/9/1 967/9/1
f 969/9/1 967/9/1 966/9/1
f 970/9/1 967/9/1 969/9/1
f 973/8/1 972/8/1 971/8/1
f 974/8/1 972/8/1 973/8/1
f 975/9/1 974/9/1 973/9/1
f 976/9/1 975/9/1 973/9/1
f 977/9/1 975/9/1 976/9/1
f 980/9/1 979/9/1 978/9/1
f 981/9/1 979/9/1 980/9/1
f 985/1/1 983/1/1 982/1/1
f 986/1/1 983/1/1 985/1/1
f 988/1/1 985/1/1 984/1/1
f 989/4/1 986/4/1 985/4/1
f 989/1/1 985/1/1 988/1/1
f 990/1/1 987/1/1 986/1/1
f 990/4/1 986/4/1 989/4/1
f 991/1/1 987/1/1 990/1/1
f 992/4/1 989/4/1 988/4/1
f 993/1/1 990/1/1 989/1/1
f 993/4/1 989/4/1 992/4/1
f 994/4/1 991/4/1 990/4/1
f 994/1/1 990/1/1 993/1/1
f 995/4/1 991/4/1 994/4/1
f 996/5/1 993/5/1 992/5/1
f 996/5/1 994/5/1 993/5/1
f 996/5/1 995/5/1 994/5/1
f 997/5/1 995/5/1 996/5/1
f 998/5/1 995/5/1 997/5/1
f 999/5/1 995/5/1 998/5/1
f 1000/4/1 997/4/1 996/4/1
f 1000/1/1 998/1/1 997/1/1
f 1001/4/1 999/4/1 998/4/1
f 1001/1/1 998/1/1 1000/1/1
f 1002/4/1 1000/4/1 996/4/1
f 1002/4/1 1001/4/1 1000/4/1
f 1003/4/1 999/4/1 1001/4/1
f 1003/4/1 1001/4/1 1002/4/1
f 1004/8/1 1003/8/1 1002/8/1
f 1005/8/1 1003/8/1 1004/8/1
f 1006/8/1 1003/8/1 1005/8/1
f 1007/8/1 1003/8/1 1006/8/1
f 1008/1/2 1009/1/2 1011/1/2
f 1011/1/2 1009/1/2 1012/1/2
f 1010/1/2 1011/1/2 1014/1/2
f 1011/4/2 1012/4/2 1015/4/2
f 1014/1/2 1011/1/2 1015/1/2
f 1012/1/2 1013/1/2 1016/1/2
f 1015/4/2 1012/4/2 1016/4/2
f 1016/1/2 1013/1/2 1017/1/2
f 1014/4/2 1015/4/2 1018/4/2
f 1015/1/2 1016/1/2 1019/1/2
f 1018/4/2 1015/4/2 1019/4/2
f 1016/4/2 1017/4/2 1020/4/2
f 1019/1/2 1016/1/2 1020/1/2
f 1020/4/2 1017/4/2 1021/4/2
f 1018/5/2 1019/5/2 1022/5/2
f 1019/5/2 1020/5/2 1022/5/2
f 1020/5/2 1021/5/2 1022/5/2
f 1022/5/2 1021/5/2 1023/5/2
f 1023/5/2 1021/5/2 1024/5/2
f 1024/5/2 1021/5/2 1025/5/2
f 1022/4/2 1023/4/2 1026/4/2
f 1023/1/2 1024/1/2 1026/1/2
f 1024/4/2 1025/4/2 1027/4/2
f 1026/1/2 1024/1/2 1027/1/2
f 1022/4/2 1026/4/2 1028/4/2
f 1026/4/2 1027/4/2 1028/4/2
f 1027/4/2 1025/4/2 1029/4/2
f 1028/4/2 1027/4/2 1029/4/2
f 1028/8/2 1029/8/2 1030/8/2
f 1030/8/2 1029/8/2 1031/8/2
f 1031/8/2 1029/8/2 1032/8/2
f 1032/8/2 1029/8/2 1033/8/2
f 1034/9/2 1035/9/2 1036/9/2
f 1036/9/2 1035/9/2 1037/9/2
f 1038/8/2 1039/8/2 1040/8/2
f 1040/8/2 1039/8/2 1041/8/2
f 1040/9/2 1041/9/2 1042/9/2
f 1040/9/2 1042/9/2 1043/9/2
f 1043/9/2 1042/9/2 1044/9/2
f 1045/9/2 1046/9/2 1047/9/2
f 1047/9/2 1046/9/2 1048/9/2
f 1049/9/2 1050/9/2 1051/9/2
f 1051/9/2 1050/9/2 1052/9/2
f 1053/9/2 1054/9/2 1055/9/2
f 1055/9/2 1054/9/2 1056/9/2
f 1057/8/2 1058/8/2 1059/8/2
f 1059/8/2 1058/8/2 1060/8/2
f 1061/9/2 1062/9/2 1064/9/2
f 1064/9/2 1062/9/2 1065/9/2
f 1063/9/2 1064/9/2 1066/9/2
f 1066/9/2 1064/9/2 1067/9/2
f 1068/2/2 1069/2/2 1070/2/2
f 1070/2/2 1069/2/2 1071/2/2
f 1072/9/2 1073/9/2 1074/9/2
f 1074/9/2 1073/9/2 1075/9/2
f 1076/9/2 1077/9/2 1078/9/2
f 1078/9/2 1077/9/2 1079/9/2
f 1080/8/2 1081/8/2 1082/8/2
f 1082/8/2 1081/8/2 1083/8/2
f 1084/8/2 1085/8/2 1087/8/2
f 1087/8/2 1085/8/2 1088/8/2
f 1086/8/2 1087/8/2 1090/8/2
f 1090/8/2 1087/8/2 1091/8/2
f 1089/9/2 1090/9/2 1092/9/2
f 1092/9/2 1090/9/2 1093/9/2
f 1094/2/2 1095/2/2 1096/2/2
f 1096/2/2 1095/2/2 1097/2/2
f 1098/9/2 1099/9/2 1100/9/2
f 1100/9/2 1099/9/2 1101/9/2
f 1102/8/2 1103/8/2 1105/8/2
f 1105/8/2 1103/8/2 1106/8/2
f 1104/8/2 1105/8/2 1108/8/2
f 1108/8/2 1105/8/2 1109/8/2
f 1107/8/2 1108/8/2 1110/8/2
f 1110/8/2 1108/8/2 1111/8/2
f 1112/2/2 1113/2/2 1114/2/2
f 1114/2/2 1113/2/2 1115/2/2
f 1116/2/2 1117/2/2 1120/2/2
f 1120/2/2 1117/2/2 1121/2/2
f 1118/3/2 1119/3/2 1124/3/2
f 1124/3/2 1119/3/2 1125/3/2
f 1122/9/2 1123/9/2 1126/9/2
f 1126/9/2 1123/9/2 1127/9/2
f 1128/8/2 1129/8/2 1131/8/2
f 1131/8/2 1129/8/2 1132/8/2
f 1130/8/2 1131/8/2 1134/8/2
f 1134/8/2 1131/8/2 1135/8/2
f 1133/8/2 1134/8/2 1136/8/2
f 1136/8/2 1134/8/2 1137/8/2
f 1138/8/2 1139/8/2 1140/8/2
f 1140/8/2 1139/8/2 1141/8/2
f 1141/8/2 1142/8/2 1143/8/2
f 1143/8/2 1142/8/2 1144/8/2
f 1144/8/2 1145/8/2 1146/8/2
f 1146/8/2 1145/8/2 1147/8/2
f 1148/2/2 1149/2/2 1150/2/2
f 1150/2/2 1149/2/2 1151/2/2
f 1152/2/2 1153/2/2 1156/2/2
f 1156/2/2 1153/2/2 1157/2/2
f 1154/3/2 1155/3/2 1159/3/2
f 1159/3/2 1155/3/2 1160/3/2
f 1158/3/2 1159/3/2 1161/3/2
f 1161/3/2 1159/3/2 1162/3/2
f 1163/8/2 1164/8/2 1166/8/2
f 1166/8/2 1164/8/2 1167/8/2
f 1165/8/2 1166/8/2 1168/8/2
f 1168/8/2 1166/8/2 1169/8/2
f 1170/8/2 1171/8/2 1172/8/2
f 1172/8/2 1171/8/2 1173/8/2
f 1173/8/2 1171/8/2 1174/8/2
f 1174/8/2 1171/8/2 1175/8/2
f 1176/2/2 1177/2/2 1178/2/2
f 1178/2/2 1177/2/2 1179/2/2
f 1180/2/2 1181/2/2 1184/2/2
f 1184/2/2 1181/2/2 1185/2/2
f 1182/10/2 1183/10/2 1187/10/2
f 1187/10/2 1183/10/2 1188/10/2
f 1186/10/2 1187/10/2 1189/10/2
f 1189/10/2 1187/10/2 1190/10/2
f 1191/8/2 1192/8/2 1193/8/2
f 1193/8/2 1192/8/2 1194/8/2
f 1195/3/2 1196/3/2 1198/3/2
f 1198/3/2 1196/3/2 1199/3/2
f 1197/3/2 1198/3/2 1200/3/2
f 1200/3/2 1198/3/2 1201/3/2
f 1202/9/2 1203/9/2 1204/9/2
f 1204/9/2 1203/9/2 1205/9/2
f 1206/9/2 1207/9/2 1211/9/2
f 1208/9/2 1209/9/2 1213/9/2
f 1213/9/2 1209/9/2 1214/9/2
f 1210/9/2 1211/9/2 1216/9/2
f 1211/9/2 1207/9/2 1217/9/2
f 1216/9/2 1211/9/2 1217/9/2
f 1217/9/2 1207/9/2 1218/9/2
f 1214/9/2 1215/9/2 1219/9/2
f 1212/9/2 1213/9/2 1219/9/2
f 1213/9/2 1214/9/2 1219/9/2
f 1219/9/2 1215/9/2 1220/9/2
f 1220/9/2 1215/9/2 1221/9/2
f 1221/9/2 1215/9/2 1222/9/2
f 1217/9/2 1218/9/2 1223/9/2
f 1218/9/2 1219/9/2 1223/9/2
f 1223/9/2 1219/9/2 1224/9/2
f 1220/9/2 1221/9/2 1225/9/2
f 1225/9/2 1221/9/2 1226/9/2
f 1224/9/2 1225/9/2 1228/9/2
f 1228/9/2 1225/9/2 1229/9/2
f 1227/9/2 1228/9/2 1235/9/2
f 1235/9/2 1228/9/2 1236/9/2
f 1230/9/2 1231/9/2 1237/9/2
f 1237/9/2 1231/9/2 1238/9/2
f 1232/9/2 1233/9/2 1239/9/2
f 1239/9/2 1233/9/2 1240/9/2
f 1234/9/2 1235/9/2 1241/9/2
f 1241/9/2 1235/9/2 1242/9/2
f 1240/9/2 1241/9/2 1245/9/2
f 1245/9/2 1241/9/2 1246/9/2
f 1243/3/2 1244/3/2 1248/3/2
f 1248/3/2 1244/3/2 1249/3/2
f 1247/3/2 1248/3/2 1250/3/2
f 1250/3/2 1248/3/2 1251/3/2
f 1252/9/2 1253/9/2 1257/9/2
f 1257/9/2 1253/9/2 1258/9/2
f 1254/8/2 1255/8/2 1259/8/2
f 1259/8/2 1255/8/2 1260/8/2
f 1256/9/2 1257/9/2 1263/9/2
f 1263/9/2 1257/9/2 1264/9/2
f 1261/9/2 1262/9/2 1267/9/2
f 1267/9/2 1262/9/2 1268/9/2
f 1265/9/2 1266/9/2 1270/9/2
f 1270/9/2 1266/9/2 1271/9/2
f 1269/8/2 1270/8/2 1272/8/2
f 1272/8/2 1270/8/2 1273/8/2
f 1274/8/2 1275/8/2 1276/8/2
f 1276/8/2 1275/8/2 1277/8/2
f 1277/8/2 1278/8/2 1279/8/2
f 1279/8/2 1278/8/2 1280/8/2
f 1281/8/2 1282/8/2 1284/8/2
f 1284/8/2 1282/8/2 1285/8/2
f 1283/8/2 1284/8/2 1286/8/2
f 1286/8/2 1284/8/2 1287/8/2
f 1288/8/2 1289/8/2 1292/8/2
f 1292/8/2 1289/8/2 1293/8/2
f 1290/9/2 1291/9/2 1294/9/2
f 1294/9/2 1291/9/2 1295/9/2
f 1296/8/2 1297/8/2 1298/8/2
f 1298/8/2 1297/8/2 1299/8/2
f 1299/8/2 1300/8/2 1304/8/2
f 1304/8/2 1300/8/2 1305/8/2
f 1301/8/2 1302/8/2 1306/8/2
f 1306/8/2 1302/8/2 1307/8/2
f 1303/8/2 1304/8/2 1309/8/2
f 1309/8/2 1304/8/2 1310/8/2
f 1307/8/2 1308/8/2 1311/8/2
f 1311/8/2 1308/8/2 1312/8/2
f 1312/8/2 1313/8/2 1319/8/2
f 1319/8/2 1313/8/2 1320/8/2
f 1315/9/2 1316/9/2 1322/9/2
f 1314/9/2 1315/9/2 1322/9/2
f 1322/9/2 1316/9/2 1323/9/2
f 1317/9/2 1318/9/2 1324/9/2
f 1324/9/2 1318/9/2 1325/9/2
f 1320/8/2 1321/8/2 1328/8/2
f 1328/8/2 1321/8/2 1329/8/2
f 1322/9/2 1323/9/2 1331/9/2
f 1323/9/2 1324/9/2 1331/9/2
f 1331/9/2 1324/9/2 1332/9/2
f 1332/9/2 1324/9/2 1333/9/2
f 1326/9/2 1327/9/2 1334/9/2
f 1334/9/2 1327/9/2 1335/9/2
f 1329/9/2 1330/9/2 1336/9/2
f 1331/9/2 1332/9/2 1336/9/2
f 1330/9/2 1331/9/2 1336/9/2
f 1336/9/2 1332/9/2 1337/9/2
f 1337/9/2 1332/9/2 1338/9/2
f 1338/9/2 1332/9/2 1339/9/2
f 1337/9/2 1338/9/2 1342/9/2
f 1342/9/2 1338/9/2 1343/9/2
f 1340/3/2 1341/3/2 1345/3/2
f 1345/3/2 1341/3/2 1346/3/2
f 1344/3/2 1345/3/2 1347/3/2
f 1347/3/2 1345/3/2 1348/3/2
f 1349/2/2 1350/2/2 1353/2/2
f 1353/2/2 1350/2/2 1354/2/2
f 1351/2/2 1352/2/2 1355/2/2
f 1355/2/2 1352/2/2 1356/2/2
f 1357/9/2 1358/9/2 1360/9/2
f 1360/9/2 1358/9/2 1361/9/2
f 1359/9/2 1360/9/2 1363/9/2
f 1363/9/2 1360/9/2 1364/9/2
f 1362/9/2 1363/9/2 1366/9/2
f 1366/9/2 1363/9/2 1367/9/2
f 1365/8/2 1366/8/2 1369/8/2
f 1369/8/2 1366/8/2 1370/8/2
f 1368/8/2 1369/8/2 1371/8/2
f 1371/8/2 1369/8/2 1372/8/2
f 1371/6/2 1372/6/2 1373/6/2
f 1373/6/2 1372/6/2 1374/6/2
f 1374/8/2 1375/8/2 1376/8/2
f 1376/8/2 1375/8/2 1377/8/2
f 1377/8/2 1378/8/2 1379/8/2
f 1379/8/2 1378/8/2 1380/8/2
f 1381/8/2 1382/8/2 1385/8/2
f 1385/8/2 1382/8/2 1386/8/2
f 1383/8/2 1384/8/2 1387/8/2
f 1387/8/2 1384/8/2 1388/8/2
f 1389/8/2 1390/8/2 1393/8/2
f 1393/8/2 1390/8/2 1394/8/2
f 1391/8/2 1392/8/2 1395/8/2
f 1395/8/2 1392/8/2 1396/8/2
f 1397/8/2 1398/8/2 1399/8/2
f 1399/8/2 1398/8/2 1400/8/2
f 1401/8/2 1402/8/2 1409/8/2
f 1409/8/2 1402/8/2 1410/8/2
f 1403/8/2 1404/8/2 1411/8/2
f 1411/8/2 1404/8/2 1412/8/2
f 1405/8/2 1406/8/2 1414/8/2
f 1414/8/2 1406/8/2 1415/8/2
f 1407/8/2 1408/8/2 1416/8/2
f 1416/8/2 1408/8/2 1417/8/2
f 1413/8/2 1414/8/2 1420/8/2
f 1420/8/2 1414/8/2 1421/8/2
f 1417/8/2 1418/8/2 1422/8/2
f 1422/8/2 1418/8/2 1423/8/2
f 1419/8/2 1420/8/2 1424/8/2
f 1424/8/2 1420/8/2 1425/8/2
f 1426/8/2 1427/8/2 1430/8/2
f 1430/8/2 1427/8/2 1431/8/2
f 1428/9/2 1429/9/2 1434/9/2
f 1434/9/2 1429/9/2 1435/9/2
f 1436/8/2 1437/8/2 1438/8/2
f 1438/8/2 1437/8/2 1439/8/2
f 1432/8/2 1433/8/2 1442/8/2
f 1442/8/2 1433/8/2 1443/8/2
f 1439/8/2 1440/8/2 1444/8/2
f 1444/8/2 1440/8/2 1445/8/2
f 1441/8/2 1442/8/2 1448/8/2
f 1445/8/2 1446/8/2 1451/8/2
f 1451/8/2 1446/8/2 1452/8/2
f 1447/8/2 1448/8/2 1453/8/2
f 1448/8/2 1442/8/2 1454/8/2
f 1453/8/2 1448/8/2 1454/8/2
f 1454/8/2 1442/8/2 1455/8/2
f 1452/8/2 1453/8/2 1456/8/2
f 1453/8/2 1454/8/2 1456/8/2
f 1456/8/2 1454/8/2 1457/8/2
f 1457/8/2 1454/8/2 1458/8/2
f 1458/8/2 1454/8/2 1459/8/2
f 1449/9/2 1450/9/2 1460/9/2
f 1460/9/2 1450/9/2 1461/9/2
f 1457/8/2 1458/8/2 1462/8/2
f 1458/9/2 1459/9/2 1463/9/2
f 1462/8/2 1458/8/2 1463/8/2
f 1463/9/2 1459/9/2 1464/9/2
f 1465/3/2 1466/3/2 1468/3/2
f 1468/3/2 1466/3/2 1469/3/2
f 1467/3/2 1468/3/2 1470/3/2
f 1470/3/2 1468/3/2 1471/3/2
f 1472/2/2 1473/2/2 1477/2/2
f 1473/2/2 1474/2/2 1477/2/2
f 1477/2/2 1474/2/2 1478/2/2
f 1475/2/2 1476/2/2 1479/2/2
f 1479/2/2 1476/2/2 1480/2/2
f 1479/8/2 1480/8/2 1481/8/2
f 1481/8/2 1480/8/2 1482/8/2
f 1482/8/2 1483/8/2 1484/8/2
f 1484/8/2 1483/8/2 1485/8/2
f 1486/9/2 1487/9/2 1489/9/2
f 1489/9/2 1487/9/2 1490/9/2
f 1488/8/2 1489/8/2 1492/8/2
f 1492/8/2 1489/8/2 1493/8/2
f 1491/8/2 1492/8/2 1494/8/2
f 1494/8/2 1492/8/2 1495/8/2
f 1496/8/2 1497/8/2 1498/8/2
f 1498/8/2 1497/8/2 1499/8/2
f 1499/8/2 1500/8/2 1503/8/2
f 1503/8/2 1500/8/2 1504/8/2
f 1501/8/2 1502/8/2 1506/8/2
f 1506/8/2 1502/8/2 1507/8/2
f 1505/8/2 1506/8/2 1508/8/2
f 1508/8/2 1506/8/2 1509/8/2
f 1510/8/2 1511/8/2 1512/8/2
f 1512/8/2 1511/8/2 1513/8/2
f 1514/8/2 1515/8/2 1521/8/2
f 1521/8/2 1515/8/2 1522/8/2
f 1516/8/2 1517/8/2 1524/8/2
f 1524/8/2 1517/8/2 1525/8/2
f 1518/8/2 1519/8/2 1526/8/2
f 1526/8/2 1519/8/2 1527/8/2
f 1520/8/2 1521/8/2 1529/8/2
f 1529/8/2 1521/8/2 1530/8/2
f 1530/8/2 1521/8/2 1531/8/2
f 1522/8/2 1523/8/2 1532/8/2
f 1532/8/2 1523/8/2 1533/8/2
f 1529/8/2 1530/8/2 1536/8/2
f 1528/8/2 1529/8/2 1536/8/2
f 1536/8/2 1530/8/2 1537/8/2
f 1537/8/2 1530/8/2 1538/8/2
f 1536/8/2 1537/8/2 1539/8/2
f 1539/8/2 1537/8/2 1540/8/2
f 1533/8/2 1534/8/2 1541/8/2
f 1541/8/2 1534/8/2 1542/8/2
f 1536/8/2 1539/8/2 1544/8/2
f 1535/2/2 1536/2/2 1548/2/2
f 1536/8/2 1544/8/2 1548/8/2
f 1544/8/2 1545/8/2 1548/8/2
f 1548/8/2 1545/8/2 1549/8/2
f 1535/2/2 1548/2/2 1551/2/2
f 1551/2/2 1548/2/2 1552/2/2
f 1549/8/2 1550/8/2 1553/8/2
f 1553/8/2 1550/8/2 1554/8/2
f 1542/8/2 1543/8/2 1557/8/2
f 1557/8/2 1543/8/2 1558/8/2
f 1554/8/2 1555/8/2 1559/8/2
f 1559/8/2 1555/8/2 1560/8/2
f 1556/8/2 1557/8/2 1561/8/2
f 1561/8/2 1557/8/2 1562/8/2
f 1562/8/2 1557/8/2 1563/8/2
f 1546/9/2 1547/9/2 1564/9/2
f 1564/9/2 1547/9/2 1565/9/2
f 1561/8/2 1562/8/2 1566/8/2
f 1560/8/2 1561/8/2 1566/8/2
f 1566/8/2 1562/8/2 1567/8/2
f 1568/3/2 1569/3/2 1571/3/2
f 1571/3/2 1569/3/2 1572/3/2
f 1570/3/2 1571/3/2 1573/3/2
f 1573/3/2 1571/3/2 1574/3/2
f 1575/2/2 1576/2/2 1577/2/2
f 1577/2/2 1576/2/2 1578/2/2
f 1579/2/2 1580/2/2 1584/2/2
f 1580/2/2 1581/2/2 1584/2/2
f 1584/2/2 1581/2/2 1585/2/2
f 1585/2/2 1581/2/2 1586/2/2
f 1582/2/2 1583/2/2 1588/2/2
f 1588/2/2 1583/2/2 1589/2/2
f 1585/8/2 1586/8/2 1590/8/2
f 1590/8/2 1586/8/2 1591/8/2
f 1588/8/2 1589/8/2 1592/8/2
f 1587/8/2 1588/8/2 1592/8/2
f 1592/8/2 1589/8/2 1593/8/2
f 1593/8/2 1594/8/2 1595/8/2
f 1595/8/2 1594/8/2 1596/8/2
f 1596/8/2 1597/8/2 1598/8/2
f 1598/8/2 1597/8/2 1599/8/2
f 1600/8/2 1601/8/2 1602/8/2
f 1600/8/2 1602/8/2 1604/8/2
f 1602/8/2 1603/8/2 1604/8/2
f 1604/8/2 1603/8/2 1605/8/2
f 1605/8/2 1606/8/2 1609/8/2
f 1609/8/2 1606/8/2 1610/8/2
f 1607/8/2 1608/8/2 1613/8/2
f 1613/8/2 1608/8/2 1614/8/2
f 1610/8/2 1611/8/2 1615/8/2
f 1615/8/2 1611/8/2 1616/8/2
f 1612/8/2 1613/8/2 1617/8/2
f 1617/8/2 1613/8/2 1618/8/2
f 1619/8/2 1620/8/2 1621/8/2
f 1621/8/2 1620/8/2 1622/8/2
f 1622/8/2 1623/8/2 1624/8/2
f 1624/8/2 1623/8/2 1625/8/2
f 1626/8/2 1627/8/2 1628/8/2
f 1628/8/2 1627/8/2 1629/8/2
f 1630/8/2 1631/8/2 1634/8/2
f 1634/8/2 1631/8/2 1635/8/2
f 1632/8/2 1633/8/2 1636/8/2
f 1636/8/2 1633/8/2 1637/8/2
f 1638/8/2 1639/8/2 1641/8/2
f 1641/8/2 1639/8/2 1642/8/2
f 1640/8/2 1641/8/2 1645/8/2
f 1642/8/2 1643/8/2 1645/8/2
f 1641/8/2 1642/8/2 1645/8/2
f 1644/8/2 1645/8/2 1647/8/2
f 1645/8/2 1643/8/2 1648/8/2
f 1647/8/2 1645/8/2 1648/8/2
f 1646/8/2 1647/8/2 1650/8/2
f 1648/8/2 1649/8/2 1650/8/2
f 1647/8/2 1648/8/2 1650/8/2
f 1650/8/2 1649/8/2 1651/8/2
f 1651/8/2 1649/8/2 1652/8/2
f 1652/8/2 1649/8/2 1653/8/2
f 1653/8/2 1649/8/2 1656/8/2
f 1656/8/2 1649/8/2 1657/8/2
f 1657/8/2 1649/8/2 1658/8/2
f 1658/8/2 1649/8/2 1659/8/2
f 1654/2/2 1655/2/2 1660/2/2
f 1657/8/2 1658/8/2 1661/8/2
f 1661/8/2 1658/8/2 1662/8/2
f 1654/2/2 1660/2/2 1663/2/2
f 1663/2/2 1660/2/2 1664/2/2
f 1665/3/2 1666/3/2 1668/3/2
f 1668/3/2 1666/3/2 1669/3/2
f 1667/3/2 1668/3/2 1670/3/2
f 1670/3/2 1668/3/2 1671/3/2
f 1672/2/2 1673/2/2 1676/2/2
f 1676/2/2 1673/2/2 1677/2/2
f 1674/2/2 1675/2/2 1678/2/2
f 1678/2/2 1675/2/2 1679/2/2
f 1679/2/2 1680/2/2 1683/2/2
f 1683/2/2 1680/2/2 1684/2/2
f 1681/2/2 1682/2/2 1687/2/2
f 1687/2/2 1682/2/2 1688/2/2
f 1684/2/2 1685/2/2 1689/2/2
f 1689/2/2 1685/2/2 1690/2/2
f 1686/2/2 1687/2/2 1693/2/2
f 1693/2/2 1687/2/2 1694/2/2
f 1690/2/2 1691/2/2 1695/2/2
f 1695/2/2 1691/2/2 1696/2/2
f 1692/2/2 1693/2/2 1697/2/2
f 1697/2/2 1693/2/2 1698/2/2
f 1695/8/2 1696/8/2 1700/8/2
f 1700/8/2 1696/8/2 1701/8/2
f 1699/8/2 1700/8/2 1703/8/2
f 1703/8/2 1700/8/2 1704/8/2
f 1702/8/2 1703/8/2 1708/8/2
f 1708/8/2 1703/8/2 1709/8/2
f 1705/8/2 1706/8/2 1710/8/2
f 1710/8/2 1706/8/2 1711/8/2
f 1707/8/2 1708/8/2 1714/8/2
f 1714/8/2 1708/8/2 1715/8/2
f 1713/8/2 1714/8/2 1716/8/2
f 1716/8/2 1714/8/2 1717/8/2
f 1717/8/2 1718/8/2 1719/8/2
f 1719/8/2 1718/8/2 1720/8/2
f 1711/8/2 1712/8/2 1723/8/2
f 1723/8/2 1712/8/2 1724/8/2
f 1720/8/2 1721/8/2 1725/8/2
f 1725/8/2 1721/8/2 1726/8/2
f 1722/8/2 1723/8/2 1729/8/2
f 1729/8/2 1723/8/2 1730/8/2
f 1726/8/2 1727/8/2 1731/8/2
f 1726/8/2 1731/8/2 1733/8/2
f 1731/8/2 1732/8/2 1733/8/2
f 1733/8/2 1732/8/2 1734/8/2
f 1734/8/2 1732/8/2 1735/8/2
f 1735/8/2 1732/8/2 1736/8/2
f 1728/8/2 1729/8/2 1737/8/2
f 1737/8/2 1729/8/2 1738/8/2
f 1739/8/2 1740/8/2 1741/8/2
f 1741/8/2 1740/8/2 1742/8/2
f 1743/8/2 1744/8/2 1745/8/2
f 1745/8/2 1744/8/2 1746/8/2
f 1746/8/2 1747/8/2 1748/8/2
f 1748/8/2 1747/8/2 1749/8/2
f 1749/8/2 1750/8/2 1751/8/2
f 1751/8/2 1750/8/2 1752/8/2
f 1753/8/2 1754/8/2 1756/8/2
f 1756/8/2 1754/8/2 1757/8/2
f 1755/8/2 1756/8/2 1760/8/2
f 1760/8/2 1756/8/2 1761/8/2
f 1757/8/2 1758/8/2 1762/8/2
f 1762/8/2 1758/8/2 1763/8/2
f 1759/8/2 1760/8/2 1766/8/2
f 1766/8/2 1760/8/2 1769/8/2
f 1765/2/2 1766/2/2 1769/2/2
f 1769/8/2 1760/8/2 1770/8/2
f 1763/8/2 1764/8/2 1771/8/2
f 1767/3/2 1768/3/2 1772/3/2
f 1763/8/2 1771/8/2 1773/8/2
f 1771/2/2 1772/2/2 1774/2/2
f 1773/8/2 1771/8/2 1774/8/2
f 1772/3/2 1768/3/2 1775/3/2
f 1774/2/2 1772/2/2 1775/2/2
f 1775/3/2 1768/3/2 1776/3/2
f 1774/2/2 1775/2/2 1777/2/2
f 1777/2/2 1775/2/2 1778/2/2
f 1765/2/2 1769/2/2 1779/2/2
f 1779/2/2 1769/2/2 1780/2/2
f 1780/2/2 1781/2/2 1784/2/2
f 1784/2/2 1781/2/2 1785/2/2
f 1782/2/2 1783/2/2 1788/2/2
f 1788/2/2 1783/2/2 1789/2/2
f 1785/2/2 1786/2/2 1790/2/2
f 1790/2/2 1786/2/2 1791/2/2
f 1787/2/2 1788/2/2 1794/2/2
f 1794/2/2 1788/2/2 1795/2/2
f 1791/2/2 1792/2/2 1796/2/2
f 1796/2/2 1792/2/2 1797/2/2
f 1793/2/2 1794/2/2 1798/2/2
f 1798/2/2 1794/2/2 1799/2/2
f 1797/2/2 1798/2/2 1800/2/2
f 1800/2/2 1798/2/2 1801/2/2
f 1800/8/2 1801/8/2 1803/8/2
f 1803/8/2 1801/8/2 1804/8/2
f 1802/8/2 1803/8/2 1806/8/2
f 1806/8/2 1803/8/2 1807/8/2
f 1804/8/2 1805/8/2 1808/8/2
f 1808/8/2 1805/8/2 1809/8/2
f 1810/8/2 1811/8/2 1815/8/2
f 1815/8/2 1811/8/2 1816/8/2
f 1814/8/2 1815/8/2 1817/8/2
f 1817/8/2 1815/8/2 1818/8/2
f 1818/8/2 1819/8/2 1820/8/2
f 1820/8/2 1819/8/2 1821/8/2
f 1812/8/2 1813/8/2 1824/8/2
f 1824/8/2 1813/8/2 1825/8/2
f 1821/8/2 1822/8/2 1826/8/2
f 1826/8/2 1822/8/2 1827/8/2
f 1823/8/2 1824/8/2 1828/8/2
f 1828/8/2 1824/8/2 1829/8/2
f 1823/8/2 1828/8/2 1831/8/2
f 1830/8/2 1831/8/2 1832/8/2
f 1832/8/2 1831/8/2 1833/8/2
f 1833/8/2 1831/8/2 1834/8/2
f 1831/8/2 1828/8/2 1835/8/2
f 1834/8/2 1831/8/2 1835/8/2
f 1835/8/2 1828/8/2 1836/8/2
f 1836/8/2 1828/8/2 1837/8/2
f 1837/8/2 1838/8/2 1839/8/2
f 1839/8/2 1838/8/2 1840/8/2
f 1841/9/2 1842/9/2 1843/9/2
f 1843/9/2 1842/9/2 1844/9/2
f 1845/8/2 1846/8/2 1847/8/2
f 1847/8/2 1846/8/2 1848/8/2
f 1848/8/2 1846/8/2 1849/8/2
f 1849/8/2 1846/8/2 1850/8/2
f 1851/8/2 1852/8/2 1854/8/2
f 1854/8/2 1852/8/2 1855/8/2
f 1853/8/2 1854/8/2 1858/8/2
f 1855/8/2 1856/8/2 1859/8/2
f 1857/2/2 1858/2/2 1861/2/2
f 1858/8/2 1854/8/2 1861/8/2
f 1861/8/2 1854/8/2 1862/8/2
f 1855/8/2 1859/8/2 1863/8/2
f 1859/2/2 1860/2/2 1864/2/2
f 1863/8/2 1859/8/2 1864/8/2
f 1857/2/2 1861/2/2 1865/2/2
f 1865/2/2 1861/2/2 1866/2/2
f 1864/2/2 1860/2/2 1869/2/2
f 1869/2/2 1860/2/2 1870/2/2
f 1866/2/2 1867/2/2 1871/2/2
f 1871/2/2 1867/2/2 1872/2/2
f 1868/2/2 1869/2/2 1875/2/2
f 1875/2/2 1869/2/2 1876/2/2
f 1872/2/2 1873/2/2 1877/2/2
f 1877/2/2 1873/2/2 1878/2/2
f 1874/2/2 1875/2/2 1879/2/2
f 1879/2/2 1875/2/2 1880/2/2
f 1878/2/2 1879/2/2 1881/2/2
f 1881/2/2 1879/2/2 1882/2/2
f 1883/8/2 1884/8/2 1887/8/2
f 1887/8/2 1884/8/2 1888/8/2
f 1888/8/2 1889/8/2 1890/8/2
f 1890/8/2 1889/8/2 1891/8/2
f 1885/8/2 1886/8/2 1893/8/2
f 1893/8/2 1886/8/2 1894/8/2
f 1892/8/2 1893/8/2 1895/8/2
f 1895/8/2 1893/8/2 1896/8/2
f 1891/8/2 1889/8/2 1899/8/2
f 1896/8/2 1897/8/2 1900/8/2
f 1900/8/2 1897/8/2 1901/8/2
f 1898/8/2 1899/8/2 1902/8/2
f 1899/8/2 1889/8/2 1903/8/2
f 1902/8/2 1899/8/2 1903/8/2
f 1901/8/2 1902/8/2 1904/8/2
f 1904/8/2 1902/8/2 1905/8/2
f 1906/8/2 1907/8/2 1908/8/2
f 1906/8/2 1908/8/2 1910/8/2
f 1908/8/2 1909/8/2 1910/8/2
f 1910/8/2 1909/8/2 1911/8/2
f 1911/8/2 1909/8/2 1912/8/2
f 1912/8/2 1909/8/2 1913/8/2
f 1913/8/2 1909/8/2 1914/8/2
f 1913/9/2 1914/9/2 1915/9/2
f 1915/9/2 1914/9/2 1916/9/2
f 1917/8/2 1918/8/2 1920/8/2
f 1920/8/2 1918/8/2 1921/8/2
f 1919/2/2 1920/2/2 1923/2/2
f 1920/8/2 1921/8/2 1923/8/2
f 1923/8/2 1921/8/2 1924/8/2
f 1924/8/2 1921/8/2 1925/8/2
f 1921/2/2 1922/2/2 1926/2/2
f 1925/8/2 1921/8/2 1926/8/2
f 1924/8/2 1925/8/2 1927/8/2
f 1927/8/2 1925/8/2 1928/8/2
f 1919/2/2 1923/2/2 1929/2/2
f 1929/2/2 1923/2/2 1930/2/2
f 1926/2/2 1922/2/2 1933/2/2
f 1933/2/2 1922/2/2 1934/2/2
f 1930/2/2 1931/2/2 1935/2/2
f 1935/2/2 1931/2/2 1936/2/2
f 1932/2/2 1933/2/2 1937/2/2
f 1937/2/2 1933/2/2 1938/2/2
f 1936/2/2 1937/2/2 1939/2/2
f 1939/2/2 1937/2/2 1940/2/2
f 1941/8/2 1942/8/2 1943/8/2
f 1941/8/2 1943/8/2 1946/8/2
f 1943/8/2 1944/8/2 1946/8/2
f 1945/8/2 1946/8/2 1947/8/2
f 1946/8/2 1944/8/2 1948/8/2
f 1947/8/2 1946/8/2 1948/8/2
f 1948/8/2 1944/8/2 1949/8/2
f 1949/8/2 1944/8/2 1950/8/2
f 1948/8/2 1949/8/2 1951/8/2
f 1951/8/2 1949/8/2 1952/8/2
f 1953/8/2 1954/8/2 1955/8/2
f 1955/8/2 1954/8/2 1956/8/2
f 1955/9/2 1956/9/2 1957/9/2
f 1957/9/2 1956/9/2 1958/9/2
f 1959/2/2 1960/2/2 1963/2/2
f 1961/2/2 1962/2/2 1964/2/2
f 1959/2/2 1963/2/2 1965/2/2
f 1963/2/2 1964/2/2 1965/2/2
f 1965/2/2 1964/2/2 1966/2/2
f 1964/2/2 1962/2/2 1967/2/2
f 1966/2/2 1964/2/2 1967/2/2
f 1967/2/2 1962/2/2 1968/2/2
f 1966/2/2 1967/2/2 1969/2/2
f 1969/2/2 1967/2/2 1970/2/2
f 1971/8/2 1972/8/2 1975/8/2
f 1975/8/2 1972/8/2 1976/8/2
f 1973/8/2 1974/8/2 1977/8/2
f 1977/8/2 1974/8/2 1978/8/2
f 1979/8/2 1980/8/2 1982/8/2
f 1982/8/2 1980/8/2 1983/8/2
f 1981/8/2 1982/8/2 1985/8/2
f 1985/8/2 1982/8/2 1986/8/2
f 1983/8/2 1984/8/2 1987/8/2
f 1987/8/2 1984/8/2 1988/8/2
f 1989/8/2 1990/8/2 1991/8/2
f 1991/8/2 1990/8/2 1992/8/2
f 1993/8/2 1994/8/2 1996/8/2
f 1996/8/2 1994/8/2 1997/8/2
f 1995/8/2 1996/8/2 1999/8/2
f 1996/5/2 1997/5/2 2000/5/2
f 1999/8/2 1996/8/2 2000/8/2
f 1997/8/2 1998/8/2 2001/8/2
f 2000/5/2 1997/5/2 2001/5/2
f 2001/8/2 1998/8/2 2002/8/2
f 1999/5/2 2000/5/2 2003/5/2
f 2000/5/2 2001/5/2 2003/5/2
f 2001/5/2 2002/5/2 2003/5/2
f 2003/5/2 2002/5/2 2004/5/2
f 2009/8/3 2006/8/3 2005/8/3
f 2010/6/3 2007/6/3 2006/6/3
f 2010/8/3 2006/8/3 2009/8/3
f 2011/8/3 2009/8/3 2008/8/3
f 2012/6/3 2010/6/3 2009/6/3
f 2012/8/3 2009/8/3 2011/8/3
f 2013/6/3 2007/6/3 2010/6/3
f 2013/6/3 2010/6/3 2012/6/3
f 2014/8/3 2013/8/3 2012/8/3
f 2015/6/3 2007/6/3 2013/6/3
f 2015/8/3 2013/8/3 2014/8/3
f 2016/6/3 2007/6/3 2015/6/3
f 2020/8/3 2018/8/3 2017/8/3
f 2021/8/3 2018/8/3 2020/8/3
f 2022/8/3 2018/8/3 2021/8/3
f 2025/8/3 2020/8/3 2019/8/3
f 2026/8/3 2020/8/3 2025/8/3
f 2027/9/3 2025/9/3 2024/9/3
f 2028/9/3 2025/9/3 2027/9/3
f 2030/8/3 2029/8/3 2028/8/3
f 2031/8/3 2029/8/3 2030/8/3
f 2033/8/3 2023/8/3 2022/8/3
f 2034/8/3 2023/8/3 2033/8/3
f 2035/8/3 2032/8/3 2031/8/3
f 2035/8/3 2033/8/3 2032/8/3
f 2036/8/3 2033/8/3 2035/8/3
f 2040/8/3 2038/8/3 2037/8/3
f 2041/8/3 2038/8/3 2040/8/3
f 2043/8/3 2040/8/3 2039/8/3
f 2044/8/3 2040/8/3 2043/8/3
f 2045/9/3 2043/9/3 2042/9/3
f 2046/9/3 2043/9/3 2045/9/3
f 2049/9/3 2048/9/3 2047/9/3
f 2050/9/3 2048/9/3 2049/9/3
f 2052/8/3 2051/8/3 2050/8/3
f 2053/8/3 2051/8/3 2052/8/3
f 2055/8/3 2054/8/3 2053/8/3
f 2056/8/3 2054/8/3 2055/8/3
f 2059/8/3 2058/8/3 2057/8/3
f 2060/8/3 2058/8/3 2059/8/3
f 2064/9/3 2063/9/3 2062/9/3
f 2065/9/3 2063/9/3 2064/9/3
f 2067/8/3 2061/8/3 2060/8/3
f 2068/8/3 2061/8/3 2067/8/3
f 2069/8/3 2067/8/3 2066/8/3
f 2070/8/3 2067/8/3 2069/8/3
f 2073/8/3 2072/8/3 2071/8/3
f 2074/8/3 2072/8/3 2073/8/3
f 2076/8/3 2073/8/3 2071/8/3
f 2077/8/3 2073/8/3 2076/8/3
f 2079/9/3 2076/9/3 2075/9/3
f 2080/9/3 2076/9/3 2079/9/3
f 2081/9/3 2079/9/3 2078/9/3
f 2082/9/3 2079/9/3 2081/9/3
f 2085/9/3 2084/9/3 2083/9/3
f 2086/9/3 2084/9/3 2085/9/3
f 2088/9/3 2087/9/3 2086/9/3
f 2089/9/3 2087/9/3 2088/9/3
f 2091/8/3 2090/8/3 2089/8/3
f 2093/8/3 2091/8/3 2089/8/3
f 2093/8/3 2092/8/3 2091/8/3
f 2094/8/3 2092/8/3 2093/8/3
f 2101/2/3 2098/2/3 2097/2/3
f 2102/2/3 2098/2/3 2101/2/3
f 2103/2/3 2098/2/3 2102/2/3
f 2106/8/3 2100/8/3 2099/8/3
f 2107/8/3 2100/8/3 2106/8/3
f 2111/2/3 2104/2/3 2103/2/3
f 2111/2/3 2103/2/3 2102/2/3
f 2112/2/3 2104/2/3 2111/2/3
f 2115/8/3 2108/8/3 2107/8/3
f 2116/8/3 2108/8/3 2115/8/3
f 2119/9/3 2110/9/3 2109/9/3
f 2120/9/3 2110/9/3 2119/9/3
f 2122/2/3 2104/2/3 2112/2/3
f 2123/2/3 2104/2/3 2122/2/3
f 2125/2/3 2114/2/3 2113/2/3
f 2126/2/3 2114/2/3 2125/2/3
f 2127/8/3 2106/8/3 2105/8/3
f 2128/8/3 2106/8/3 2127/8/3
f 2129/8/3 2117/8/3 2116/8/3
f 2130/8/3 2117/8/3 2129/8/3
f 2132/8/3 2096/8/3 2095/8/3
f 2133/8/3 2096/8/3 2132/8/3
f 2135/9/3 2121/9/3 2120/9/3
f 2135/9/3 2119/9/3 2118/9/3
f 2135/9/3 2120/9/3 2119/9/3
f 2136/9/3 2121/9/3 2135/9/3
f 2138/2/3 2104/2/3 2123/2/3
f 2139/2/3 2104/2/3 2138/2/3
f 2140/2/3 2104/2/3 2139/2/3
f 2141/2/3 2125/2/3 2124/2/3
f 2142/2/3 2125/2/3 2141/2/3
f 2143/8/3 2131/8/3 2130/8/3
f 2144/8/3 2131/8/3 2143/8/3
f 2146/9/3 2137/9/3 2136/9/3
f 2146/9/3 2135/9/3 2134/9/3
f 2146/9/3 2136/9/3 2135/9/3
f 2147/9/3 2137/9/3 2146/9/3
f 2149/2/3 2140/2/3 2139/2/3
f 2149/2/3 2141/2/3 2140/2/3
f 2150/2/3 2141/2/3 2149/2/3
f 2155/9/3 2148/9/3 2147/9/3
f 2155/9/3 2147/9/3 2146/9/3
f 2155/9/3 2146/9/3 2145/9/3
f 2156/9/3 2148/9/3 2155/9/3
f 2157/9/3 2148/9/3 2156/9/3
f 2158/9/3 2148/9/3 2157/9/3
f 2159/2/3 2149/2/3 2139/2/3
f 2161/9/3 2152/9/3 2151/9/3
f 2162/9/3 2152/9/3 2161/9/3
f 2163/8/3 2154/8/3 2153/8/3
f 2164/8/3 2154/8/3 2163/8/3
f 2167/9/3 2157/9/3 2156/9/3
f 2168/9/3 2157/9/3 2167/9/3
f 2169/9/3 2157/9/3 2168/9/3
f 2170/9/3 2157/9/3 2169/9/3
f 2172/2/3 2160/2/3 2159/2/3
f 2172/2/3 2159/2/3 2139/2/3
f 2173/2/3 2160/2/3 2172/2/3
f 2174/2/3 2160/2/3 2173/2/3
f 2178/9/3 2169/9/3 2168/9/3
f 2179/9/3 2169/9/3 2178/9/3
f 2180/9/3 2169/9/3 2179/9/3
f 2181/9/3 2169/9/3 2180/9/3
f 2183/2/3 2173/2/3 2172/2/3
f 2183/2/3 2172/2/3 2171/2/3
f 2184/2/3 2175/2/3 2174/2/3
f 2185/2/3 2175/2/3 2184/2/3
f 2190/8/3 2177/8/3 2176/8/3
f 2191/8/3 2177/8/3 2190/8/3
f 2192/9/3 2180/9/3 2179/9/3
f 2193/9/3 2180/9/3 2192/9/3
f 2195/2/3 2183/2/3 2182/2/3
f 2196/2/3 2186/2/3 2185/2/3
f 2197/2/3 2186/2/3 2196/2/3
f 2199/8/3 2190/8/3 2189/8/3
f 2200/8/3 2190/8/3 2199/8/3
f 2202/2/3 2195/2/3 2194/2/3
f 2203/2/3 2173/2/3 2183/2/3
f 2203/2/3 2183/2/3 2195/2/3
f 2203/2/3 2195/2/3 2202/2/3
f 2204/2/3 2173/2/3 2203/2/3
f 2205/8/3 2188/8/3 2187/8/3
f 2206/8/3 2188/8/3 2205/8/3
f 2207/8/3 2199/8/3 2198/8/3
f 2208/8/3 2199/8/3 2207/8/3
f 2209/8/3 2166/8/3 2165/8/3
f 2210/8/3 2166/8/3 2209/8/3
f 2211/2/3 2202/2/3 2201/2/3
f 2211/2/3 2203/2/3 2202/2/3
f 2212/2/3 2203/2/3 2211/2/3
f 2213/8/3 2207/8/3 2206/8/3
f 2214/8/3 2207/8/3 2213/8/3
f 2221/8/3 2216/8/3 2215/8/3
f 2222/8/3 2216/8/3 2221/8/3
f 2226/2/3 2218/2/3 2217/2/3
f 2227/2/3 2218/2/3 2226/2/3
f 2230/8/3 2220/8/3 2219/8/3
f 2231/8/3 2220/8/3 2230/8/3
f 2233/8/3 2225/8/3 2224/8/3
f 2235/2/3 2228/2/3 2227/2/3
f 2236/2/3 2228/2/3 2235/2/3
f 2239/8/3 2230/8/3 2229/8/3
f 2240/8/3 2230/8/3 2239/8/3
f 2241/8/3 2232/8/3 2231/8/3
f 2242/8/3 2232/8/3 2241/8/3
f 2245/8/3 2234/8/3 2233/8/3
f 2245/8/3 2233/8/3 2224/8/3
f 2246/8/3 2234/8/3 2245/8/3
f 2247/8/3 2234/8/3 2246/8/3
f 2248/8/3 2234/8/3 2247/8/3
f 2249/8/3 2234/8/3 2248/8/3
f 2251/8/3 2243/8/3 2242/8/3
f 2252/8/3 2243/8/3 2251/8/3
f 2255/8/3 2245/8/3 2244/8/3
f 2255/8/3 2246/8/3 2245/8/3
f 2256/8/3 2246/8/3 2255/8/3
f 2257/9/3 2247/9/3 2246/9/3
f 2257/8/3 2246/8/3 2256/8/3
f 2258/9/3 2247/9/3 2257/9/3
f 2259/9/3 2250/9/3 2249/9/3
f 2259/9/3 2249/9/3 2248/9/3
f 2260/9/3 2250/9/3 2259/9/3
f 2261/9/3 2250/9/3 2260/9/3
f 2263/2/3 2237/2/3 2236/2/3
f 2264/8/3 2239/8/3 2238/8/3
f 2265/8/3 2239/8/3 2264/8/3
f 2266/8/3 2253/8/3 2252/8/3
f 2267/8/3 2253/8/3 2266/8/3
f 2269/8/3 2223/8/3 2222/8/3
f 2270/8/3 2223/8/3 2269/8/3
f 2271/8/3 2256/8/3 2255/8/3
f 2271/8/3 2255/8/3 2254/8/3
f 2272/9/3 2257/9/3 2256/9/3
f 2272/8/3 2256/8/3 2271/8/3
f 2273/9/3 2257/9/3 2272/9/3
f 2274/9/3 2262/9/3 2261/9/3
f 2274/9/3 2261/9/3 2260/9/3
f 2275/9/3 2262/9/3 2274/9/3
f 2276/9/3 2262/9/3 2275/9/3
f 2278/2/3 2263/2/3 2236/2/3
f 2279/2/3 2263/2/3 2278/2/3
f 2281/9/3 2265/9/3 2264/9/3
f 2282/9/3 2265/9/3 2281/9/3
f 2285/8/3 2269/8/3 2268/8/3
f 2286/8/3 2269/8/3 2285/8/3
f 2287/8/3 2271/8/3 2254/8/3
f 2287/9/3 2272/9/3 2271/9/3
f 2288/9/3 2272/9/3 2287/9/3
f 2289/9/3 2277/9/3 2276/9/3
f 2289/9/3 2276/9/3 2275/9/3
f 2290/9/3 2277/9/3 2289/9/3
f 2294/9/3 2281/9/3 2280/9/3
f 2295/9/3 2281/9/3 2294/9/3
f 2296/8/3 2284/8/3 2283/8/3
f 2297/8/3 2284/8/3 2296/8/3
f 2301/8/3 2287/8/3 2254/8/3
f 2304/9/3 2277/9/3 2290/9/3
f 2305/9/3 2292/9/3 2291/9/3
f 2306/9/3 2292/9/3 2305/9/3
f 2307/9/3 2294/9/3 2293/9/3
f 2308/9/3 2294/9/3 2307/9/3
f 2311/8/3 2298/8/3 2297/8/3
f 2312/8/3 2298/8/3 2311/8/3
f 2313/8/3 2300/8/3 2299/8/3
f 2314/8/3 2300/8/3 2313/8/3
f 2316/9/3 2302/9/3 2301/9/3
f 2316/8/3 2301/8/3 2254/8/3
f 2317/9/3 2302/9/3 2316/9/3
f 2320/9/3 2304/9/3 2303/9/3
f 2321/9/3 2277/9/3 2304/9/3
f 2321/9/3 2304/9/3 2320/9/3
f 2322/9/3 2277/9/3 2321/9/3
f 2325/9/3 2309/9/3 2308/9/3
f 2326/9/3 2309/9/3 2325/9/3
f 2328/8/3 2311/8/3 2310/8/3
f 2329/8/3 2311/8/3 2328/8/3
f 2330/8/3 2316/8/3 2254/8/3
f 2330/8/3 2317/8/3 2316/8/3
f 2331/8/3 2317/8/3 2330/8/3
f 2332/9/3 2318/9/3 2317/9/3
f 2332/8/3 2317/8/3 2331/8/3
f 2333/9/3 2318/9/3 2332/9/3
f 2336/9/3 2320/9/3 2319/9/3
f 2336/9/3 2321/9/3 2320/9/3
f 2337/9/3 2321/9/3 2336/9/3
f 2338/9/3 2321/9/3 2337/9/3
f 2339/2/3 2324/2/3 2323/2/3
f 2340/9/3 2327/9/3 2326/9/3
f 2341/9/3 2327/9/3 2340/9/3
f 2344/8/3 2333/8/3 2332/8/3
f 2344/8/3 2332/8/3 2331/8/3
f 2345/8/3 2333/8/3 2344/8/3
f 2346/9/3 2334/9/3 2333/9/3
f 2346/8/3 2333/8/3 2345/8/3
f 2347/9/3 2334/9/3 2346/9/3
f 2348/9/3 2337/9/3 2336/9/3
f 2348/9/3 2336/9/3 2335/9/3
f 2349/9/3 2337/9/3 2348/9/3
f 2350/9/3 2337/9/3 2349/9/3
f 2352/8/3 2343/8/3 2342/8/3
f 2353/8/3 2343/8/3 2352/8/3
f 2354/8/3 2347/8/3 2346/8/3
f 2354/8/3 2346/8/3 2345/8/3
f 2354/8/3 2349/8/3 2348/8/3
f 2354/8/3 2348/8/3 2347/8/3
f 2355/8/3 2349/8/3 2354/8/3
f 2357/2/3 2339/2/3 2323/2/3
f 2358/2/3 2339/2/3 2357/2/3
f 2359/8/3 2341/8/3 2340/8/3
f 2360/8/3 2341/8/3 2359/8/3
f 2363/8/3 2352/8/3 2351/8/3
f 2364/8/3 2352/8/3 2363/8/3
f 2366/8/3 2315/8/3 2314/8/3
f 2367/8/3 2315/8/3 2366/8/3
f 2368/8/3 2354/8/3 2345/8/3
f 2369/8/3 2354/8/3 2368/8/3
f 2371/2/3 2357/2/3 2356/2/3
f 2372/2/3 2357/2/3 2371/2/3
f 2373/8/3 2361/8/3 2360/8/3
f 2374/8/3 2361/8/3 2373/8/3
f 2375/8/3 2363/8/3 2362/8/3
f 2376/8/3 2363/8/3 2375/8/3
f 2377/8/3 2366/8/3 2365/8/3
f 2378/8/3 2366/8/3 2377/8/3
f 2379/2/3 2371/2/3 2370/2/3
f 2380/2/3 2371/2/3 2379/2/3
f 2381/8/3 2375/8/3 2374/8/3
f 2382/8/3 2375/8/3 2381/8/3
f 2391/2/3 2384/2/3 2383/2/3
f 2392/2/3 2384/2/3 2391/2/3
f 2395/8/3 2386/8/3 2385/8/3
f 2396/8/3 2386/8/3 2395/8/3
f 2398/8/3 2388/8/3 2387/8/3
f 2399/8/3 2388/8/3 2398/8/3
f 2402/8/3 2390/8/3 2389/8/3
f 2403/8/3 2390/8/3 2402/8/3
f 2404/2/3 2393/2/3 2392/2/3
f 2405/2/3 2393/2/3 2404/2/3
f 2407/8/3 2395/8/3 2394/8/3
f 2408/8/3 2395/8/3 2407/8/3
f 2409/8/3 2397/8/3 2396/8/3
f 2410/8/3 2397/8/3 2409/8/3
f 2413/8/3 2402/8/3 2401/8/3
f 2414/2/3 2406/2/3 2405/2/3
f 2415/2/3 2406/2/3 2414/2/3
f 2418/8/3 2407/8/3 2394/8/3
f 2419/8/3 2407/8/3 2418/8/3
f 2420/8/3 2411/8/3 2410/8/3
f 2421/8/3 2411/8/3 2420/8/3
f 2423/8/3 2413/8/3 2412/8/3
f 2423/8/3 2402/8/3 2413/8/3
f 2424/8/3 2402/8/3 2423/8/3
f 2425/2/3 2416/2/3 2415/2/3
f 2427/8/3 2418/8/3 2417/8/3
f 2428/8/3 2422/8/3 2421/8/3
f 2429/8/3 2422/8/3 2428/8/3
f 2430/8/3 2422/8/3 2429/8/3
f 2431/8/3 2422/8/3 2430/8/3
f 2433/8/3 2423/8/3 2412/8/3
f 2434/8/3 2423/8/3 2433/8/3
f 2435/2/3 2425/2/3 2415/2/3
f 2436/2/3 2425/2/3 2435/2/3
f 2437/8/3 2427/8/3 2426/8/3
f 2438/8/3 2418/8/3 2427/8/3
f 2438/8/3 2427/8/3 2437/8/3
f 2439/9/3 2431/9/3 2430/9/3
f 2439/6/3 2430/6/3 2429/6/3
f 2440/8/3 2432/8/3 2431/8/3
f 2440/9/3 2431/9/3 2439/9/3
f 2442/8/3 2400/8/3 2399/8/3
f 2443/8/3 2400/8/3 2442/8/3
f 2445/8/3 2437/8/3 2436/8/3
f 2446/9/3 2438/9/3 2437/9/3
f 2446/8/3 2437/8/3 2445/8/3
f 2447/9/3 2438/9/3 2446/9/3
f 2448/9/3 2438/9/3 2447/9/3
f 2449/6/3 2439/6/3 2429/6/3
f 2449/6/3 2440/6/3 2439/6/3
f 2450/6/3 2440/6/3 2449/6/3
f 2451/8/3 2432/8/3 2440/8/3
f 2451/6/3 2440/6/3 2450/6/3
f 2452/8/3 2432/8/3 2451/8/3
f 2454/8/3 2442/8/3 2441/8/3
f 2455/8/3 2442/8/3 2454/8/3
f 2456/9/3 2447/9/3 2446/9/3
f 2456/9/3 2445/9/3 2444/9/3
f 2456/9/3 2446/9/3 2445/9/3
f 2457/9/3 2447/9/3 2456/9/3
f 2458/9/3 2447/9/3 2457/9/3
f 2459/8/3 2453/8/3 2452/8/3
f 2459/8/3 2452/8/3 2451/8/3
f 2459/8/3 2451/8/3 2450/8/3
f 2460/8/3 2453/8/3 2459/8/3
f 2463/9/3 2457/9/3 2456/9/3
f 2464/9/3 2457/9/3 2463/9/3
f 2467/8/3 2453/8/3 2460/8/3
f 2468/8/3 2462/8/3 2461/8/3
f 2469/8/3 2462/8/3 2468/8/3
f 2471/9/3 2465/9/3 2464/9/3
f 2471/9/3 2464/9/3 2463/9/3
f 2472/9/3 2465/9/3 2471/9/3
f 2473/9/3 2465/9/3 2472/9/3
f 2474/9/3 2465/9/3 2473/9/3
f 2477/8/3 2467/8/3 2466/8/3
f 2478/8/3 2453/8/3 2467/8/3
f 2478/8/3 2467/8/3 2477/8/3
f 2479/8/3 2453/8/3 2478/8/3
f 2480/8/3 2453/8/3 2479/8/3
f 2484/8/3 2473/8/3 2472/8/3
f 2485/9/3 2475/9/3 2474/9/3
f 2485/9/3 2474/9/3 2473/9/3
f 2485/8/3 2473/8/3 2484/8/3
f 2486/9/3 2475/9/3 2485/9/3
f 2487/6/3 2477/6/3 2476/6/3
f 2487/9/3 2478/9/3 2477/9/3
f 2488/8/3 2479/8/3 2478/8/3
f 2488/9/3 2478/9/3 2487/9/3
f 2489/8/3 2482/8/3 2481/8/3
f 2491/2/3 2484/2/3 2483/2/3
f 2492/8/3 2486/8/3 2485/8/3
f 2493/8/3 2486/8/3 2492/8/3
f 2495/6/3 2487/6/3 2476/6/3
f 2495/6/3 2488/6/3 2487/6/3
f 2496/8/3 2479/8/3 2488/8/3
f 2496/6/3 2488/6/3 2495/6/3
f 2497/8/3 2479/8/3 2496/8/3
f 2498/8/3 2490/8/3 2489/8/3
f 2498/8/3 2489/8/3 2481/8/3
f 2499/8/3 2490/8/3 2498/8/3
f 2501/2/3 2491/2/3 2483/2/3
f 2502/2/3 2491/2/3 2501/2/3
f 2503/8/3 2486/8/3 2493/8/3
f 2504/8/3 2486/8/3 2503/8/3
f 2507/8/3 2495/8/3 2494/8/3
f 2507/8/3 2496/8/3 2495/8/3
f 2508/8/3 2496/8/3 2507/8/3
f 2510/8/3 2470/8/3 2469/8/3
f 2511/8/3 2470/8/3 2510/8/3
f 2512/8/3 2490/8/3 2499/8/3
f 2513/8/3 2490/8/3 2512/8/3
f 2516/2/3 2501/2/3 2500/2/3
f 2517/2/3 2501/2/3 2516/2/3
f 2518/8/3 2505/8/3 2504/8/3
f 2521/8/3 2507/8/3 2506/8/3
f 2522/8/3 2507/8/3 2521/8/3
f 2523/8/3 2510/8/3 2509/8/3
f 2524/8/3 2510/8/3 2523/8/3
f 2525/8/3 2514/8/3 2513/8/3
f 2526/8/3 2514/8/3 2525/8/3
f 2528/2/3 2516/2/3 2515/2/3
f 2529/2/3 2516/2/3 2528/2/3
f 2530/8/3 2519/8/3 2518/8/3
f 2530/8/3 2518/8/3 2504/8/3
f 2531/8/3 2519/8/3 2530/8/3
f 2532/8/3 2521/8/3 2520/8/3
f 2533/8/3 2521/8/3 2532/8/3
f 2534/2/3 2528/2/3 2527/2/3
f 2535/2/3 2528/2/3 2534/2/3
f 2536/8/3 2532/8/3 2531/8/3
f 2537/8/3 2532/8/3 2536/8/3
f 2542/8/3 2539/8/3 2538/8/3
f 2543/5/3 2540/5/3 2539/5/3
f 2544/5/3 2540/5/3 2543/5/3
f 2545/8/3 2542/8/3 2541/8/3
f 2546/8/3 2539/8/3 2542/8/3
f 2546/8/3 2542/8/3 2545/8/3
f 2547/5/3 2543/5/3 2539/5/3
f 2547/8/3 2539/8/3 2546/8/3
f 2548/8/3 2544/8/3 2543/8/3
f 2548/5/3 2543/5/3 2547/5/3
f 2549/8/3 2544/8/3 2548/8/3
f 2551/1/3 2546/1/3 2545/1/3
f 2552/4/3 2547/4/3 2546/4/3
f 2552/1/3 2546/1/3 2551/1/3
f 2553/5/3 2548/5/3 2547/5/3
f 2553/4/3 2547/4/3 2552/4/3
f 2554/4/3 2549/4/3 2548/4/3
f 2554/5/3 2548/5/3 2553/5/3
f 2555/8/3 2550/8/3 2549/8/3
f 2555/4/3 2549/4/3 2554/4/3
f 2556/8/3 2550/8/3 2555/8/3
f 2560/2/3 2557/2/3 2556/2/3
f 2561/2/3 2557/2/3 2560/2/3
f 2568/8/3 2559/8/3 2558/8/3
f 2569/8/3 2559/8/3 2568/8/3
f 2570/2/3 2562/2/3 2561/2/3
f 2571/2/3 2562/2/3 2570/2/3
f 2573/8/3 2564/8/3 2563/8/3
f 2574/8/3 2564/8/3 2573/8/3
f 2575/8/3 2566/8/3 2565/8/3
f 2576/8/3 2566/8/3 2575/8/3
f 2579/8/3 2568/8/3 2567/8/3
f 2580/8/3 2568/8/3 2579/8/3
f 2581/2/3 2572/2/3 2571/2/3
f 2582/2/3 2572/2/3 2581/2/3
f 2586/8/3 2577/8/3 2576/8/3
f 2587/8/3 2577/8/3 2586/8/3
f 2588/8/3 2577/8/3 2587/8/3
f 2590/8/3 2579/8/3 2578/8/3
f 2591/8/3 2579/8/3 2590/8/3
f 2592/2/3 2583/2/3 2582/2/3
f 2593/2/3 2583/2/3 2592/2/3
f 2595/8/3 2585/8/3 2584/8/3
f 2596/8/3 2585/8/3 2595/8/3
f 2597/8/3 2589/8/3 2588/8/3
f 2597/8/3 2588/8/3 2587/8/3
f 2598/8/3 2589/8/3 2597/8/3
f 2601/2/3 2594/2/3 2593/2/3
f 2602/8/3 2595/8/3 2594/8/3
f 2602/2/3 2594/2/3 2601/2/3
f 2603/8/3 2595/8/3 2602/8/3
f 2604/8/3 2600/8/3 2599/8/3
f 2605/8/3 2600/8/3 2604/8/3
f 2607/8/3 2606/8/3 2605/8/3
f 2608/8/3 2606/8/3 2607/8/3
f 2615/8/3 2610/8/3 2609/8/3
f 2616/8/3 2610/8/3 2615/8/3
f 2620/2/3 2612/2/3 2611/2/3
f 2621/8/3 2613/8/3 2612/8/3
f 2621/2/3 2612/2/3 2620/2/3
f 2622/8/3 2613/8/3 2621/8/3
f 2626/8/3 2615/8/3 2614/8/3
f 2627/8/3 2615/8/3 2626/8/3
f 2628/8/3 2618/8/3 2617/8/3
f 2629/8/3 2618/8/3 2628/8/3
f 2632/2/3 2620/2/3 2619/2/3
f 2633/2/3 2620/2/3 2632/2/3
f 2634/8/3 2623/8/3 2622/8/3
f 2635/8/3 2623/8/3 2634/8/3
f 2637/8/3 2625/8/3 2624/8/3
f 2638/8/3 2625/8/3 2637/8/3
f 2639/8/3 2625/8/3 2638/8/3
f 2640/8/3 2630/8/3 2629/8/3
f 2641/8/3 2630/8/3 2640/8/3
f 2644/2/3 2632/2/3 2631/2/3
f 2645/2/3 2632/2/3 2644/2/3
f 2649/8/3 2638/8/3 2637/8/3
f 2649/8/3 2637/8/3 2636/8/3
f 2650/8/3 2638/8/3 2649/8/3
f 2651/8/3 2642/8/3 2641/8/3
f 2652/8/3 2642/8/3 2651/8/3
f 2654/2/3 2644/2/3 2643/2/3
f 2655/2/3 2644/2/3 2654/2/3
f 2656/8/3 2647/8/3 2646/8/3
f 2657/8/3 2647/8/3 2656/8/3
f 2658/8/3 2649/8/3 2648/8/3
f 2659/8/3 2649/8/3 2658/8/3
f 2665/2/3 2654/2/3 2653/2/3
f 2666/2/3 2654/2/3 2665/2/3
f 2667/1/3 2661/1/3 2660/1/3
f 2668/4/3 2662/4/3 2661/4/3
f 2668/1/3 2661/1/3 2667/1/3
f 2669/5/3 2663/5/3 2662/5/3
f 2669/4/3 2662/4/3 2668/4/3
f 2670/4/3 2664/4/3 2663/4/3
f 2670/5/3 2663/5/3 2669/5/3
f 2671/8/3 2665/8/3 2664/8/3
f 2671/4/3 2664/4/3 2670/4/3
f 2672/8/3 2665/8/3 2671/8/3
f 2673/8/3 2669/8/3 2668/8/3
f 2673/8/3 2668/8/3 2667/8/3
f 2674/8/3 2669/8/3 2673/8/3
f 2675/8/3 2671/8/3 2670/8/3
f 2675/5/3 2670/5/3 2669/5/3
f 2676/8/3 2671/8/3 2675/8/3
f 2677/8/3 2669/8/3 2674/8/3
f 2678/5/3 2676/5/3 2675/5/3
f 2678/8/3 2669/8/3 2677/8/3
f 2678/5/3 2675/5/3 2669/5/3
f 2679/5/3 2676/5/3 2678/5/3
f 2683/8/3 2681/8/3 2680/8/3
f 2684/8/3 2681/8/3 2683/8/3
f 2687/8/3 2683/8/3 2682/8/3
f 2688/8/3 2683/8/3 2687/8/3
f 2689/8/3 2686/8/3 2685/8/3
f 2690/8/3 2686/8/3 2689/8/3
f 2691/1/3 2688/1/3 2687/1/3
f 2692/1/3 2688/1/3 2691/1/3
f 2695/2/3 2694/2/3 2693/2/3
f 2696/2/3 2694/2/3 2695/2/3
f 2698/2/3 2697/2/3 2696/2/3
f 2699/2/3 2697/2/3 2698/2/3
f 2703/2/3 2700/2/3 2699/2/3
f 2704/2/3 2700/2/3 2703/2/3
f 2706/8/3 2702/8/3 2701/8/3
f 2707/8/3 2702/8/3 2706/8/3
f 2708/2/3 2705/2/3 2704/2/3
f 2709/8/3 2706/8/3 2705/8/3
f 2709/2/3 2705/2/3 2708/2/3
f 2710/8/3 2706/8/3 2709/8/3
f 2715/2/3 2712/2/3 2711/2/3
f 2716/8/3 2713/8/3 2712/8/3
f 2716/2/3 2712/2/3 2715/2/3
f 2717/8/3 2713/8/3 2716/8/3
f 2720/2/3 2715/2/3 2714/2/3
f 2721/2/3 2715/2/3 2720/2/3
f 2722/8/3 2718/8/3 2717/8/3
f 2723/8/3 2718/8/3 2722/8/3
f 2725/2/3 2720/2/3 2719/2/3
f 2726/2/3 2720/2/3 2725/2/3
f 2729/2/3 2725/2/3 2724/2/3
f 2730/2/3 2725/2/3 2729/2/3
f 2731/1/3 2728/1/3 2727/1/3
f 2732/1/3 2728/1/3 2731/1/3
f 2735/8/3 2732/8/3 2731/8/3
f 2736/8/3 2732/8/3 2735/8/3
f 2738/8/3 2734/8/3 2733/8/3
f 2739/8/3 2734/8/3 2738/8/3
f 2740/8/3 2737/8/3 2736/8/3
f 2741/8/3 2737/8/3 2740/8/3
f 2746/8/3 2743/8/3 2742/8/3
f 2747/9/3 2744/9/3 2743/9/3
f 2747/8/3 2743/8/3 2746/8/3
f 2748/9/3 2744/9/3 2747/9/3
f 2749/9/3 2744/9/3 2748/9/3
f 2750/9/3 2744/9/3 2749/9/3
f 2752/8/3 2746/8/3 2745/8/3
f 2753/8/3 2746/8/3 2752/8/3
f 2754/8/3 2746/8/3 2753/8/3
f 2756/9/3 2749/9/3 2748/9/3
f 2757/9/3 2749/9/3 2756/9/3
f 2758/8/3 2752/8/3 2751/8/3
f 2758/8/3 2753/8/3 2752/8/3
f 2759/8/3 2753/8/3 2758/8/3
f 2760/8/3 2753/8/3 2759/8/3
f 2762/9/3 2756/9/3 2755/9/3
f 2763/9/3 2756/9/3 2762/9/3
f 2765/8/3 2762/8/3 2761/8/3
f 2766/8/3 2762/8/3 2765/8/3
f 2768/8/3 2765/8/3 2764/8/3
f 2769/8/3 2765/8/3 2768/8/3
f 2771/8/3 2768/8/3 2767/8/3
f 2772/8/3 2768/8/3 2771/8/3
f 2773/8/3 2771/8/3 2770/8/3
f 2774/8/3 2771/8/3 2773/8/3
f 2777/8/3 2776/8/3 2775/8/3
f 2778/8/3 2776/8/3 2777/8/3
f 2780/8/3 2779/8/3 2778/8/3
f 2781/8/3 2779/8/3 2780/8/3
f 2783/8/3 2782/8/3 2781/8/3
f 2784/8/3 2782/8/3 2783/8/3
f 2789/8/3 2785/8/3 2784/8/3
f 2790/8/3 2785/8/3 2789/8/3
f 2792/8/3 2788/8/3 2787/8/3
f 2792/8/3 2787/8/3 2786/8/3
f 2793/8/3 2788/8/3 2792/8/3
f 2794/8/3 2788/8/3 2793/8/3
f 2796/9/3 2791/9/3 2790/9/3
f 2797/9/3 2791/9/3 2796/9/3
f 2799/8/3 2795/8/3 2794/8/3
f 2799/8/3 2794/8/3 2793/8/3
f 2800/8/3 2795/8/3 2799/8/3
f 2802/9/3 2798/9/3 2797/9/3
f 2803/9/3 2798/9/3 2802/9/3
f 2805/8/3 2801/8/3 2800/8/3
f 2806/9/3 2803/9/3 2802/9/3
f 2806/8/3 2801/8/3 2805/8/3
f 2806/9/3 2804/9/3 2803/9/3
f 2806/9/3 2802/9/3 2801/9/3
f 2807/9/3 2804/9/3 2806/9/3
f 2810/2/3 2809/2/3 2808/2/3
f 2811/2/3 2809/2/3 2810/2/3
f 2817/8/3 2813/8/3 2812/8/3
f 2817/8/3 2814/8/3 2813/8/3
f 2818/8/3 2814/8/3 2817/8/3
f 2819/9/3 2815/9/3 2814/9/3
f 2819/8/3 2814/8/3 2818/8/3
f 2820/9/3 2815/9/3 2819/9/3
f 2822/7/3 2818/7/3 2817/7/3
f 2822/7/3 2817/7/3 2816/7/3
f 2823/7/3 2818/7/3 2822/7/3
f 2824/8/3 2819/8/3 2818/8/3
f 2824/7/3 2818/7/3 2823/7/3
f 2825/8/3 2819/8/3 2824/8/3
f 2826/7/3 2823/7/3 2822/7/3
f 2826/7/3 2822/7/3 2821/7/3
f 2827/7/3 2823/7/3 2826/7/3
f 2828/7/3 2823/7/3 2827/7/3
f 2829/8/3 2824/8/3 2823/8/3
f 2829/7/3 2823/7/3 2828/7/3
f 2830/8/3 2824/8/3 2829/8/3
f 2831/7/3 2828/7/3 2827/7/3
f 2832/8/3 2829/8/3 2828/8/3
f 2832/7/3 2828/7/3 2831/7/3
f 2833/8/3 2829/8/3 2832/8/3
f 2834/8/3 2832/8/3 2831/8/3
f 2835/8/3 2832/8/3 2834/8/3
f 2838/8/3 2837/8/3 2836/8/3
f 2839/8/3 2837/8/3 2838/8/3
f 2842/7/3 2839/7/3 2838/7/3
f 2843/8/3 2840/8/3 2839/8/3
f 2843/7/3 2839/7/3 2842/7/3
f 2844/8/3 2840/8/3 2843/8/3
f 2846/7/3 2844/7/3 2843/7/3
f 2846/7/3 2842/7/3 2841/7/3
f 2846/7/3 2843/7/3 2842/7/3
f 2847/7/3 2844/7/3 2846/7/3
f 2848/8/3 2845/8/3 2844/8/3
f 2848/7/3 2844/7/3 2847/7/3
f 2849/8/3 2845/8/3 2848/8/3
f 2851/7/3 2849/7/3 2848/7/3
f 2851/7/3 2848/7/3 2847/7/3
f 2852/7/3 2849/7/3 2851/7/3
f 2853/8/3 2850/8/3 2849/8/3
f 2853/7/3 2849/7/3 2852/7/3
f 2854/8/3 2850/8/3 2853/8/3
f 2856/8/3 2854/8/3 2853/8/3
f 2856/8/3 2853/8/3 2852/8/3
f 2857/8/3 2854/8/3 2856/8/3
f 2858/9/3 2855/9/3 2854/9/3
f 2858/8/3 2854/8/3 2857/8/3
f 2859/9/3 2855/9/3 2858/9/3
f 2862/2/3 2861/2/3 2860/2/3
f 2863/2/3 2861/2/3 2862/2/3
f 2867/9/3 2865/9/3 2864/9/3
f 2868/9/3 2865/9/3 2867/9/3
f 2870/9/3 2867/9/3 2866/9/3
f 2871/9/3 2867/9/3 2870/9/3
f 2875/9/3 2870/9/3 2869/9/3
f 2876/9/3 2870/9/3 2875/9/3
f 2878/9/3 2873/9/3 2872/9/3
f 2879/9/3 2873/9/3 2878/9/3
f 2882/3/3 2875/3/3 2874/3/3
f 2883/6/3 2876/6/3 2875/6/3
f 2883/3/3 2875/3/3 2882/3/3
f 2884/6/3 2876/6/3 2883/6/3
f 2886/9/3 2878/9/3 2877/9/3
f 2887/9/3 2878/9/3 2886/9/3
f 2889/8/3 2881/8/3 2880/8/3
f 2890/8/3 2881/8/3 2889/8/3
f 2891/6/3 2885/6/3 2884/6/3
f 2891/3/3 2883/3/3 2882/3/3
f 2891/3/3 2884/3/3 2883/3/3
f 2892/9/3 2886/9/3 2885/9/3
f 2892/6/3 2885/6/3 2891/6/3
f 2893/9/3 2886/9/3 2892/9/3
f 2895/8/3 2889/8/3 2888/8/3
f 2896/8/3 2889/8/3 2895/8/3
f 2897/3/3 2892/3/3 2891/3/3
f 2897/3/3 2891/3/3 2882/3/3
f 2898/3/3 2892/3/3 2897/3/3
f 2901/8/3 2900/8/3 2899/8/3
f 2902/8/3 2900/8/3 2901/8/3
f 2903/8/3 2895/8/3 2894/8/3
f 2904/8/3 2895/8/3 2903/8/3
f 2906/8/3 2905/8/3 2904/8/3
f 2907/8/3 2905/8/3 2906/8/3
f 2909/8/3 2908/8/3 2907/8/3
f 2910/8/3 2908/8/3 2909/8/3
f 2913/3/3 2912/3/3 2911/3/3
f 2914/3/3 2912/3/3 2913/3/3
f 2918/9/3 2916/9/3 2915/9/3
f 2919/9/3 2916/9/3 2918/9/3
f 2923/9/3 2918/9/3 2917/9/3
f 2924/9/3 2918/9/3 2923/9/3
f 2925/8/3 2921/8/3 2920/8/3
f 2926/8/3 2921/8/3 2925/8/3
f 2927/9/3 2923/9/3 2922/9/3
f 2928/9/3 2923/9/3 2927/9/3
f 2931/8/3 2930/8/3 2929/8/3
f 2932/8/3 2930/8/3 2931/8/3
f 2939/8/3 2934/8/3 2933/8/3
f 2940/8/3 2934/8/3 2939/8/3
f 2941/8/3 2936/8/3 2935/8/3
f 2942/8/3 2936/8/3 2941/8/3
f 2945/8/3 2938/8/3 2937/8/3
f 2946/8/3 2938/8/3 2945/8/3
f 2947/8/3 2943/8/3 2942/8/3
f 2948/8/3 2943/8/3 2947/8/3
f 2950/8/3 2945/8/3 2944/8/3
f 2951/8/3 2945/8/3 2950/8/3
f 2952/8/3 2949/8/3 2948/8/3
f 2953/8/3 2949/8/3 2952/8/3
f 2958/8/3 2954/8/3 2953/8/3
f 2959/8/3 2954/8/3 2958/8/3
f 2960/8/3 2956/8/3 2955/8/3
f 2961/8/3 2956/8/3 2960/8/3
f 2964/8/3 2958/8/3 2957/8/3
f 2965/8/3 2958/8/3 2964/8/3
f 2966/8/3 2962/8/3 2961/8/3
f 2967/8/3 2962/8/3 2966/8/3
f 2971/8/3 2964/8/3 2963/8/3
f 2972/8/3 2964/8/3 2971/8/3
f 2973/8/3 2969/8/3 2968/8/3
f 2974/8/3 2969/8/3 2973/8/3
f 2975/8/3 2971/8/3 2970/8/3
f 2976/8/3 2971/8/3 2975/8/3
f 2981/8/3 2978/8/3 2977/8/3
f 2982/8/3 2978/8/3 2981/8/3
f 2983/8/3 2980/8/3 2979/8/3
f 2984/8/3 2980/8/3 2983/8/3
f 2986/8/3 2985/8/3 2984/8/3
f 2987/8/3 2985/8/3 2986/8/3
f 2989/8/3 2988/8/3 2987/8/3
f 2990/8/3 2988/8/3 2989/8/3
f 2993/8/3 2991/8/3 2990/8/3
f 2994/8/3 2991/8/3 2993/8/3
f 2996/8/3 2993/8/3 2992/8/3
f 2997/8/3 2993/8/3 2996/8/3
f 3001/8/3 2996/8/3 2995/8/3
f 3002/8/3 2996/8/3 3001/8/3
f 3003/8/3 2999/8/3 2998/8/3
f 3004/8/3 2999/8/3 3003/8/3
f 3005/8/3 3001/8/3 3000/8/3
f 3006/8/3 3001/8/3 3005/8/3
f 3012/8/3 3008/8/3 3007/8/3
f 3013/8/3 3008/8/3 3012/8/3
f 3014/8/3 3010/8/3 3009/8/3
f 3015/8/3 3010/8/3 3014/8/3
f 3017/8/3 3012/8/3 3011/8/3
f 3018/8/3 3012/8/3 3017/8/3
f 3019/8/3 3016/8/3 3015/8/3
f 3020/8/3 3016/8/3 3019/8/3
f 3022/8/3 3021/8/3 3020/8/3
f 3023/8/3 3021/8/3 3022/8/3
f 3025/8/3 3024/8/3 3023/8/3
f 3026/8/3 3024/8/3 3025/8/3
f 3027/9/3 3026/9/3 3025/9/3
f 3028/9/3 3026/9/3 3027/9/3
f 3030/8/3 3028/8/3 3027/8/3
f 3031/8/3 3028/8/3 3030/8/3
f 3035/8/3 3030/8/3 3029/8/3
f 3036/8/3 3030/8/3 3035/8/3
f 3037/8/3 3033/8/3 3032/8/3
f 3038/8/3 3033/8/3 3037/8/3
f 3041/8/3 3035/8/3 3034/8/3
f 3042/8/3 3035/8/3 3041/8/3
f 3043/8/3 3039/8/3 3038/8/3
f 3044/8/3 3039/8/3 3043/8/3
f 3045/8/3 3041/8/3 3040/8/3
f 3046/8/3 3041/8/3 3045/8/3
f 3049/8/3 3048/8/3 3047/8/3
f 3050/8/3 3048/8/3 3049/8/3
f 3052/9/3 3051/9/3 3050/9/3
f 3053/9/3 3051/9/3 3052/9/3
f 3055/9/3 3051/9/3 3053/9/3
f 3056/9/3 3051/9/3 3055/9/3
f 3057/8/3 3055/8/3 3054/8/3
f 3058/8/3 3055/8/3 3057/8/3
f 3061/9/3 3060/9/3 3059/9/3
f 3062/9/3 3060/9/3 3061/9/3
f 3065/9/3 3064/9/3 3063/9/3
f 3066/9/3 3064/9/3 3065/9/3
f 3069/9/3 3067/9/3 3066/9/3
f 3070/9/3 3067/9/3 3069/9/3
f 3071/9/3 3069/9/3 3068/9/3
f 3072/9/3 3069/9/3 3071/9/3
f 3076/9/3 3074/9/3 3073/9/3
f 3077/9/3 3074/9/3 3076/9/3
f 3078/9/3 3076/9/3 3075/9/3
f 3079/9/3 3076/9/3 3078/9/3
f 3081/9/3 3080/9/3 3079/9/3
f 3082/9/3 3080/9/3 3081/9/3
f 3085/9/3 3084/9/3 3083/9/3
f 3086/9/3 3084/9/3 3085/9/3
f 3087/2/4 3088/2/4 3089/2/4
f 3089/2/4 3088/2/4 3090/2/4
f 3091/2/4 3092/2/4 3093/2/4
f 3093/2/4 3092/2/4 3094/2/4
f 3095/8/4 3096/8/4 3098/8/4
f 3098/8/4 3096/8/4 3099/8/4
f 3097/8/4 3098/8/4 3102/8/4
f 3102/8/4 3098/8/4 3103/8/4
f 3100/8/4 3101/8/4 3104/8/4
f 3104/8/4 3101/8/4 3105/8/4
f 3102/1/4 3103/1/4 3106/1/4
f 3106/1/4 3103/1/4 3107/1/4
f 3108/2/4 3109/2/4 3110/2/4
f 3110/2/4 3109/2/4 3111/2/4
f 3111/2/4 3112/2/4 3120/2/4
f 3120/2/4 3112/2/4 3121/2/4
f 3113/8/4 3114/8/4 3124/8/4
f 3124/8/4 3114/8/4 3125/8/4
f 3115/8/4 3116/8/4 3126/8/4
f 3126/8/4 3116/8/4 3127/8/4
f 3117/8/4 3118/8/4 3131/8/4
f 3118/9/4 3119/9/4 3132/9/4
f 3131/8/4 3118/8/4 3132/8/4
f 3132/9/4 3119/9/4 3133/9/4
f 3133/9/4 3119/9/4 3134/9/4
f 3134/9/4 3119/9/4 3135/9/4
f 3135/9/4 3119/9/4 3136/9/4
f 3121/2/4 3122/2/4 3137/2/4
f 3137/2/4 3122/2/4 3138/2/4
f 3123/8/4 3124/8/4 3140/8/4
f 3140/8/4 3124/8/4 3141/8/4
f 3127/8/4 3128/8/4 3142/8/4
f 3142/8/4 3128/8/4 3143/8/4
f 3129/8/4 3130/8/4 3144/8/4
f 3144/8/4 3130/8/4 3145/8/4
f 3134/9/4 3135/9/4 3147/9/4
f 3147/9/4 3135/9/4 3148/9/4
f 3138/2/4 3139/2/4 3149/2/4
f 3139/8/4 3140/8/4 3150/8/4
f 3149/2/4 3139/2/4 3150/2/4
f 3146/9/4 3147/9/4 3152/9/4
f 3152/9/4 3147/9/4 3153/9/4
f 3150/8/4 3140/8/4 3154/8/4
f 3154/8/4 3140/8/4 3155/8/4
f 3151/8/4 3152/8/4 3157/8/4
f 3157/8/4 3152/8/4 3158/8/4
f 3156/8/4 3157/8/4 3160/8/4
f 3160/8/4 3157/8/4 3161/8/4
f 3159/8/4 3160/8/4 3163/8/4
f 3163/8/4 3160/8/4 3164/8/4
f 3162/8/4 3163/8/4 3165/8/4
f 3165/8/4 3163/8/4 3166/8/4
f 3167/8/4 3168/8/4 3169/8/4
f 3169/8/4 3168/8/4 3170/8/4
f 3170/8/4 3171/8/4 3172/8/4
f 3172/8/4 3171/8/4 3173/8/4
f 3173/8/4 3174/8/4 3177/8/4
f 3177/8/4 3174/8/4 3178/8/4
f 3175/8/4 3176/8/4 3181/8/4
f 3178/8/4 3179/8/4 3182/8/4
f 3182/8/4 3179/8/4 3183/8/4
f 3180/2/4 3181/2/4 3186/2/4
f 3181/8/4 3176/8/4 3187/8/4
f 3186/2/4 3181/2/4 3187/2/4
f 3187/8/4 3176/8/4 3188/8/4
f 3183/9/4 3184/9/4 3194/9/4
f 3194/9/4 3184/9/4 3195/9/4
f 3185/2/4 3186/2/4 3198/2/4
f 3198/2/4 3186/2/4 3199/2/4
f 3188/8/4 3189/8/4 3200/8/4
f 3200/8/4 3189/8/4 3201/8/4
f 3190/8/4 3191/8/4 3204/8/4
f 3204/8/4 3191/8/4 3205/8/4
f 3192/8/4 3193/8/4 3206/8/4
f 3206/8/4 3193/8/4 3207/8/4
f 3195/9/4 3196/9/4 3211/9/4
f 3211/9/4 3196/9/4 3212/9/4
f 3197/2/4 3198/2/4 3215/2/4
f 3215/2/4 3198/2/4 3216/2/4
f 3201/8/4 3202/8/4 3217/8/4
f 3217/8/4 3202/8/4 3218/8/4
f 3203/8/4 3204/8/4 3219/8/4
f 3219/8/4 3204/8/4 3220/8/4
f 3208/8/4 3209/8/4 3221/8/4
f 3211/9/4 3212/9/4 3222/9/4
f 3221/8/4 3209/8/4 3222/8/4
f 3209/9/4 3210/9/4 3222/9/4
f 3212/9/4 3213/9/4 3222/9/4
f 3210/9/4 3211/9/4 3222/9/4
f 3222/9/4 3213/9/4 3223/9/4
f 3214/2/4 3215/2/4 3226/2/4
f 3226/2/4 3215/2/4 3227/2/4
f 3224/1/4 3225/1/4 3228/1/4
f 3228/1/4 3225/1/4 3229/1/4
f 3228/8/4 3229/8/4 3232/8/4
f 3232/8/4 3229/8/4 3233/8/4
f 3230/8/4 3231/8/4 3235/8/4
f 3235/8/4 3231/8/4 3236/8/4
f 3233/8/4 3234/8/4 3237/8/4
f 3237/8/4 3234/8/4 3238/8/4
f 3239/8/4 3240/8/4 3243/8/4
f 3240/5/4 3241/5/4 3244/5/4
f 3244/5/4 3241/5/4 3245/5/4
f 3242/8/4 3243/8/4 3246/8/4
f 3243/8/4 3240/8/4 3247/8/4
f 3246/8/4 3243/8/4 3247/8/4
f 3240/5/4 3244/5/4 3248/5/4
f 3247/8/4 3240/8/4 3248/8/4
f 3244/8/4 3245/8/4 3249/8/4
f 3248/5/4 3244/5/4 3249/5/4
f 3249/8/4 3245/8/4 3250/8/4
f 3246/1/4 3247/1/4 3252/1/4
f 3247/4/4 3248/4/4 3253/4/4
f 3252/1/4 3247/1/4 3253/1/4
f 3248/5/4 3249/5/4 3254/5/4
f 3253/4/4 3248/4/4 3254/4/4
f 3249/4/4 3250/4/4 3255/4/4
f 3254/5/4 3249/5/4 3255/5/4
f 3250/8/4 3251/8/4 3256/8/4
f 3255/4/4 3250/4/4 3256/4/4
f 3256/8/4 3251/8/4 3257/8/4
f 3257/2/4 3258/2/4 3261/2/4
f 3261/2/4 3258/2/4 3262/2/4
f 3259/8/4 3260/8/4 3269/8/4
f 3269/8/4 3260/8/4 3270/8/4
f 3262/2/4 3263/2/4 3271/2/4
f 3271/2/4 3263/2/4 3272/2/4
f 3264/8/4 3265/8/4 3274/8/4
f 3274/8/4 3265/8/4 3275/8/4
f 3266/8/4 3267/8/4 3279/8/4
f 3268/8/4 3269/8/4 3282/8/4
f 3282/8/4 3269/8/4 3283/8/4
f 3272/2/4 3273/2/4 3284/2/4
f 3284/2/4 3273/2/4 3285/2/4
f 3276/8/4 3277/8/4 3288/8/4
f 3288/8/4 3277/8/4 3289/8/4
f 3277/9/4 3278/9/4 3290/9/4
f 3289/8/4 3277/8/4 3290/8/4
f 3290/9/4 3278/9/4 3291/9/4
f 3281/8/4 3282/8/4 3292/8/4
f 3292/8/4 3282/8/4 3293/8/4
f 3285/2/4 3286/2/4 3294/2/4
f 3294/2/4 3286/2/4 3295/2/4
f 3287/8/4 3288/8/4 3297/8/4
f 3297/8/4 3288/8/4 3298/8/4
f 3289/8/4 3290/8/4 3300/8/4
f 3300/8/4 3290/8/4 3301/8/4
f 3295/2/4 3296/2/4 3302/2/4
f 3302/2/4 3296/2/4 3303/2/4
f 3299/8/4 3300/8/4 3305/8/4
f 3305/8/4 3300/8/4 3306/8/4
f 3304/8/4 3305/8/4 3308/8/4
f 3308/8/4 3305/8/4 3309/8/4
f 3279/8/4 3280/8/4 3310/8/4
f 3266/8/4 3279/8/4 3310/8/4
f 3310/8/4 3280/8/4 3311/8/4
f 3307/8/4 3308/8/4 3312/8/4
f 3312/8/4 3308/8/4 3313/8/4
f 3266/8/4 3310/8/4 3314/8/4
f 3314/8/4 3310/8/4 3315/8/4
f 3316/8/4 3317/8/4 3318/8/4
f 3320/8/4 3321/8/4 3322/8/4
f 3322/8/4 3321/8/4 3323/8/4
f 3323/8/4 3324/8/4 3327/8/4
f 3327/8/4 3324/8/4 3328/8/4
f 3325/2/4 3326/2/4 3333/2/4
f 3333/2/4 3326/2/4 3334/2/4
f 3328/8/4 3329/8/4 3337/8/4
f 3337/8/4 3329/8/4 3338/8/4
f 3316/8/4 3318/8/4 3340/8/4
f 3318/8/4 3319/8/4 3340/8/4
f 3340/8/4 3319/8/4 3341/8/4
f 3330/8/4 3331/8/4 3342/8/4
f 3342/8/4 3331/8/4 3343/8/4
f 3332/2/4 3333/2/4 3346/2/4
f 3346/2/4 3333/2/4 3347/2/4
f 3335/8/4 3336/8/4 3348/8/4
f 3348/8/4 3336/8/4 3349/8/4
f 3338/8/4 3339/8/4 3350/8/4
f 3350/8/4 3339/8/4 3351/8/4
f 3316/8/4 3340/8/4 3353/8/4
f 3353/8/4 3340/8/4 3354/8/4
f 3343/8/4 3344/8/4 3355/8/4
f 3355/8/4 3344/8/4 3356/8/4
f 3345/2/4 3346/2/4 3359/2/4
f 3359/2/4 3346/2/4 3360/2/4
f 3350/8/4 3351/8/4 3363/8/4
f 3349/8/4 3350/8/4 3363/8/4
f 3351/9/4 3352/9/4 3364/9/4
f 3363/8/4 3351/8/4 3364/8/4
f 3364/9/4 3352/9/4 3365/9/4
f 3356/8/4 3357/8/4 3366/8/4
f 3366/8/4 3357/8/4 3367/8/4
f 3358/2/4 3359/2/4 3369/2/4
f 3369/2/4 3359/2/4 3370/2/4
f 3361/8/4 3362/8/4 3371/8/4
f 3371/8/4 3362/8/4 3372/8/4
f 3368/2/4 3369/2/4 3378/2/4
f 3378/2/4 3369/2/4 3379/2/4
f 3373/1/4 3374/1/4 3380/1/4
f 3374/4/4 3375/4/4 3381/4/4
f 3380/1/4 3374/1/4 3381/1/4
f 3375/5/4 3376/5/4 3382/5/4
f 3381/4/4 3375/4/4 3382/4/4
f 3376/4/4 3377/4/4 3383/4/4
f 3382/5/4 3376/5/4 3383/5/4
f 3377/8/4 3378/8/4 3384/8/4
f 3383/4/4 3377/4/4 3384/4/4
f 3384/8/4 3378/8/4 3385/8/4
f 3381/8/4 3382/8/4 3386/8/4
f 3380/8/4 3381/8/4 3386/8/4
f 3386/8/4 3382/8/4 3387/8/4
f 3383/8/4 3384/8/4 3388/8/4
f 3382/5/4 3383/5/4 3388/5/4
f 3388/8/4 3384/8/4 3389/8/4
f 3387/8/4 3382/8/4 3390/8/4
f 3388/5/4 3389/5/4 3391/5/4
f 3390/8/4 3382/8/4 3391/8/4
f 3382/5/4 3388/5/4 3391/5/4
f 3391/5/4 3389/5/4 3392/5/4
f 3393/2/4 3394/2/4 3397/2/4
f 3397/2/4 3394/2/4 3398/2/4
f 3395/8/4 3396/8/4 3403/8/4
f 3403/8/4 3396/8/4 3404/8/4
f 3398/2/4 3399/2/4 3405/2/4
f 3405/2/4 3399/2/4 3406/2/4
f 3400/8/4 3401/8/4 3409/8/4
f 3409/8/4 3401/8/4 3410/8/4
f 3410/8/4 3401/8/4 3411/8/4
f 3402/8/4 3403/8/4 3416/8/4
f 3406/2/4 3407/2/4 3417/2/4
f 3417/2/4 3407/2/4 3418/2/4
f 3409/8/4 3410/8/4 3420/8/4
f 3408/8/4 3409/8/4 3420/8/4
f 3420/8/4 3410/8/4 3421/8/4
f 3411/8/4 3412/8/4 3422/8/4
f 3422/8/4 3412/8/4 3423/8/4
f 3413/8/4 3414/8/4 3424/8/4
f 3424/8/4 3414/8/4 3425/8/4
f 3425/8/4 3414/8/4 3426/8/4
f 3415/8/4 3416/8/4 3427/8/4
f 3416/8/4 3403/8/4 3427/8/4
f 3427/8/4 3403/8/4 3428/8/4
f 3418/2/4 3419/2/4 3429/2/4
f 3408/8/4 3420/8/4 3431/8/4
f 3431/8/4 3420/8/4 3432/8/4
f 3424/8/4 3425/8/4 3433/8/4
f 3423/8/4 3424/8/4 3433/8/4
f 3433/8/4 3425/8/4 3434/8/4
f 3434/8/4 3425/8/4 3435/8/4
f 3435/8/4 3425/8/4 3436/8/4
f 3415/8/4 3427/8/4 3437/8/4
f 3437/8/4 3427/8/4 3438/8/4
f 3429/2/4 3430/2/4 3439/2/4
f 3418/2/4 3429/2/4 3439/2/4
f 3430/8/4 3431/8/4 3440/8/4
f 3439/2/4 3430/2/4 3440/2/4
f 3440/8/4 3431/8/4 3441/8/4
f 3434/8/4 3435/8/4 3442/8/4
f 3442/8/4 3435/8/4 3443/8/4
f 3443/8/4 3435/8/4 3444/8/4
f 3444/8/4 3435/8/4 3445/8/4
f 3443/8/4 3444/8/4 3446/8/4
f 3446/8/4 3444/8/4 3447/8/4
f 3447/8/4 3444/8/4 3449/8/4
f 3448/8/4 3449/8/4 3456/8/4
f 3449/8/4 3444/8/4 3457/8/4
f 3456/8/4 3449/8/4 3457/8/4
f 3450/8/4 3451/8/4 3459/8/4
f 3452/2/4 3453/2/4 3461/2/4
f 3453/8/4 3454/8/4 3462/8/4
f 3461/2/4 3453/2/4 3462/2/4
f 3462/8/4 3454/8/4 3463/8/4
f 3455/8/4 3456/8/4 3466/8/4
f 3457/8/4 3458/8/4 3466/8/4
f 3456/8/4 3457/8/4 3466/8/4
f 3466/8/4 3458/8/4 3467/8/4
f 3459/8/4 3460/8/4 3469/8/4
f 3450/8/4 3459/8/4 3469/8/4
f 3469/8/4 3460/8/4 3470/8/4
f 3452/2/4 3461/2/4 3472/2/4
f 3472/2/4 3461/2/4 3473/2/4
f 3463/8/4 3464/8/4 3474/8/4
f 3466/8/4 3467/8/4 3477/8/4
f 3467/8/4 3468/8/4 3477/8/4
f 3465/8/4 3466/8/4 3477/8/4
f 3477/8/4 3468/8/4 3478/8/4
f 3478/8/4 3468/8/4 3479/8/4
f 3470/8/4 3460/8/4 3481/8/4
f 3481/8/4 3460/8/4 3482/8/4
f 3471/2/4 3472/2/4 3485/2/4
f 3485/2/4 3472/2/4 3486/2/4
f 3474/8/4 3475/8/4 3487/8/4
f 3463/8/4 3474/8/4 3487/8/4
f 3487/8/4 3475/8/4 3488/8/4
f 3488/8/4 3475/8/4 3489/8/4
f 3476/8/4 3477/8/4 3490/8/4
f 3490/8/4 3477/8/4 3491/8/4
f 3478/8/4 3479/8/4 3492/8/4
f 3479/8/4 3480/8/4 3492/8/4
f 3492/8/4 3480/8/4 3493/8/4
f 3482/8/4 3483/8/4 3494/8/4
f 3494/8/4 3483/8/4 3495/8/4
f 3484/2/4 3485/2/4 3497/2/4
f 3497/2/4 3485/2/4 3498/2/4
f 3489/8/4 3490/8/4 3499/8/4
f 3488/8/4 3489/8/4 3499/8/4
f 3499/8/4 3490/8/4 3500/8/4
f 3496/2/4 3497/2/4 3501/2/4
f 3501/2/4 3497/2/4 3502/2/4
f 3503/2/4 3504/2/4 3507/2/4
f 3507/2/4 3504/2/4 3508/2/4
f 3508/2/4 3504/2/4 3509/2/4
f 3505/8/4 3506/8/4 3513/8/4
f 3513/8/4 3506/8/4 3514/8/4
f 3509/2/4 3510/2/4 3515/2/4
f 3508/2/4 3509/2/4 3515/2/4
f 3515/2/4 3510/2/4 3516/2/4
f 3516/2/4 3510/2/4 3517/2/4
f 3511/8/4 3512/8/4 3520/8/4
f 3520/8/4 3512/8/4 3521/8/4
f 3505/8/4 3513/8/4 3524/8/4
f 3524/8/4 3513/8/4 3525/8/4
f 3525/8/4 3513/8/4 3526/8/4
f 3517/2/4 3518/2/4 3527/2/4
f 3516/2/4 3517/2/4 3527/2/4
f 3527/2/4 3518/2/4 3528/2/4
f 3519/8/4 3520/8/4 3530/8/4
f 3530/8/4 3520/8/4 3531/8/4
f 3521/8/4 3522/8/4 3532/8/4
f 3532/8/4 3522/8/4 3533/8/4
f 3524/8/4 3525/8/4 3536/8/4
f 3523/8/4 3524/8/4 3536/8/4
f 3536/8/4 3525/8/4 3537/8/4
f 3537/8/4 3525/8/4 3538/8/4
f 3528/2/4 3518/2/4 3539/2/4
f 3529/8/4 3530/8/4 3541/8/4
f 3541/8/4 3530/8/4 3542/8/4
f 3533/8/4 3534/8/4 3543/8/4
f 3543/8/4 3534/8/4 3544/8/4
f 3535/8/4 3536/8/4 3546/8/4
f 3536/8/4 3537/8/4 3546/8/4
f 3546/8/4 3537/8/4 3547/8/4
f 3539/2/4 3540/2/4 3548/2/4
f 3528/2/4 3539/2/4 3548/2/4
f 3540/8/4 3541/8/4 3549/8/4
f 3548/2/4 3540/2/4 3549/2/4
f 3544/8/4 3545/8/4 3550/8/4
f 3550/8/4 3545/8/4 3551/8/4
f 3551/8/4 3545/8/4 3552/8/4
f 3549/8/4 3541/8/4 3556/8/4
f 3556/8/4 3541/8/4 3557/8/4
f 3554/8/4 3555/8/4 3558/8/4
f 3558/8/4 3555/8/4 3559/8/4
f 3535/8/4 3546/8/4 3562/8/4
f 3560/8/4 3561/8/4 3565/8/4
f 3552/8/4 3553/8/4 3567/8/4
f 3551/8/4 3552/8/4 3567/8/4
f 3567/8/4 3553/8/4 3568/8/4
f 3568/8/4 3553/8/4 3569/8/4
f 3562/8/4 3563/8/4 3570/8/4
f 3535/8/4 3562/8/4 3570/8/4
f 3570/8/4 3563/8/4 3571/8/4
f 3571/8/4 3563/8/4 3572/8/4
f 3564/2/4 3565/2/4 3574/2/4
f 3565/8/4 3561/8/4 3575/8/4
f 3574/2/4 3565/2/4 3575/2/4
f 3575/8/4 3561/8/4 3576/8/4
f 3567/8/4 3568/8/4 3579/8/4
f 3566/8/4 3567/8/4 3579/8/4
f 3579/8/4 3568/8/4 3580/8/4
f 3572/8/4 3573/8/4 3581/8/4
f 3571/8/4 3572/8/4 3581/8/4
f 3581/8/4 3573/8/4 3582/8/4
f 3582/8/4 3573/8/4 3583/8/4
f 3564/2/4 3574/2/4 3586/2/4
f 3576/8/4 3577/8/4 3587/8/4
f 3587/8/4 3577/8/4 3588/8/4
f 3578/8/4 3579/8/4 3591/8/4
f 3591/8/4 3579/8/4 3592/8/4
f 3583/8/4 3584/8/4 3593/8/4
f 3582/8/4 3583/8/4 3593/8/4
f 3585/2/4 3586/2/4 3596/2/4
f 3586/2/4 3574/2/4 3597/2/4
f 3596/2/4 3586/2/4 3597/2/4
f 3597/2/4 3574/2/4 3598/2/4
f 3588/8/4 3589/8/4 3599/8/4
f 3599/8/4 3589/8/4 3600/8/4
f 3590/8/4 3591/8/4 3601/8/4
f 3601/8/4 3591/8/4 3602/8/4
f 3593/8/4 3594/8/4 3603/8/4
f 3582/8/4 3593/8/4 3603/8/4
f 3603/8/4 3594/8/4 3604/8/4
f 3595/2/4 3596/2/4 3606/2/4
f 3596/2/4 3597/2/4 3606/2/4
f 3606/2/4 3597/2/4 3607/2/4
f 3607/2/4 3597/2/4 3608/2/4
f 3600/8/4 3601/8/4 3609/8/4
f 3609/8/4 3601/8/4 3610/8/4
f 3605/2/4 3606/2/4 3611/2/4
f 3606/2/4 3607/2/4 3611/2/4
f 3611/2/4 3607/2/4 3612/2/4
f 3613/2/4 3614/2/4 3616/2/4
f 3616/2/4 3614/2/4 3617/2/4
f 3615/2/4 3616/2/4 3622/2/4
f 3616/2/4 3617/2/4 3622/2/4
f 3617/2/4 3618/2/4 3622/2/4
f 3622/2/4 3618/2/4 3623/2/4
f 3619/8/4 3620/8/4 3625/8/4
f 3625/8/4 3620/8/4 3626/8/4
f 3622/2/4 3623/2/4 3628/2/4
f 3621/2/4 3622/2/4 3628/2/4
f 3628/2/4 3623/2/4 3629/2/4
f 3629/2/4 3623/2/4 3630/2/4
f 3630/2/4 3623/2/4 3631/2/4
f 3626/8/4 3627/8/4 3633/8/4
f 3625/8/4 3626/8/4 3633/8/4
f 3624/8/4 3625/8/4 3633/8/4
f 3633/8/4 3627/8/4 3634/8/4
f 3629/2/4 3630/2/4 3636/2/4
f 3636/2/4 3630/2/4 3637/2/4
f 3637/2/4 3630/2/4 3638/2/4
f 3638/2/4 3630/2/4 3639/2/4
f 3634/8/4 3635/8/4 3642/8/4
f 3633/8/4 3634/8/4 3642/8/4
f 3632/8/4 3633/8/4 3642/8/4
f 3637/2/4 3638/2/4 3644/2/4
f 3644/2/4 3638/2/4 3645/2/4
f 3640/2/4 3641/2/4 3647/2/4
f 3647/2/4 3641/2/4 3648/2/4
f 3642/8/4 3643/8/4 3649/8/4
f 3632/8/4 3642/8/4 3649/8/4
f 3637/2/4 3644/2/4 3650/2/4
f 3650/2/4 3644/2/4 3651/2/4
f 3647/2/4 3648/2/4 3653/2/4
f 3646/2/4 3647/2/4 3653/2/4
f 3637/2/4 3650/2/4 3654/2/4
f 3654/2/4 3650/2/4 3655/2/4
f 3652/2/4 3653/2/4 3657/2/4
f 3648/8/4 3649/8/4 3658/8/4
f 3653/2/4 3648/2/4 3658/2/4
f 3657/2/4 3653/2/4 3658/2/4
f 3649/8/4 3643/8/4 3659/8/4
f 3658/8/4 3649/8/4 3659/8/4
f 3637/2/4 3654/2/4 3661/2/4
f 3661/2/4 3654/2/4 3662/2/4
f 3662/2/4 3654/2/4 3663/2/4
f 3656/2/4 3657/2/4 3665/2/4
f 3657/2/4 3658/2/4 3665/2/4
f 3665/2/4 3658/2/4 3666/2/4
f 3666/2/4 3658/2/4 3667/2/4
f 3659/8/4 3643/8/4 3668/8/4
f 3668/8/4 3643/8/4 3669/8/4
f 3661/2/4 3662/2/4 3671/2/4
f 3660/2/4 3661/2/4 3671/2/4
f 3671/2/4 3662/2/4 3672/2/4
f 3672/2/4 3662/2/4 3673/2/4
f 3665/2/4 3666/2/4 3675/2/4
f 3664/2/4 3665/2/4 3675/2/4
f 3659/8/4 3668/8/4 3676/8/4
f 3676/8/4 3668/8/4 3677/8/4
f 3677/8/4 3668/8/4 3678/8/4
f 3678/8/4 3668/8/4 3679/8/4
f 3671/2/4 3672/2/4 3680/2/4
f 3670/2/4 3671/2/4 3680/2/4
f 3680/2/4 3672/2/4 3681/2/4
f 3674/2/4 3675/2/4 3683/2/4
f 3675/2/4 3666/2/4 3684/2/4
f 3683/2/4 3675/2/4 3684/2/4
f 3684/2/4 3666/2/4 3685/2/4
f 3677/8/4 3678/8/4 3686/8/4
f 3686/8/4 3678/8/4 3687/8/4
f 3687/8/4 3678/8/4 3688/8/4
f 3688/8/4 3678/8/4 3689/8/4
f 3681/2/4 3672/2/4 3690/2/4
f 3690/2/4 3672/2/4 3691/2/4
f 3682/2/4 3683/2/4 3693/2/4
f 3683/2/4 3684/2/4 3693/2/4
f 3693/2/4 3684/2/4 3694/2/4
f 3694/2/4 3684/2/4 3695/2/4
f 3687/8/4 3688/8/4 3696/8/4
f 3696/8/4 3688/8/4 3697/8/4
f 3692/2/4 3693/2/4 3698/2/4
f 3693/2/4 3694/2/4 3698/2/4
f 3698/2/4 3694/2/4 3699/2/4
f 3700/9/4 3701/9/4 3703/9/4
f 3703/9/4 3701/9/4 3704/9/4
f 3702/9/4 3703/9/4 3706/9/4
f 3706/9/4 3703/9/4 3707/9/4
f 3705/9/4 3706/9/4 3710/9/4
f 3710/9/4 3706/9/4 3711/9/4
f 3708/9/4 3709/9/4 3713/9/4
f 3713/9/4 3709/9/4 3714/9/4
f 3712/9/4 3713/9/4 3716/9/4
f 3716/9/4 3713/9/4 3717/9/4
f 3715/9/4 3716/9/4 3718/9/4
f 3718/9/4 3716/9/4 3719/9/4
f 3720/9/4 3721/9/4 3723/9/4
f 3723/9/4 3721/9/4 3724/9/4
f 3722/9/4 3723/9/4 3728/9/4
f 3728/9/4 3723/9/4 3729/9/4
f 3725/3/4 3726/3/4 3731/3/4
f 3731/3/4 3726/3/4 3732/3/4
f 3727/9/4 3728/9/4 3733/9/4
f 3733/9/4 3728/9/4 3734/9/4
f 3730/10/4 3731/10/4 3736/10/4
f 3736/10/4 3731/10/4 3737/10/4
f 3735/3/4 3736/3/4 3741/3/4
f 3741/3/4 3736/3/4 3742/3/4
f 3738/3/4 3739/3/4 3744/3/4
f 3744/3/4 3739/3/4 3745/3/4
f 3740/3/4 3741/3/4 3747/3/4
f 3747/3/4 3741/3/4 3748/3/4
f 3743/10/4 3744/10/4 3750/10/4
f 3750/10/4 3744/10/4 3751/10/4
f 3746/3/4 3747/3/4 3753/3/4
f 3753/3/4 3747/3/4 3754/3/4
f 3749/3/4 3750/3/4 3756/3/4
f 3756/3/4 3750/3/4 3757/3/4
f 3752/3/4 3753/3/4 3759/3/4
f 3759/3/4 3753/3/4 3760/3/4
f 3755/3/4 3756/3/4 3762/3/4
f 3762/3/4 3756/3/4 3763/3/4
f 3758/3/4 3759/3/4 3765/3/4
f 3765/3/4 3759/3/4 3766/3/4
f 3761/3/4 3762/3/4 3768/3/4
f 3768/3/4 3762/3/4 3769/3/4
f 3764/3/4 3765/3/4 3771/3/4
f 3771/3/4 3765/3/4 3772/3/4
f 3767/3/4 3768/3/4 3774/3/4
f 3774/3/4 3768/3/4 3775/3/4
f 3773/3/4 3774/3/4 3777/3/4
f 3777/3/4 3774/3/4 3778/3/4
f 3770/3/4 3771/3/4 3779/3/4
f 3776/3/4 3777/3/4 3780/3/4
f 3780/3/4 3777/3/4 3781/3/4
f 3770/3/4 3779/3/4 3782/3/4
f 3779/3/4 3780/3/4 3782/3/4
f 3782/3/4 3780/3/4 3783/3/4
f 3784/3/4 3785/3/4 3787/3/4
f 3787/3/4 3785/3/4 3788/3/4
f 3786/3/4 3787/3/4 3791/3/4
f 3788/3/4 3789/3/4 3791/3/4
f 3787/3/4 3788/3/4 3791/3/4
f 3791/3/4 3789/3/4 3792/3/4
f 3792/3/4 3789/3/4 3793/3/4
f 3793/3/4 3789/3/4 3794/3/4
f 3790/10/4 3791/10/4 3796/10/4
f 3791/10/4 3792/10/4 3796/10/4
f 3796/10/4 3792/10/4 3797/10/4
f 3792/3/4 3793/3/4 3798/3/4
f 3797/10/4 3792/10/4 3798/10/4
f 3798/3/4 3793/3/4 3799/3/4
f 3796/3/4 3797/3/4 3801/3/4
f 3795/3/4 3796/3/4 3801/3/4
f 3797/10/4 3798/10/4 3802/10/4
f 3801/3/4 3797/3/4 3802/3/4
f 3802/10/4 3798/10/4 3803/10/4
f 3800/3/4 3801/3/4 3805/3/4
f 3801/3/4 3802/3/4 3805/3/4
f 3805/3/4 3802/3/4 3806/3/4
f 3806/3/4 3802/3/4 3807/3/4
f 3804/3/4 3805/3/4 3809/3/4
f 3805/3/4 3806/3/4 3809/3/4
f 3809/3/4 3806/3/4 3810/3/4
f 3810/3/4 3806/3/4 3811/3/4
f 3808/3/4 3809/3/4 3813/3/4
f 3809/3/4 3810/3/4 3813/3/4
f 3813/3/4 3810/3/4 3814/3/4
f 3814/3/4 3810/3/4 3815/3/4
f 3812/3/4 3813/3/4 3817/3/4
f 3813/3/4 3814/3/4 3817/3/4
f 3817/3/4 3814/3/4 3818/3/4
f 3818/3/4 3814/3/4 3819/3/4
f 3816/3/4 3817/3/4 3820/3/4
f 3817/3/4 3818/3/4 3820/3/4
f 3820/3/4 3818/3/4 3821/3/4
f 3816/3/4 3820/3/4 3822/3/4
f 3822/3/4 3820/3/4 3823/3/4
f 3824/8/4 3825/8/4 3829/8/4
f 3829/8/4 3825/8/4 3830/8/4
f 3826/8/4 3827/8/4 3831/8/4
f 3831/8/4 3827/8/4 3832/8/4
f 3828/8/4 3829/8/4 3833/8/4
f 3833/8/4 3829/8/4 3834/8/4
f 3835/8/4 3836/8/4 3837/8/4
f 3837/8/4 3836/8/4 3838/8/4
f 3838/8/4 3839/8/4 3842/8/4
f 3842/8/4 3839/8/4 3843/8/4
f 3840/8/4 3841/8/4 3844/8/4
f 3844/8/4 3841/8/4 3845/8/4
f 3846/8/4 3847/8/4 3849/8/4
f 3849/8/4 3847/8/4 3850/8/4
f 3848/8/4 3849/8/4 3854/8/4
f 3854/8/4 3849/8/4 3855/8/4
f 3851/8/4 3852/8/4 3856/8/4
f 3856/8/4 3852/8/4 3857/8/4
f 3853/8/4 3854/8/4 3858/8/4
f 3858/8/4 3854/8/4 3859/8/4
f 3859/8/4 3860/8/4 3863/8/4
f 3863/8/4 3860/8/4 3864/8/4
f 3861/8/4 3862/8/4 3866/8/4
f 3866/8/4 3862/8/4 3867/8/4
f 3864/8/4 3865/8/4 3868/8/4
f 3868/8/4 3865/8/4 3869/8/4
f 3870/8/4 3871/8/4 3873/8/4
f 3873/8/4 3871/8/4 3874/8/4
f 3872/8/4 3873/8/4 3877/8/4
f 3877/8/4 3873/8/4 3878/8/4
f 3878/8/4 3873/8/4 3879/8/4
f 3874/8/4 3875/8/4 3880/8/4
f 3880/8/4 3875/8/4 3881/8/4
f 3876/8/4 3877/8/4 3885/8/4
f 3877/8/4 3878/8/4 3885/8/4
f 3885/8/4 3878/8/4 3886/8/4
f 3882/8/4 3883/8/4 3887/8/4
f 3883/9/4 3884/9/4 3888/9/4
f 3887/8/4 3883/8/4 3888/8/4
f 3888/9/4 3884/9/4 3889/9/4
f 3876/8/4 3885/8/4 3890/8/4
f 3876/8/4 3890/8/4 3895/8/4
f 3890/8/4 3891/8/4 3895/8/4
f 3895/8/4 3891/8/4 3896/8/4
f 3896/8/4 3891/8/4 3897/8/4
f 3892/8/4 3893/8/4 3901/8/4
f 3893/9/4 3894/9/4 3902/9/4
f 3901/8/4 3893/8/4 3902/8/4
f 3902/9/4 3894/9/4 3903/9/4
f 3896/8/4 3897/8/4 3904/8/4
f 3897/8/4 3898/8/4 3904/8/4
f 3904/8/4 3898/8/4 3905/8/4
f 3899/8/4 3900/8/4 3906/8/4
f 3906/8/4 3900/8/4 3907/8/4
f 3905/8/4 3906/8/4 3908/8/4
f 3908/8/4 3906/8/4 3909/8/4
f 3910/8/4 3911/8/4 3913/8/4
f 3913/8/4 3911/8/4 3914/8/4
f 3914/8/4 3911/8/4 3915/8/4
f 3912/8/4 3913/8/4 3918/8/4
f 3913/8/4 3914/8/4 3918/8/4
f 3918/8/4 3914/8/4 3919/8/4
f 3919/8/4 3914/8/4 3920/8/4
f 3915/8/4 3916/8/4 3921/8/4
f 3921/8/4 3916/8/4 3922/8/4
f 3922/8/4 3916/8/4 3923/8/4
f 3922/8/4 3923/8/4 3924/8/4
f 3924/8/4 3923/8/4 3925/8/4
f 3917/8/4 3918/8/4 3928/8/4
f 3918/8/4 3919/8/4 3928/8/4
f 3928/8/4 3919/8/4 3929/8/4
f 3929/8/4 3919/8/4 3930/8/4
f 3926/8/4 3927/8/4 3933/8/4
f 3933/8/4 3927/8/4 3934/8/4
f 3930/8/4 3931/8/4 3935/8/4
f 3929/8/4 3930/8/4 3935/8/4
f 3935/8/4 3931/8/4 3936/8/4
f 3936/8/4 3931/8/4 3937/8/4
f 3933/8/4 3934/8/4 3938/8/4
f 3932/8/4 3933/8/4 3938/8/4
f 3938/8/4 3934/8/4 3939/8/4
f 3936/8/4 3937/8/4 3940/8/4
f 3937/8/4 3938/8/4 3940/8/4
f 3940/8/4 3938/8/4 3941/8/4
f 3942/8/4 3943/8/4 3945/8/4
f 3945/8/4 3943/8/4 3946/8/4
f 3946/8/4 3947/8/4 3950/8/4
f 3950/8/4 3947/8/4 3951/8/4
f 3948/9/4 3949/9/4 3952/9/4
f 3952/9/4 3949/9/4 3953/9/4
f 3944/8/4 3945/8/4 3958/8/4
f 3958/8/4 3945/8/4 3959/8/4
f 3954/8/4 3955/8/4 3960/8/4
f 3960/8/4 3955/8/4 3961/8/4
f 3956/9/4 3957/9/4 3962/9/4
f 3962/9/4 3957/9/4 3963/9/4
f 3959/8/4 3960/8/4 3964/8/4
f 3964/8/4 3960/8/4 3965/8/4
f 3966/8/4 3967/8/4 3970/8/4
f 3968/9/4 3969/9/4 3972/9/4
f 3972/9/4 3969/9/4 3973/9/4
f 3970/9/4 3971/9/4 3975/9/4
f 3966/8/4 3970/8/4 3975/8/4
f 3975/9/4 3971/9/4 3976/9/4
f 3973/9/4 3974/9/4 3978/9/4
f 3978/9/4 3974/9/4 3979/9/4
f 3966/8/4 3975/8/4 3980/8/4
f 3980/8/4 3975/8/4 3981/8/4
f 3977/9/4 3978/9/4 3982/9/4
f 3982/9/4 3978/9/4 3983/9/4
f 3984/9/4 3985/9/4 3986/9/4
f 3986/9/4 3985/9/4 3987/9/4
f 3987/9/4 3988/9/4 3990/9/4
f 3990/9/4 3988/9/4 3991/9/4
f 3989/9/4 3990/9/4 3992/9/4
f 3992/9/4 3990/9/4 3993/9/4
f 3994/9/4 3995/9/4 3996/9/4
f 3996/9/4 3995/9/4 3997/9/4
f 3997/9/4 3998/9/4 4000/9/4
f 4000/9/4 3998/9/4 4001/9/4
f 3999/9/4 4000/9/4 4002/9/4
f 4002/9/4 4000/9/4 4003/9/4
f 4004/9/4 4005/9/4 4006/9/4
f 4006/9/4 4005/9/4 4007/9/4
f 4007/9/4 4008/9/4 4010/9/4
f 4010/9/4 4008/9/4 4011/9/4
f 4009/9/4 4010/9/4 4012/9/4
f 4012/9/4 4010/9/4 4013/9/4
f 4014/9/4 4015/9/4 4018/9/4
f 4018/9/4 4015/9/4 4019/9/4
f 4016/9/4 4017/9/4 4020/9/4
f 4020/9/4 4017/9/4 4021/9/4
f 4022/9/4 4023/9/4 4024/9/4
f 4024/9/4 4023/9/4 4025/9/4
f 4031/8/5 4027/8/5 4026/8/5
f 4032/8/5 4027/8/5 4031/8/5
f 4035/8/5 4029/8/5 4028/8/5
f 4036/8/5 4029/8/5 4035/8/5
f 4038/8/5 4033/8/5 4032/8/5
f 4038/8/5 4031/8/5 4030/8/5
f 4038/8/5 4032/8/5 4031/8/5
f 4039/8/5 4033/8/5 4038/8/5
f 4040/8/5 4037/8/5 4036/8/5
f 4040/8/5 4036/8/5 4035/8/5
f 4040/8/5 4035/8/5 4034/8/5
f 4041/8/5 4037/8/5 4040/8/5
f 4045/8/5 4043/8/5 4042/8/5
f 4046/8/5 4043/8/5 4045/8/5
f 4049/8/5 4045/8/5 4044/8/5
f 4049/8/5 4047/8/5 4046/8/5
f 4049/8/5 4046/8/5 4045/8/5
f 4050/8/5 4047/8/5 4049/8/5
f 4052/8/5 4049/8/5 4048/8/5
f 4052/8/5 4051/8/5 4050/8/5
f 4052/8/5 4050/8/5 4049/8/5
f 4053/8/5 4051/8/5 4052/8/5
f 4054/8/5 4051/8/5 4053/8/5
f 4055/8/5 4051/8/5 4054/8/5
f 4056/8/5 4054/8/5 4053/8/5
f 4057/8/5 4054/8/5 4056/8/5
f 4058/8/5 4054/8/5 4057/8/5
f 4059/8/5 4054/8/5 4058/8/5
f 4060/8/5 4058/8/5 4057/8/5
f 4061/8/5 4058/8/5 4060/8/5
f 4065/8/5 4063/8/5 4062/8/5
f 4066/8/5 4063/8/5 4065/8/5
f 4069/8/5 4065/8/5 4064/8/5
f 4069/8/5 4067/8/5 4066/8/5
f 4069/8/5 4066/8/5 4065/8/5
f 4070/8/5 4067/8/5 4069/8/5
f 4072/8/5 4070/8/5 4069/8/5
f 4072/8/5 4071/8/5 4070/8/5
f 4072/8/5 4069/8/5 4068/8/5
f 4073/8/5 4071/8/5 4072/8/5
f 4074/8/5 4071/8/5 4073/8/5
f 4075/8/5 4071/8/5 4074/8/5
f 4076/8/5 4074/8/5 4073/8/5
f 4077/8/5 4074/8/5 4076/8/5
f 4084/8/5 4079/8/5 4078/8/5
f 4085/8/5 4079/8/5 4084/8/5
f 4086/8/5 4081/8/5 4080/8/5
f 4087/8/5 4081/8/5 4086/8/5
f 4091/8/5 4083/8/5 4082/8/5
f 4092/8/5 4083/8/5 4091/8/5
f 4093/8/5 4089/8/5 4088/8/5
f 4094/8/5 4089/8/5 4093/8/5
f 4096/8/5 4091/8/5 4090/8/5
f 4097/8/5 4091/8/5 4096/8/5
f 4100/8/5 4095/8/5 4094/8/5
f 4101/8/5 4095/8/5 4100/8/5
f 4102/8/5 4098/8/5 4097/8/5
f 4103/8/5 4098/8/5 4102/8/5
f 4108/8/5 4100/8/5 4099/8/5
f 4109/8/5 4100/8/5 4108/8/5
f 4110/8/5 4105/8/5 4104/8/5
f 4111/8/5 4105/8/5 4110/8/5
f 4114/8/5 4107/8/5 4106/8/5
f 4115/8/5 4107/8/5 4114/8/5
f 4117/8/5 4113/8/5 4112/8/5
f 4118/8/5 4113/8/5 4117/8/5
f 4121/8/5 4117/8/5 4116/8/5
f 4122/8/5 4117/8/5 4121/8/5
f 4123/8/5 4119/8/5 4118/8/5
f 4124/8/5 4119/8/5 4123/8/5
f 4127/8/5 4121/8/5 4120/8/5
f 4128/8/5 4121/8/5 4127/8/5
f 4129/8/5 4125/8/5 4124/8/5
f 4130/8/5 4125/8/5 4129/8/5
f 4132/8/5 4127/8/5 4126/8/5
f 4133/8/5 4127/8/5 4132/8/5
f 4136/8/5 4131/8/5 4130/8/5
f 4137/8/5 4131/8/5 4136/8/5
f 4138/8/5 4134/8/5 4133/8/5
f 4139/8/5 4134/8/5 4138/8/5
f 4140/8/5 4136/8/5 4135/8/5
f 4141/8/5 4136/8/5 4140/8/5
f 4142/8/5 4140/8/5 4139/8/5
f 4143/8/5 4140/8/5 4142/8/5
f 4148/9/5 4145/9/5 4144/9/5
f 4149/9/5 4145/9/5 4148/9/5
f 4153/8/5 4147/8/5 4146/8/5
f 4154/8/5 4147/8/5 4153/8/5
f 4155/8/5 4151/8/5 4150/8/5
f 4156/8/5 4151/8/5 4155/8/5
f 4159/8/5 4153/8/5 4152/8/5
f 4160/8/5 4153/8/5 4159/8/5
f 4161/8/5 4157/8/5 4156/8/5
f 4162/8/5 4157/8/5 4161/8/5
f 4164/8/5 4159/8/5 4158/8/5
f 4165/8/5 4159/8/5 4164/8/5
f 4168/8/5 4163/8/5 4162/8/5
f 4169/8/5 4163/8/5 4168/8/5
f 4170/8/5 4166/8/5 4165/8/5
f 4171/8/5 4166/8/5 4170/8/5
f 4174/8/5 4168/8/5 4167/8/5
f 4175/8/5 4168/8/5 4174/8/5
f 4176/8/5 4172/8/5 4171/8/5
f 4177/8/5 4172/8/5 4176/8/5
f 4182/8/5 4174/8/5 4173/8/5
f 4183/8/5 4174/8/5 4182/8/5
f 4185/8/5 4179/8/5 4178/8/5
f 4186/8/5 4179/8/5 4185/8/5
f 4187/8/5 4181/8/5 4180/8/5
f 4188/8/5 4181/8/5 4187/8/5
f 4190/8/5 4185/8/5 4184/8/5
f 4191/8/5 4185/8/5 4190/8/5
f 4192/8/5 4189/8/5 4188/8/5
f 4193/8/5 4189/8/5 4192/8/5
f 4198/8/5 4195/8/5 4194/8/5
f 4199/8/5 4195/8/5 4198/8/5
f 4200/8/5 4197/8/5 4196/8/5
f 4201/8/5 4197/8/5 4200/8/5
f 4206/8/5 4203/8/5 4202/8/5
f 4207/8/5 4203/8/5 4206/8/5
f 4210/8/5 4205/8/5 4204/8/5
f 4211/8/5 4205/8/5 4210/8/5
f 4212/8/5 4208/8/5 4207/8/5
f 4213/8/5 4208/8/5 4212/8/5
f 4216/8/5 4210/8/5 4209/8/5
f 4217/8/5 4210/8/5 4216/8/5
f 4218/8/5 4215/8/5 4214/8/5
f 4219/8/5 4215/8/5 4218/8/5
f 4224/9/5 4221/9/5 4220/9/5
f 4225/9/5 4221/9/5 4224/9/5
f 4226/9/5 4223/9/5 4222/9/5
f 4227/9/5 4223/9/5 4226/9/5
f 4232/2/5 4229/2/5 4228/2/5
f 4233/2/5 4229/2/5 4232/2/5
f 4234/2/5 4231/2/5 4230/2/5
f 4235/2/5 4231/2/5 4234/2/5
f 4240/8/5 4237/8/5 4236/8/5
f 4241/8/5 4237/8/5 4240/8/5
f 4242/8/5 4239/8/5 4238/8/5
f 4243/8/5 4239/8/5 4242/8/5
f 4248/8/5 4245/8/5 4244/8/5
f 4249/8/5 4245/8/5 4248/8/5
f 4250/8/5 4247/8/5 4246/8/5
f 4251/8/5 4247/8/5 4250/8/5
f 4256/9/5 4253/9/5 4252/9/5
f 4257/9/5 4253/9/5 4256/9/5
f 4258/9/5 4255/9/5 4254/9/5
f 4259/9/5 4255/9/5 4258/9/5
f 4264/8/5 4261/8/5 4260/8/5
f 4265/8/5 4261/8/5 4264/8/5
f 4266/8/5 4263/8/5 4262/8/5
f 4267/8/5 4263/8/5 4266/8/5
f 4272/8/5 4269/8/5 4268/8/5
f 4273/8/5 4269/8/5 4272/8/5
f 4276/8/5 4271/8/5 4270/8/5
f 4277/8/5 4271/8/5 4276/8/5
f 4278/8/5 4274/8/5 4273/8/5
f 4279/8/5 4274/8/5 4278/8/5
f 4282/8/5 4276/8/5 4275/8/5
f 4283/8/5 4276/8/5 4282/8/5
f 4284/8/5 4281/8/5 4280/8/5
f 4285/8/5 4281/8/5 4284/8/5
f 4292/8/5 4287/8/5 4286/8/5
f 4293/1/5 4288/1/5 4287/1/5
f 4293/8/5 4287/8/5 4292/8/5
f 4294/1/5 4288/1/5 4293/1/5
f 4295/1/5 4290/1/5 4289/1/5
f 4296/8/5 4291/8/5 4290/8/5
f 4296/1/5 4290/1/5 4295/1/5
f 4297/8/5 4291/8/5 4296/8/5
f 4302/8/5 4299/8/5 4298/8/5
f 4303/8/5 4299/8/5 4302/8/5
f 4304/8/5 4301/8/5 4300/8/5
f 4305/8/5 4301/8/5 4304/8/5
f 4306/8/5 4304/8/5 4303/8/5
f 4307/8/5 4304/8/5 4306/8/5
f 4312/9/5 4309/9/5 4308/9/5
f 4313/9/5 4309/9/5 4312/9/5
f 4314/9/5 4311/9/5 4310/9/5
f 4315/9/5 4311/9/5 4314/9/5
f 4323/8/5 4317/8/5 4316/8/5
f 4324/1/5 4318/1/5 4317/1/5
f 4324/8/5 4317/8/5 4323/8/5
f 4325/1/5 4318/1/5 4324/1/5
f 4326/1/5 4320/1/5 4319/1/5
f 4327/8/5 4321/8/5 4320/8/5
f 4327/1/5 4320/1/5 4326/1/5
f 4328/8/5 4321/8/5 4327/8/5
f 4330/8/5 4323/8/5 4322/8/5
f 4331/8/5 4323/8/5 4330/8/5
f 4336/8/5 4329/8/5 4328/8/5
f 4337/8/5 4329/8/5 4336/8/5
f 4338/8/5 4332/8/5 4331/8/5
f 4339/1/5 4333/1/5 4332/1/5
f 4339/8/5 4332/8/5 4338/8/5
f 4340/1/5 4333/1/5 4339/1/5
f 4341/1/5 4335/1/5 4334/1/5
f 4342/8/5 4336/8/5 4335/8/5
f 4342/1/5 4335/1/5 4341/1/5
f 4343/8/5 4336/8/5 4342/8/5
f 4348/8/5 4345/8/5 4344/8/5
f 4349/8/5 4345/8/5 4348/8/5
f 4350/8/5 4347/8/5 4346/8/5
f 4351/8/5 4347/8/5 4350/8/5
f 4356/8/5 4353/8/5 4352/8/5
f 4357/8/5 4353/8/5 4356/8/5
f 4358/8/5 4355/8/5 4354/8/5
f 4359/8/5 4355/8/5 4358/8/5
f 4364/2/5 4361/2/5 4360/2/5
f 4365/2/5 4361/2/5 4364/2/5
f 4366/2/5 4363/2/5 4362/2/5
f 4367/2/5 4363/2/5 4366/2/5
f 4370/9/5 4369/9/5 4368/9/5
f 4371/9/5 4369/9/5 4370/9/5
f 4376/2/5 4373/2/5 4372/2/5
f 4377/2/5 4373/2/5 4376/2/5
f 4378/2/5 4375/2/5 4374/2/5
f 4379/2/5 4375/2/5 4378/2/5
f 4382/2/5 4381/2/5 4380/2/5
f 4383/2/5 4381/2/5 4382/2/5
f 4387/3/5 4386/3/5 4385/3/5
f 4387/3/5 4385/3/5 4384/3/5
f 4388/3/5 4386/3/5 4387/3/5
f 4391/9/5 4390/9/5 4389/9/5
f 4392/9/5 4390/9/5 4391/9/5
f 4395/9/5 4394/9/5 4393/9/5
f 4396/9/5 4394/9/5 4395/9/5
f 4401/2/5 4398/2/5 4397/2/5
f 4402/2/5 4398/2/5 4401/2/5
f 4403/2/5 4400/2/5 4399/2/5
f 4404/2/5 4400/2/5 4403/2/5
f 4409/2/5 4406/2/5 4405/2/5
f 4410/2/5 4406/2/5 4409/2/5
f 4413/2/5 4408/2/5 4407/2/5
f 4414/2/5 4408/2/5 4413/2/5
f 4415/3/5 4412/3/5 4411/3/5
f 4416/3/5 4412/3/5 4415/3/5
f 4418/3/5 4417/3/5 4416/3/5
f 4419/3/5 4417/3/5 4418/3/5
f 4424/9/5 4421/9/5 4420/9/5
f 4425/9/5 4421/9/5 4424/9/5
f 4426/9/5 4423/9/5 4422/9/5
f 4427/9/5 4423/9/5 4426/9/5
f 4431/9/5 4429/9/5 4428/9/5
f 4432/9/5 4429/9/5 4431/9/5
f 4434/9/5 4431/9/5 4430/9/5
f 4435/9/5 4431/9/5 4434/9/5
f 4436/9/5 4433/9/5 4432/9/5
f 4437/9/5 4433/9/5 4436/9/5
f 4442/2/5 4439/2/5 4438/2/5
f 4443/2/5 4439/2/5 4442/2/5
f 4444/2/5 4441/2/5 4440/2/5
f 4445/2/5 4441/2/5 4444/2/5
f 4448/3/5 4447/3/5 4446/3/5
f 4449/3/5 4447/3/5 4448/3/5
f 4451/3/5 4450/3/5 4449/3/5
f 4452/3/5 4450/3/5 4451/3/5
f 4457/9/5 4454/9/5 4453/9/5
f 4458/9/5 4454/9/5 4457/9/5
f 4459/9/5 4456/9/5 4455/9/5
f 4460/9/5 4456/9/5 4459/9/5
f 4465/2/5 4462/2/5 4461/2/5
f 4466/2/5 4462/2/5 4465/2/5
f 4467/2/5 4464/2/5 4463/2/5
f 4468/2/5 4464/2/5 4467/2/5
f 4473/2/5 4470/2/5 4469/2/5
f 4474/2/5 4470/2/5 4473/2/5
f 4475/2/5 4472/2/5 4471/2/5
f 4476/2/5 4472/2/5 4475/2/5
f 4481/2/5 4478/2/5 4477/2/5
f 4482/2/5 4478/2/5 4481/2/5
f 4483/2/5 4480/2/5 4479/2/5
f 4484/2/5 4480/2/5 4483/2/5
f 4487/3/5 4486/3/5 4485/3/5
f 4488/3/5 4486/3/5 4487/3/5
f 4490/3/5 4489/3/5 4488/3/5
f 4491/3/5 4489/3/5 4490/3/5
f 4496/2/5 4493/2/5 4492/2/5
f 4497/2/5 4493/2/5 4496/2/5
f 4498/2/5 4495/2/5 4494/2/5
f 4499/2/5 4495/2/5 4498/2/5
f 4504/2/5 4501/2/5 4500/2/5
f 4505/2/5 4501/2/5 4504/2/5
f 4506/2/5 4503/2/5 4502/2/5
f 4507/2/5 4503/2/5 4506/2/5
f 4512/2/5 4509/2/5 4508/2/5
f 4513/2/5 4509/2/5 4512/2/5
f 4514/2/5 4511/2/5 4510/2/5
f 4515/2/5 4511/2/5 4514/2/5
f 4518/3/5 4517/3/5 4516/3/5
f 4519/3/5 4517/3/5 4518/3/5
f 4521/3/5 4520/3/5 4519/3/5
f 4522/3/5 4520/3/5 4521/3/5
f 4527/2/5 4524/2/5 4523/2/5
f 4528/2/5 4524/2/5 4527/2/5
f 4529/2/5 4526/2/5 4525/2/5
f 4530/2/5 4526/2/5 4529/2/5
f 4535/2/5 4532/2/5 4531/2/5
f 4536/2/5 4532/2/5 4535/2/5
f 4537/2/5 4534/2/5 4533/2/5
f 4538/2/5 4534/2/5 4537/2/5
f 4541/3/5 4540/3/5 4539/3/5
f 4542/3/5 4540/3/5 4541/3/5
f 4544/3/5 4543/3/5 4542/3/5
f 4545/3/5 4543/3/5 4544/3/5
f 4548/2/5 4547/2/5 4546/2/5
f 4549/2/5 4547/2/5 4548/2/5
f 4552/3/5 4551/3/5 4550/3/5
f 4553/3/5 4551/3/5 4552/3/5
f 4555/3/5 4554/3/5 4553/3/5
f 4556/3/5 4554/3/5 4555/3/5
f 4559/10/5 4558/10/5 4557/10/5
f 4560/10/5 4558/10/5 4559/10/5
f 4562/10/5 4561/10/5 4560/10/5
f 4563/10/5 4561/10/5 4562/10/5
f 4566/3/5 4565/3/5 4564/3/5
f 4567/3/5 4565/3/5 4566/3/5
f 4569/3/5 4568/3/5 4567/3/5
f 4570/3/5 4568/3/5 4569/3/5
f 4575/2/5 4572/2/5 4571/2/5
f 4576/2/5 4572/2/5 4575/2/5
f 4577/2/5 4574/2/5 4573/2/5
f 4578/2/5 4574/2/5 4577/2/5
f 4581/9/5 4580/9/5 4579/9/5
f 4582/9/5 4580/9/5 4581/9/5
f 4585/3/5 4584/3/5 4583/3/5
f 4586/3/5 4584/3/5 4585/3/5
f 4591/2/5 4588/2/5 4587/2/5
f 4592/2/5 4588/2/5 4591/2/5
f 4593/2/5 4590/2/5 4589/2/5
f 4594/2/5 4590/2/5 4593/2/5
f 4597/9/5 4596/9/5 4595/9/5
f 4598/9/5 4596/9/5 4597/9/5
f 4601/9/5 4600/9/5 4599/9/5
f 4602/9/5 4600/9/5 4601/9/5
f 4605/9/5 4604/9/5 4603/9/5
f 4606/9/5 4604/9/5 4605/9/5
f 4609/9/5 4608/9/5 4607/9/5
f 4610/9/5 4608/9/5 4609/9/5
f 4614/9/5 4612/9/5 4611/9/5
f 4615/9/5 4612/9/5 4614/9/5
f 4619/9/5 4614/9/5 4613/9/5
f 4620/9/5 4614/9/5 4619/9/5
f 4621/9/5 4616/9/5 4615/9/5
f 4622/9/5 4616/9/5 4621/9/5
f 4626/8/5 4618/8/5 4617/8/5
f 4627/8/5 4618/8/5 4626/8/5
f 4628/8/5 4624/8/5 4623/8/5
f 4629/8/5 4624/8/5 4628/8/5
f 4632/8/5 4626/8/5 4625/8/5
f 4633/8/5 4626/8/5 4632/8/5
f 4634/8/5 4630/8/5 4629/8/5
f 4635/8/5 4630/8/5 4634/8/5
f 4637/8/5 4632/8/5 4631/8/5
f 4638/8/5 4632/8/5 4637/8/5
f 4641/8/5 4636/8/5 4635/8/5
f 4642/8/5 4636/8/5 4641/8/5
f 4643/8/5 4639/8/5 4638/8/5
f 4644/8/5 4639/8/5 4643/8/5
f 4647/8/5 4641/8/5 4640/8/5
f 4648/8/5 4641/8/5 4647/8/5
f 4649/8/5 4645/8/5 4644/8/5
f 4650/8/5 4645/8/5 4649/8/5
f 4653/8/5 4647/8/5 4646/8/5
f 4654/8/5 4647/8/5 4653/8/5
f 4657/8/5 4651/8/5 4650/8/5
f 4658/8/5 4651/8/5 4657/8/5
f 4659/8/5 4653/8/5 4652/8/5
f 4660/8/5 4653/8/5 4659/8/5
f 4663/9/5 4656/9/5 4655/9/5
f 4664/9/5 4656/9/5 4663/9/5
f 4665/9/5 4662/9/5 4661/9/5
f 4666/9/5 4662/9/5 4665/9/5
f 4670/9/5 4668/9/5 4667/9/5
f 4671/9/5 4668/9/5 4670/9/5
f 4673/9/5 4670/9/5 4669/9/5
f 4673/9/5 4672/9/5 4671/9/5
f 4673/9/5 4671/9/5 4670/9/5
f 4674/9/5 4672/9/5 4673/9/5
f 4677/9/5 4673/9/5 4669/9/5
f 4678/9/5 4673/9/5 4677/9/5
f 4679/9/5 4672/9/5 4674/9/5
f 4680/9/5 4672/9/5 4679/9/5
f 4684/8/5 4676/8/5 4675/8/5
f 4685/9/5 4677/9/5 4676/9/5
f 4685/8/5 4676/8/5 4684/8/5
f 4686/9/5 4677/9/5 4685/9/5
f 4687/9/5 4681/9/5 4680/9/5
f 4688/8/5 4682/8/5 4681/8/5
f 4688/9/5 4681/9/5 4687/9/5
f 4689/8/5 4682/8/5 4688/8/5
f 4692/8/5 4684/8/5 4683/8/5
f 4693/8/5 4684/8/5 4692/8/5
f 4694/8/5 4684/8/5 4693/8/5
f 4695/8/5 4690/8/5 4689/8/5
f 4696/8/5 4690/8/5 4695/8/5
f 4697/8/5 4690/8/5 4696/8/5
f 4699/8/5 4692/8/5 4691/8/5
f 4699/8/5 4693/8/5 4692/8/5
f 4700/8/5 4693/8/5 4699/8/5
f 4701/8/5 4698/8/5 4697/8/5
f 4701/8/5 4697/8/5 4696/8/5
f 4702/8/5 4698/8/5 4701/8/5
f 4703/8/5 4699/8/5 4691/8/5
f 4704/8/5 4699/8/5 4703/8/5
f 4707/8/5 4698/8/5 4702/8/5
f 4708/8/5 4698/8/5 4707/8/5
f 4709/8/5 4705/8/5 4704/8/5
f 4710/8/5 4705/8/5 4709/8/5
f 4715/8/5 4707/8/5 4706/8/5
f 4716/8/5 4707/8/5 4715/8/5
f 4717/8/5 4712/8/5 4711/8/5
f 4718/8/5 4712/8/5 4717/8/5
f 4721/8/5 4714/8/5 4713/8/5
f 4722/8/5 4714/8/5 4721/8/5
f 4725/8/5 4719/8/5 4718/8/5
f 4726/8/5 4719/8/5 4725/8/5
f 4727/8/5 4721/8/5 4720/8/5
f 4728/8/5 4721/8/5 4727/8/5
f 4729/9/5 4724/9/5 4723/9/5
f 4730/9/5 4724/9/5 4729/9/5
f 4734/9/5 4732/9/5 4731/9/5
f 4735/9/5 4732/9/5 4734/9/5
f 4737/9/5 4734/9/5 4733/9/5
f 4737/9/5 4736/9/5 4735/9/5
f 4737/9/5 4735/9/5 4734/9/5
f 4738/9/5 4736/9/5 4737/9/5
f 4740/9/5 4737/9/5 4733/9/5
f 4741/9/5 4737/9/5 4740/9/5
f 4742/9/5 4736/9/5 4738/9/5
f 4743/9/5 4736/9/5 4742/9/5
f 4746/9/5 4740/9/5 4739/9/5
f 4747/9/5 4744/9/5 4743/9/5
f 4750/8/5 4746/8/5 4745/8/5
f 4751/9/5 4740/9/5 4746/9/5
f 4751/8/5 4746/8/5 4750/8/5
f 4752/9/5 4740/9/5 4751/9/5
f 4753/9/5 4747/9/5 4743/9/5
f 4754/8/5 4748/8/5 4747/8/5
f 4754/9/5 4747/9/5 4753/9/5
f 4755/8/5 4748/8/5 4754/8/5
f 4757/8/5 4750/8/5 4749/8/5
f 4758/8/5 4750/8/5 4757/8/5
f 4759/8/5 4756/8/5 4755/8/5
f 4760/8/5 4756/8/5 4759/8/5
f 4765/8/5 4762/8/5 4761/8/5
f 4766/8/5 4762/8/5 4765/8/5
f 4767/8/5 4764/8/5 4763/8/5
f 4768/8/5 4764/8/5 4767/8/5
f 4773/8/5 4770/8/5 4769/8/5
f 4774/8/5 4770/8/5 4773/8/5
f 4777/8/5 4772/8/5 4771/8/5
f 4778/8/5 4772/8/5 4777/8/5
f 4779/8/5 4775/8/5 4774/8/5
f 4780/8/5 4775/8/5 4779/8/5
f 4781/8/5 4777/8/5 4776/8/5
f 4782/8/5 4777/8/5 4781/8/5
f 4786/8/5 4784/8/5 4783/8/5
f 4787/8/5 4784/8/5 4786/8/5
f 4790/8/5 4786/8/5 4785/8/5
f 4791/8/5 4786/8/5 4790/8/5
f 4792/8/5 4788/8/5 4787/8/5
f 4793/8/5 4788/8/5 4792/8/5
f 4796/8/5 4790/8/5 4789/8/5
f 4797/8/5 4790/8/5 4796/8/5
f 4798/8/5 4794/8/5 4793/8/5
f 4799/8/5 4794/8/5 4798/8/5
f 4802/8/5 4796/8/5 4795/8/5
f 4803/8/5 4796/8/5 4802/8/5
f 4804/8/5 4800/8/5 4799/8/5
f 4805/8/5 4800/8/5 4804/8/5
f 4808/8/5 4802/8/5 4801/8/5
f 4809/8/5 4802/8/5 4808/8/5
f 4810/8/5 4806/8/5 4805/8/5
f 4811/8/5 4806/8/5 4810/8/5
f 4814/8/5 4808/8/5 4807/8/5
f 4815/8/5 4808/8/5 4814/8/5
f 4816/8/5 4812/8/5 4811/8/5
f 4817/8/5 4812/8/5 4816/8/5
f 4819/8/5 4814/8/5 4813/8/5
f 4820/8/5 4814/8/5 4819/8/5
f 4821/8/5 4818/8/5 4817/8/5
f 4822/8/5 4818/8/5 4821/8/5
f 4828/8/5 4824/8/5 4823/8/5
f 4829/8/5 4824/8/5 4828/8/5
f 4830/8/5 4826/8/5 4825/8/5
f 4831/8/5 4826/8/5 4830/8/5
f 4834/8/5 4828/8/5 4827/8/5
f 4835/8/5 4828/8/5 4834/8/5
f 4836/8/5 4832/8/5 4831/8/5
f 4837/8/5 4832/8/5 4836/8/5
f 4839/8/5 4834/8/5 4833/8/5
f 4840/8/5 4834/8/5 4839/8/5
f 4841/8/5 4838/8/5 4837/8/5
f 4842/8/5 4838/8/5 4841/8/5
f 4847/8/5 4844/8/5 4843/8/5
f 4848/8/5 4844/8/5 4847/8/5
f 4849/8/5 4846/8/5 4845/8/5
f 4850/8/5 4846/8/5 4849/8/5
f 4855/8/5 4852/8/5 4851/8/5
f 4856/8/5 4852/8/5 4855/8/5
f 4859/8/5 4854/8/5 4853/8/5
f 4860/8/5 4854/8/5 4859/8/5
f 4861/8/5 4857/8/5 4856/8/5
f 4862/8/5 4857/8/5 4861/8/5
f 4863/8/5 4859/8/5 4858/8/5
f 4864/8/5 4859/8/5 4863/8/5
f 4873/8/5 4866/8/5 4865/8/5
f 4874/8/5 4866/8/5 4873/8/5
f 4875/8/5 4868/8/5 4867/8/5
f 4876/8/5 4868/8/5 4875/8/5
f 4877/8/5 4870/8/5 4869/8/5
f 4878/8/5 4870/8/5 4877/8/5
f 4879/8/5 4872/8/5 4871/8/5
f 4880/8/5 4872/8/5 4879/8/5
f 4885/8/5 4882/8/5 4881/8/5
f 4886/8/5 4882/8/5 4885/8/5
f 4887/8/5 4884/8/5 4883/8/5
f 4888/8/5 4884/8/5 4887/8/5
f 4893/8/5 4890/8/5 4889/8/5
f 4894/8/5 4890/8/5 4893/8/5
f 4895/8/5 4892/8/5 4891/8/5
f 4896/8/5 4892/8/5 4895/8/5
f 4901/9/5 4898/9/5 4897/9/5
f 4902/9/5 4898/9/5 4901/9/5
f 4903/9/5 4900/9/5 4899/9/5
f 4904/9/5 4900/9/5 4903/9/5
f 4909/9/5 4906/9/5 4905/9/5
f 4910/9/5 4906/9/5 4909/9/5
f 4911/9/5 4908/9/5 4907/9/5
f 4912/9/5 4908/9/5 4911/9/5
f 4913/8/6 4914/8/6 4918/8/6
f 4918/8/6 4914/8/6 4919/8/6
f 4915/8/6 4916/8/6 4922/8/6
f 4922/8/6 4916/8/6 4923/8/6
f 4917/8/6 4918/8/6 4925/8/6
f 4925/8/6 4918/8/6 4926/8/6
f 4919/8/6 4920/8/6 4927/8/6
f 4927/8/6 4920/8/6 4928/8/6
f 4921/8/6 4922/8/6 4929/8/6
f 4929/8/6 4922/8/6 4930/8/6
f 4923/8/6 4924/8/6 4931/8/6
f 4931/8/6 4924/8/6 4932/8/6
f 4933/8/6 4934/8/6 4938/8/6
f 4938/8/6 4934/8/6 4939/8/6
f 4935/8/6 4936/8/6 4942/8/6
f 4942/8/6 4936/8/6 4943/8/6
f 4937/8/6 4938/8/6 4945/8/6
f 4945/8/6 4938/8/6 4946/8/6
f 4939/8/6 4940/8/6 4947/8/6
f 4947/8/6 4940/8/6 4948/8/6
f 4941/8/6 4942/8/6 4949/8/6
f 4949/8/6 4942/8/6 4950/8/6
f 4943/8/6 4944/8/6 4951/8/6
f 4951/8/6 4944/8/6 4952/8/6
f 4953/8/6 4954/8/6 4957/8/6
f 4957/8/6 4954/8/6 4958/8/6
f 4955/8/6 4956/8/6 4959/8/6
f 4959/8/6 4956/8/6 4960/8/6
f 4961/8/6 4962/8/6 4965/8/6
f 4965/8/6 4962/8/6 4966/8/6
f 4963/8/6 4964/8/6 4967/8/6
f 4967/8/6 4964/8/6 4968/8/6
f 4969/8/6 4970/8/6 4974/8/6
f 4974/8/6 4970/8/6 4975/8/6
f 4971/8/6 4972/8/6 4976/8/6
f 4976/8/6 4972/8/6 4977/8/6
f 4973/8/6 4974/8/6 4979/8/6
f 4979/8/6 4974/8/6 4980/8/6
f 4977/8/6 4978/8/6 4981/8/6
f 4981/8/6 4978/8/6 4982/8/6
f 4983/8/6 4984/8/6 4987/8/6
f 4987/8/6 4984/8/6 4988/8/6
f 4985/8/6 4986/8/6 4992/8/6
f 4992/8/6 4986/8/6 4993/8/6
f 4989/8/6 4990/8/6 4994/8/6
f 4994/8/6 4990/8/6 4995/8/6
f 4991/8/6 4992/8/6 4998/8/6
f 4998/8/6 4992/8/6 4999/8/6
f 4995/8/6 4996/8/6 5000/8/6
f 5000/8/6 4996/8/6 5001/8/6
f 4997/8/6 4998/8/6 5003/8/6
f 5003/8/6 4998/8/6 5004/8/6
f 5001/8/6 5002/8/6 5005/8/6
f 5005/8/6 5002/8/6 5006/8/6
f 5007/8/6 5008/8/6 5011/8/6
f 5011/8/6 5008/8/6 5012/8/6
f 5009/8/6 5010/8/6 5015/8/6
f 5015/8/6 5010/8/6 5016/8/6
f 5012/8/6 5013/8/6 5017/8/6
f 5017/8/6 5013/8/6 5018/8/6
f 5014/8/6 5015/8/6 5021/8/6
f 5021/8/6 5015/8/6 5022/8/6
f 5018/8/6 5019/8/6 5023/8/6
f 5023/8/6 5019/8/6 5024/8/6
f 5020/8/6 5021/8/6 5027/8/6
f 5027/8/6 5021/8/6 5028/8/6
f 5024/8/6 5025/8/6 5029/8/6
f 5029/8/6 5025/8/6 5030/8/6
f 5026/8/6 5027/8/6 5031/8/6
f 5031/8/6 5027/8/6 5032/8/6
f 5033/8/6 5034/8/6 5036/8/6
f 5036/8/6 5034/8/6 5037/8/6
f 5035/8/6 5036/8/6 5040/8/6
f 5040/8/6 5036/8/6 5041/8/6
f 5037/8/6 5038/8/6 5042/8/6
f 5042/8/6 5038/8/6 5043/8/6
f 5039/8/6 5040/8/6 5046/8/6
f 5046/8/6 5040/8/6 5047/8/6
f 5043/8/6 5044/8/6 5048/8/6
f 5048/8/6 5044/8/6 5049/8/6
f 5045/8/6 5046/8/6 5051/8/6
f 5051/8/6 5046/8/6 5052/8/6
f 5049/8/6 5050/8/6 5053/8/6
f 5053/8/6 5050/8/6 5054/8/6
f 5055/8/6 5056/8/6 5059/8/6
f 5059/8/6 5056/8/6 5060/8/6
f 5057/8/6 5058/8/6 5061/8/6
f 5061/8/6 5058/8/6 5062/8/6
f 5063/8/6 5064/8/6 5067/8/6
f 5067/8/6 5064/8/6 5068/8/6
f 5065/8/6 5066/8/6 5069/8/6
f 5069/8/6 5066/8/6 5070/8/6
f 5071/9/6 5072/9/6 5075/9/6
f 5075/9/6 5072/9/6 5076/9/6
f 5073/9/6 5074/9/6 5077/9/6
f 5077/9/6 5074/9/6 5078/9/6
f 5079/8/6 5080/8/6 5082/8/6
f 5082/8/6 5080/8/6 5083/8/6
f 5081/8/6 5082/8/6 5086/8/6
f 5086/8/6 5082/8/6 5087/8/6
f 5083/8/6 5084/8/6 5088/8/6
f 5088/8/6 5084/8/6 5089/8/6
f 5085/8/6 5086/8/6 5091/8/6
f 5091/8/6 5086/8/6 5092/8/6
f 5089/8/6 5090/8/6 5093/8/6
f 5093/8/6 5090/8/6 5094/8/6
f 5095/8/6 5096/8/6 5099/8/6
f 5099/8/6 5096/8/6 5100/8/6
f 5097/8/6 5098/8/6 5101/8/6
f 5101/8/6 5098/8/6 5102/8/6
f 5103/9/6 5104/9/6 5105/9/6
f 5105/9/6 5104/9/6 5106/9/6
f 5107/8/6 5108/8/6 5110/8/6
f 5110/8/6 5108/8/6 5111/8/6
f 5111/8/6 5108/8/6 5112/8/6
f 5112/8/6 5108/8/6 5113/8/6
f 5109/8/6 5110/8/6 5115/8/6
f 5115/8/6 5110/8/6 5116/8/6
f 5113/8/6 5114/8/6 5117/8/6
f 5117/8/6 5114/8/6 5118/8/6
f 5119/9/6 5120/9/6 5123/9/6
f 5123/9/6 5120/9/6 5124/9/6
f 5121/9/6 5122/9/6 5125/9/6
f 5125/9/6 5122/9/6 5126/9/6
f 5124/9/6 5125/9/6 5127/9/6
f 5127/9/6 5125/9/6 5128/9/6
f 5129/9/6 5130/9/6 5133/9/6
f 5133/9/6 5130/9/6 5134/9/6
f 5131/9/6 5132/9/6 5135/9/6
f 5135/9/6 5132/9/6 5136/9/6
f 5138/8/6 5139/8/6 5143/8/6
f 5137/5/6 5138/5/6 5143/5/6
f 5143/8/6 5139/8/6 5144/8/6
f 5140/8/6 5141/8/6 5145/8/6
f 5141/5/6 5142/5/6 5146/5/6
f 5145/8/6 5141/8/6 5146/8/6
f 5137/5/6 5143/5/6 5147/5/6
f 5146/5/6 5142/5/6 5150/5/6
f 5137/5/6 5147/5/6 5151/5/6
f 5147/8/6 5148/8/6 5152/8/6
f 5151/5/6 5147/5/6 5152/5/6
f 5152/8/6 5148/8/6 5153/8/6
f 5149/8/6 5150/8/6 5154/8/6
f 5150/5/6 5142/5/6 5155/5/6
f 5154/8/6 5150/8/6 5155/8/6
f 5155/5/6 5142/5/6 5156/5/6
f 5157/3/6 5158/3/6 5160/3/6
f 5160/3/6 5158/3/6 5161/3/6
f 5159/3/6 5160/3/6 5162/3/6
f 5162/3/6 5160/3/6 5163/3/6
f 5164/8/6 5165/8/6 5169/8/6
f 5165/9/6 5166/9/6 5170/9/6
f 5169/8/6 5165/8/6 5170/8/6
f 5166/8/6 5167/8/6 5171/8/6
f 5170/9/6 5166/9/6 5171/9/6
f 5171/8/6 5167/8/6 5172/8/6
f 5168/8/6 5169/8/6 5174/8/6
f 5174/8/6 5169/8/6 5175/8/6
f 5172/8/6 5173/8/6 5176/8/6
f 5176/8/6 5173/8/6 5177/8/6
f 5174/9/6 5175/9/6 5178/9/6
f 5178/9/6 5175/9/6 5179/9/6
f 5176/9/6 5177/9/6 5180/9/6
f 5180/9/6 5177/9/6 5181/9/6
f 5182/9/6 5183/9/6 5186/9/6
f 5186/9/6 5183/9/6 5187/9/6
f 5184/9/6 5185/9/6 5188/9/6
f 5188/9/6 5185/9/6 5189/9/6
f 5187/9/6 5188/9/6 5190/9/6
f 5190/9/6 5188/9/6 5191/9/6
f 5192/9/6 5193/9/6 5196/9/6
f 5196/9/6 5193/9/6 5197/9/6
f 5194/9/6 5195/9/6 5198/9/6
f 5198/9/6 5195/9/6 5199/9/6
f 5200/8/6 5201/8/6 5205/8/6
f 5205/8/6 5201/8/6 5206/8/6
f 5202/8/6 5203/8/6 5207/8/6
f 5207/8/6 5203/8/6 5208/8/6
f 5205/8/6 5206/8/6 5210/8/6
f 5204/8/6 5205/8/6 5210/8/6
f 5210/8/6 5206/8/6 5211/8/6
f 5211/8/6 5206/8/6 5212/8/6
f 5208/8/6 5209/8/6 5213/8/6
f 5207/8/6 5208/8/6 5213/8/6
f 5213/8/6 5209/8/6 5214/8/6
f 5214/8/6 5209/8/6 5215/8/6
f 5211/8/6 5212/8/6 5216/8/6
f 5216/8/6 5212/8/6 5217/8/6
f 5213/8/6 5214/8/6 5218/8/6
f 5218/8/6 5214/8/6 5219/8/6
f 5220/3/6 5221/3/6 5223/3/6
f 5223/3/6 5221/3/6 5224/3/6
f 5222/3/6 5223/3/6 5225/3/6
f 5225/3/6 5223/3/6 5226/3/6
f 5227/9/6 5228/9/6 5229/9/6
f 5229/9/6 5228/9/6 5230/9/6
f 5227/9/6 5229/9/6 5231/9/6
f 5231/9/6 5229/9/6 5232/9/6
f 5230/9/6 5228/9/6 5233/9/6
f 5233/9/6 5228/9/6 5234/9/6
f 5235/9/6 5236/9/6 5239/9/6
f 5239/9/6 5236/9/6 5240/9/6
f 5237/9/6 5238/9/6 5241/9/6
f 5241/9/6 5238/9/6 5242/9/6
f 5240/9/6 5241/9/6 5243/9/6
f 5243/9/6 5241/9/6 5244/9/6
f 5245/9/6 5246/9/6 5247/9/6
f 5247/9/6 5246/9/6 5248/9/6
f 5249/3/6 5250/3/6 5252/3/6
f 5252/3/6 5250/3/6 5253/3/6
f 5251/3/6 5252/3/6 5254/3/6
f 5254/3/6 5252/3/6 5255/3/6
f 5256/9/6 5257/9/6 5259/9/6
f 5259/9/6 5257/9/6 5260/9/6
f 5258/9/6 5259/9/6 5262/9/6
f 5262/9/6 5259/9/6 5263/9/6
f 5260/9/6 5261/9/6 5264/9/6
f 5264/9/6 5261/9/6 5265/9/6
f 5263/9/6 5264/9/6 5266/9/6
f 5266/9/6 5264/9/6 5267/9/6
f 5268/2/6 5269/2/6 5272/2/6
f 5272/2/6 5269/2/6 5273/2/6
f 5270/2/6 5271/2/6 5276/2/6
f 5276/2/6 5271/2/6 5277/2/6
f 5274/3/6 5275/3/6 5279/3/6
f 5279/3/6 5275/3/6 5280/3/6
f 5278/3/6 5279/3/6 5281/3/6
f 5281/3/6 5279/3/6 5282/3/6
f 5283/9/6 5284/9/6 5285/9/6
f 5285/9/6 5284/9/6 5286/9/6
f 5287/2/6 5288/2/6 5292/2/6
f 5292/2/6 5288/2/6 5293/2/6
f 5289/2/6 5290/2/6 5294/2/6
f 5294/2/6 5290/2/6 5295/2/6
f 5291/2/6 5292/2/6 5298/2/6
f 5298/2/6 5292/2/6 5299/2/6
f 5295/2/6 5296/2/6 5300/2/6
f 5300/2/6 5296/2/6 5301/2/6
f 5297/2/6 5298/2/6 5304/2/6
f 5304/2/6 5298/2/6 5305/2/6
f 5301/2/6 5302/2/6 5306/2/6
f 5306/2/6 5302/2/6 5307/2/6
f 5303/2/6 5304/2/6 5309/2/6
f 5309/2/6 5304/2/6 5310/2/6
f 5307/2/6 5308/2/6 5311/2/6
f 5311/2/6 5308/2/6 5312/2/6
f 5313/2/6 5314/2/6 5317/2/6
f 5317/2/6 5314/2/6 5318/2/6
f 5315/2/6 5316/2/6 5321/2/6
f 5321/2/6 5316/2/6 5322/2/6
f 5318/2/6 5319/2/6 5323/2/6
f 5323/2/6 5319/2/6 5324/2/6
f 5320/2/6 5321/2/6 5327/2/6
f 5327/2/6 5321/2/6 5328/2/6
f 5324/2/6 5325/2/6 5329/2/6
f 5329/2/6 5325/2/6 5330/2/6
f 5326/2/6 5327/2/6 5335/2/6
f 5335/2/6 5327/2/6 5336/2/6
f 5331/2/6 5332/2/6 5337/2/6
f 5337/2/6 5332/2/6 5338/2/6
f 5333/2/6 5334/2/6 5341/2/6
f 5341/2/6 5334/2/6 5342/2/6
f 5339/3/6 5340/3/6 5344/3/6
f 5344/3/6 5340/3/6 5345/3/6
f 5343/3/6 5344/3/6 5346/3/6
f 5346/3/6 5344/3/6 5347/3/6
f 5348/2/6 5349/2/6 5355/2/6
f 5355/2/6 5349/2/6 5356/2/6
f 5350/2/6 5351/2/6 5357/2/6
f 5357/2/6 5351/2/6 5358/2/6
f 5352/2/6 5353/2/6 5359/2/6
f 5359/2/6 5353/2/6 5360/2/6
f 5354/2/6 5355/2/6 5363/2/6
f 5363/2/6 5355/2/6 5364/2/6
f 5360/2/6 5361/2/6 5365/2/6
f 5365/2/6 5361/2/6 5366/2/6
f 5362/2/6 5363/2/6 5369/2/6
f 5369/2/6 5363/2/6 5370/2/6
f 5366/2/6 5367/2/6 5371/2/6
f 5371/2/6 5367/2/6 5372/2/6
f 5368/2/6 5369/2/6 5375/2/6
f 5375/2/6 5369/2/6 5376/2/6
f 5372/2/6 5373/2/6 5377/2/6
f 5377/2/6 5373/2/6 5378/2/6
f 5374/2/6 5375/2/6 5380/2/6
f 5380/2/6 5375/2/6 5381/2/6
f 5378/2/6 5379/2/6 5384/2/6
f 5384/2/6 5379/2/6 5385/2/6
f 5381/2/6 5382/2/6 5386/2/6
f 5386/2/6 5382/2/6 5387/2/6
f 5383/2/6 5384/2/6 5390/2/6
f 5390/2/6 5384/2/6 5391/2/6
f 5387/2/6 5388/2/6 5392/2/6
f 5392/2/6 5388/2/6 5393/2/6
f 5389/2/6 5390/2/6 5396/2/6
f 5396/2/6 5390/2/6 5397/2/6
f 5393/2/6 5394/2/6 5398/2/6
f 5398/2/6 5394/2/6 5399/2/6
f 5395/2/6 5396/2/6 5404/2/6
f 5404/2/6 5396/2/6 5405/2/6
f 5400/2/6 5401/2/6 5406/2/6
f 5406/2/6 5401/2/6 5407/2/6
f 5402/2/6 5403/2/6 5410/2/6
f 5410/2/6 5403/2/6 5411/2/6
f 5408/3/6 5409/3/6 5413/3/6
f 5413/3/6 5409/3/6 5414/3/6
f 5412/3/6 5413/3/6 5415/3/6
f 5415/3/6 5413/3/6 5416/3/6
f 5417/2/6 5418/2/6 5423/2/6
f 5419/2/6 5420/2/6 5424/2/6
f 5421/2/6 5422/2/6 5428/2/6
f 5428/2/6 5422/2/6 5429/2/6
f 5417/2/6 5423/2/6 5430/2/6
f 5423/9/6 5424/9/6 5431/9/6
f 5430/2/6 5423/2/6 5431/2/6
f 5424/2/6 5420/2/6 5432/2/6
f 5431/9/6 5424/9/6 5432/9/6
f 5432/2/6 5420/2/6 5433/2/6
f 5425/2/6 5426/2/6 5434/2/6
f 5434/2/6 5426/2/6 5435/2/6
f 5427/2/6 5428/2/6 5438/2/6
f 5438/2/6 5428/2/6 5439/2/6
f 5435/2/6 5436/2/6 5440/2/6
f 5440/2/6 5436/2/6 5441/2/6
f 5437/2/6 5438/2/6 5444/2/6
f 5444/2/6 5438/2/6 5445/2/6
f 5441/2/6 5442/2/6 5446/2/6
f 5446/2/6 5442/2/6 5447/2/6
f 5443/2/6 5444/2/6 5449/2/6
f 5449/2/6 5444/2/6 5450/2/6
f 5447/2/6 5448/2/6 5453/2/6
f 5453/2/6 5448/2/6 5454/2/6
f 5450/2/6 5451/2/6 5455/2/6
f 5455/2/6 5451/2/6 5456/2/6
f 5452/2/6 5453/2/6 5459/2/6
f 5459/2/6 5453/2/6 5460/2/6
f 5456/2/6 5457/2/6 5461/2/6
f 5461/2/6 5457/2/6 5462/2/6
f 5458/2/6 5459/2/6 5465/2/6
f 5465/2/6 5459/2/6 5466/2/6
f 5462/2/6 5463/2/6 5467/2/6
f 5467/2/6 5463/2/6 5468/2/6
f 5464/2/6 5465/2/6 5469/2/6
f 5469/2/6 5465/2/6 5470/2/6
f 5471/3/6 5472/3/6 5474/3/6
f 5474/3/6 5472/3/6 5475/3/6
f 5473/10/6 5474/10/6 5476/10/6
f 5476/10/6 5474/10/6 5477/10/6
f 5478/2/6 5479/2/6 5484/2/6
f 5484/2/6 5479/2/6 5485/2/6
f 5480/2/6 5481/2/6 5486/2/6
f 5486/2/6 5481/2/6 5487/2/6
f 5482/2/6 5483/2/6 5491/2/6
f 5491/2/6 5483/2/6 5492/2/6
f 5488/2/6 5489/2/6 5493/2/6
f 5493/2/6 5489/2/6 5494/2/6
f 5490/2/6 5491/2/6 5497/2/6
f 5497/2/6 5491/2/6 5498/2/6
f 5494/2/6 5495/2/6 5499/2/6
f 5499/2/6 5495/2/6 5500/2/6
f 5496/2/6 5497/2/6 5502/2/6
f 5502/2/6 5497/2/6 5503/2/6
f 5500/2/6 5501/2/6 5506/2/6
f 5506/2/6 5501/2/6 5507/2/6
f 5503/2/6 5504/2/6 5508/2/6
f 5508/2/6 5504/2/6 5509/2/6
f 5505/2/6 5506/2/6 5512/2/6
f 5512/2/6 5506/2/6 5513/2/6
f 5509/2/6 5510/2/6 5514/2/6
f 5514/2/6 5510/2/6 5515/2/6
f 5511/2/6 5512/2/6 5516/2/6
f 5516/2/6 5512/2/6 5517/2/6
f 5518/9/6 5519/9/6 5523/9/6
f 5519/6/6 5520/6/6 5524/6/6
f 5523/9/6 5519/9/6 5524/9/6
f 5524/6/6 5520/6/6 5525/6/6
f 5521/10/6 5522/10/6 5529/10/6
f 5529/10/6 5522/10/6 5530/10/6
f 5526/3/6 5527/3/6 5531/3/6
f 5531/3/6 5527/3/6 5532/3/6
f 5528/3/6 5529/3/6 5533/3/6
f 5533/3/6 5529/3/6 5534/3/6
f 5535/2/6 5536/2/6 5539/2/6
f 5539/2/6 5536/2/6 5540/2/6
f 5537/2/6 5538/2/6 5541/2/6
f 5541/2/6 5538/2/6 5542/2/6
f 5543/2/6 5544/2/6 5547/2/6
f 5547/2/6 5544/2/6 5548/2/6
f 5545/2/6 5546/2/6 5549/2/6
f 5549/2/6 5546/2/6 5550/2/6
f 5551/2/6 5552/2/6 5558/2/6
f 5558/2/6 5552/2/6 5559/2/6
f 5553/2/6 5554/2/6 5560/2/6
f 5560/2/6 5554/2/6 5561/2/6
f 5555/9/6 5556/9/6 5562/9/6
f 5562/9/6 5556/9/6 5563/9/6
f 5557/3/6 5558/3/6 5566/3/6
f 5564/9/6 5565/9/6 5567/9/6
f 5565/6/6 5566/6/6 5568/6/6
f 5567/9/6 5565/9/6 5568/9/6
f 5566/3/6 5558/3/6 5569/3/6
f 5568/6/6 5566/6/6 5569/6/6
f 5569/3/6 5558/3/6 5570/3/6
f 5568/3/6 5569/3/6 5571/3/6
f 5571/3/6 5569/3/6 5572/3/6
f 5573/9/6 5574/9/6 5577/9/6
f 5577/9/6 5574/9/6 5578/9/6
f 5575/9/6 5576/9/6 5581/9/6
f 5581/9/6 5576/9/6 5582/9/6
f 5579/9/6 5580/9/6 5583/9/6
f 5583/9/6 5580/9/6 5584/9/6
f 5585/9/6 5586/9/6 5589/9/6
f 5589/9/6 5586/9/6 5590/9/6
f 5587/9/6 5588/9/6 5591/9/6
f 5591/9/6 5588/9/6 5592/9/6
f 5593/9/6 5594/9/6 5595/9/6
f 5595/9/6 5594/9/6 5596/9/6
f 5597/8/6 5598/8/6 5602/8/6
f 5602/8/6 5598/8/6 5603/8/6
f 5599/8/6 5600/8/6 5604/8/6
f 5604/8/6 5600/8/6 5605/8/6
f 5601/8/6 5602/8/6 5608/8/6
f 5608/8/6 5602/8/6 5609/8/6
f 5605/8/6 5606/8/6 5610/8/6
f 5610/8/6 5606/8/6 5611/8/6
f 5607/8/6 5608/8/6 5614/8/6
f 5614/8/6 5608/8/6 5615/8/6
f 5611/8/6 5612/8/6 5616/8/6
f 5616/8/6 5612/8/6 5617/8/6
f 5613/8/6 5614/8/6 5619/8/6
f 5619/8/6 5614/8/6 5620/8/6
f 5617/8/6 5618/8/6 5621/8/6
f 5621/8/6 5618/8/6 5622/8/6
f 5623/8/6 5624/8/6 5627/8/6
f 5627/8/6 5624/8/6 5628/8/6
f 5625/8/6 5626/8/6 5629/8/6
f 5629/8/6 5626/8/6 5630/8/6
f 5631/6/6 5632/6/6 5634/6/6
f 5634/6/6 5632/6/6 5635/6/6
f 5633/8/6 5634/8/6 5638/8/6
f 5635/8/6 5636/8/6 5639/8/6
f 5637/8/6 5638/8/6 5641/8/6
f 5638/8/6 5634/8/6 5641/8/6
f 5641/8/6 5634/8/6 5642/8/6
f 5639/8/6 5640/8/6 5643/8/6
f 5635/8/6 5639/8/6 5643/8/6
f 5643/8/6 5640/8/6 5644/8/6
f 5637/8/6 5641/8/6 5646/8/6
f 5646/8/6 5641/8/6 5647/8/6
f 5644/8/6 5640/8/6 5648/8/6
f 5648/8/6 5640/8/6 5649/8/6
f 5645/8/6 5646/8/6 5652/8/6
f 5652/8/6 5646/8/6 5653/8/6
f 5649/8/6 5650/8/6 5654/8/6
f 5654/8/6 5650/8/6 5655/8/6
f 5651/8/6 5652/8/6 5658/8/6
f 5658/8/6 5652/8/6 5659/8/6
f 5655/8/6 5656/8/6 5660/8/6
f 5660/8/6 5656/8/6 5661/8/6
f 5657/8/6 5658/8/6 5664/8/6
f 5664/8/6 5658/8/6 5665/8/6
f 5661/8/6 5662/8/6 5666/8/6
f 5666/8/6 5662/8/6 5667/8/6
f 5663/8/6 5664/8/6 5669/8/6
f 5669/8/6 5664/8/6 5670/8/6
f 5667/8/6 5668/8/6 5673/8/6
f 5673/8/6 5668/8/6 5674/8/6
f 5670/8/6 5671/8/6 5675/8/6
f 5675/8/6 5671/8/6 5676/8/6
f 5672/8/6 5673/8/6 5679/8/6
f 5679/8/6 5673/8/6 5680/8/6
f 5676/8/6 5677/8/6 5681/8/6
f 5681/8/6 5677/8/6 5682/8/6
f 5678/8/6 5679/8/6 5685/8/6
f 5685/8/6 5679/8/6 5686/8/6
f 5682/8/6 5683/8/6 5687/8/6
f 5687/8/6 5683/8/6 5688/8/6
f 5684/8/6 5685/8/6 5689/8/6
f 5689/8/6 5685/8/6 5690/8/6
f 5691/8/6 5692/8/6 5694/8/6
f 5694/8/6 5692/8/6 5695/8/6
f 5693/8/6 5694/8/6 5698/8/6
f 5698/8/6 5694/8/6 5699/8/6
f 5695/8/6 5696/8/6 5700/8/6
f 5700/8/6 5696/8/6 5701/8/6
f 5697/8/6 5698/8/6 5704/8/6
f 5704/8/6 5698/8/6 5705/8/6
f 5701/8/6 5702/8/6 5706/8/6
f 5706/8/6 5702/8/6 5707/8/6
f 5703/8/6 5704/8/6 5710/8/6
f 5710/8/6 5704/8/6 5711/8/6
f 5707/8/6 5708/8/6 5712/8/6
f 5712/8/6 5708/8/6 5713/8/6
f 5709/8/6 5710/8/6 5715/8/6
f 5715/8/6 5710/8/6 5716/8/6
f 5713/8/6 5714/8/6 5717/8/6
f 5717/8/6 5714/8/6 5718/8/6
f 5719/8/6 5720/8/6 5723/8/6
f 5723/8/6 5720/8/6 5724/8/6
f 5721/8/6 5722/8/6 5727/8/6
f 5727/8/6 5722/8/6 5728/8/6
f 5724/8/6 5725/8/6 5729/8/6
f 5729/8/6 5725/8/6 5730/8/6
f 5726/8/6 5727/8/6 5733/8/6
f 5733/8/6 5727/8/6 5734/8/6
f 5730/8/6 5731/8/6 5735/8/6
f 5735/8/6 5731/8/6 5736/8/6
f 5732/8/6 5733/8/6 5737/8/6
f 5737/8/6 5733/8/6 5738/8/6
f 5739/8/6 5740/8/6 5742/8/6
f 5742/8/6 5740/8/6 5743/8/6
f 5743/8/6 5740/8/6 5744/8/6
f 5744/8/6 5740/8/6 5745/8/6
f 5741/8/6 5742/8/6 5748/8/6
f 5742/8/6 5743/8/6 5748/8/6
f 5748/8/6 5743/8/6 5749/8/6
f 5749/8/6 5743/8/6 5750/8/6
f 5744/8/6 5745/8/6 5751/8/6
f 5745/8/6 5746/8/6 5751/8/6
f 5751/8/6 5746/8/6 5752/8/6
f 5752/8/6 5746/8/6 5753/8/6
f 5748/8/6 5749/8/6 5755/8/6
f 5747/8/6 5748/8/6 5755/8/6
f 5755/8/6 5749/8/6 5756/8/6
f 5753/8/6 5754/8/6 5757/8/6
f 5752/8/6 5753/8/6 5757/8/6
f 5757/8/6 5754/8/6 5758/8/6
f 5759/8/6 5760/8/6 5763/8/6
f 5763/8/6 5760/8/6 5764/8/6
f 5761/8/6 5762/8/6 5765/8/6
f 5765/8/6 5762/8/6 5766/8/6
f 5767/8/6 5768/8/6 5771/8/6
f 5771/8/6 5768/8/6 5772/8/6
f 5769/8/6 5770/8/6 5775/8/6
f 5775/8/6 5770/8/6 5776/8/6
f 5772/8/6 5773/8/6 5777/8/6
f 5777/8/6 5773/8/6 5778/8/6
f 5774/8/6 5775/8/6 5779/8/6
f 5779/8/6 5775/8/6 5780/8/6
f 5781/8/6 5782/8/6 5784/8/6
f 5784/8/6 5782/8/6 5785/8/6
f 5783/8/6 5784/8/6 5787/8/6
f 5787/8/6 5784/8/6 5788/8/6
f 5785/8/6 5786/8/6 5789/8/6
f 5789/8/6 5786/8/6 5790/8/6
f 5791/8/6 5792/8/6 5795/8/6
f 5795/8/6 5792/8/6 5796/8/6
f 5793/8/6 5794/8/6 5797/8/6
f 5797/8/6 5794/8/6 5798/8/6
f 5799/8/6 5800/8/6 5801/8/6
f 5801/8/6 5800/8/6 5802/8/6
f 5803/8/6 5804/8/6 5807/8/6
f 5807/8/6 5804/8/6 5808/8/6
f 5805/8/6 5806/8/6 5811/8/6
f 5811/8/6 5806/8/6 5812/8/6
f 5809/8/6 5810/8/6 5813/8/6
f 5813/8/6 5810/8/6 5814/8/6
f 5815/8/6 5816/8/6 5819/8/6
f 5819/8/6 5816/8/6 5820/8/6
f 5817/8/6 5818/8/6 5821/8/6
f 5821/8/6 5818/8/6 5822/8/6
f 5823/8/6 5824/8/6 5828/8/6
f 5828/8/6 5824/8/6 5829/8/6
f 5825/8/6 5826/8/6 5830/8/6
f 5830/8/6 5826/8/6 5831/8/6
f 5827/8/6 5828/8/6 5833/8/6
f 5831/8/6 5832/8/6 5834/8/6
f 5833/8/6 5828/8/6 5835/8/6
f 5835/8/6 5828/8/6 5836/8/6
f 5831/8/6 5834/8/6 5837/8/6
f 5837/8/6 5834/8/6 5838/8/6
f 5839/8/6 5840/8/6 5841/8/6
f 5841/8/6 5840/8/6 5842/8/6
f 5843/8/6 5844/8/6 5846/8/6
f 5846/8/6 5844/8/6 5847/8/6
f 5845/8/6 5846/8/6 5851/8/6
f 5846/8/6 5847/8/6 5851/8/6
f 5847/8/6 5848/8/6 5851/8/6
f 5851/8/6 5848/8/6 5852/8/6
f 5852/8/6 5848/8/6 5853/8/6
f 5853/8/6 5848/8/6 5854/8/6
f 5849/8/6 5850/8/6 5857/8/6
f 5857/8/6 5850/8/6 5858/8/6
f 5845/8/6 5851/8/6 5859/8/6
f 5859/8/6 5851/8/6 5860/8/6
f 5860/8/6 5851/8/6 5861/8/6
f 5852/8/6 5853/8/6 5862/8/6
f 5862/8/6 5853/8/6 5863/8/6
f 5854/8/6 5848/8/6 5864/8/6
f 5864/8/6 5848/8/6 5865/8/6
f 5865/8/6 5848/8/6 5866/8/6
f 5855/8/6 5856/8/6 5867/8/6
f 5867/8/6 5856/8/6 5868/8/6
f 5862/8/6 5863/8/6 5870/8/6
f 5861/8/6 5862/8/6 5870/8/6
f 5863/8/6 5864/8/6 5870/8/6
f 5870/8/6 5864/8/6 5871/8/6
f 5869/8/6 5870/8/6 5873/8/6
f 5871/8/6 5872/8/6 5873/8/6
f 5870/8/6 5871/8/6 5873/8/6
f 5873/8/6 5872/8/6 5874/8/6
f 5875/8/6 5876/8/6 5883/8/6
f 5883/8/6 5876/8/6 5884/8/6
f 5877/8/6 5878/8/6 5886/8/6
f 5886/8/6 5878/8/6 5887/8/6
f 5879/8/6 5880/8/6 5888/8/6
f 5888/8/6 5880/8/6 5889/8/6
f 5881/8/6 5882/8/6 5891/8/6
f 5891/8/6 5882/8/6 5892/8/6
f 5885/8/6 5886/8/6 5894/8/6
f 5894/8/6 5886/8/6 5895/8/6
f 5889/8/6 5890/8/6 5896/8/6
f 5896/8/6 5890/8/6 5897/8/6
f 5893/8/6 5894/8/6 5899/8/6
f 5899/8/6 5894/8/6 5900/8/6
f 5897/8/6 5898/8/6 5901/8/6
f 5901/8/6 5898/8/6 5902/8/6
f 5903/8/6 5904/8/6 5908/8/6
f 5908/8/6 5904/8/6 5909/8/6
f 5905/8/6 5906/8/6 5910/8/6
f 5910/8/6 5906/8/6 5911/8/6
f 5907/8/6 5908/8/6 5914/8/6
f 5914/8/6 5908/8/6 5915/8/6
f 5911/8/6 5912/8/6 5916/8/6
f 5916/8/6 5912/8/6 5917/8/6
f 5913/8/6 5914/8/6 5919/8/6
f 5919/8/6 5914/8/6 5920/8/6
f 5917/8/6 5918/8/6 5921/8/6
f 5921/8/6 5918/8/6 5922/8/6
f 5923/8/6 5924/8/6 5928/8/6
f 5928/8/6 5924/8/6 5929/8/6
f 5925/8/6 5926/8/6 5930/8/6
f 5930/8/6 5926/8/6 5931/8/6
f 5927/8/6 5928/8/6 5934/8/6
f 5934/8/6 5928/8/6 5935/8/6
f 5931/8/6 5932/8/6 5936/8/6
f 5936/8/6 5932/8/6 5937/8/6
f 5933/8/6 5934/8/6 5939/8/6
f 5939/8/6 5934/8/6 5940/8/6
f 5937/8/6 5938/8/6 5941/8/6
f 5941/8/6 5938/8/6 5942/8/6
f 5943/8/6 5944/8/6 5948/8/6
f 5948/8/6 5944/8/6 5949/8/6
f 5945/8/6 5946/8/6 5950/8/6
f 5950/8/6 5946/8/6 5951/8/6
f 5947/8/6 5948/8/6 5953/8/6
f 5953/8/6 5948/8/6 5954/8/6
f 5951/8/6 5952/8/6 5955/8/6
f 5955/8/6 5952/8/6 5956/8/6
f 5957/9/6 5958/9/6 5962/9/6
f 5962/9/6 5958/9/6 5963/9/6
f 5959/9/6 5960/9/6 5964/9/6
f 5964/9/6 5960/9/6 5965/9/6
f 5961/9/6 5962/9/6 5967/9/6
f 5967/9/6 5962/9/6 5968/9/6
f 5965/9/6 5966/9/6 5969/9/6
f 5969/9/6 5966/9/6 5970/9/6
f 5971/9/6 5972/9/6 5975/9/6
f 5975/9/6 5972/9/6 5976/9/6
f 5973/9/6 5974/9/6 5977/9/6
f 5977/9/6 5974/9/6 5978/9/6
f 5979/9/6 5980/9/6 5983/9/6
f 5983/9/6 5980/9/6 5984/9/6
f 5981/9/6 5982/9/6 5985/9/6
f 5985/9/6 5982/9/6 5986/9/6
