# MagicaVoxel @ Ephtracy

# group
o 

# material
mtllib COmpagnion.vox.mtl
usemtl palette

# normals
vn -1 0 0
vn 1 0 0
vn 0 0 1
vn 0 0 -1
vn 0 -1 0
vn 0 1 0

# texcoords
vt 0.310547 0.5
vt 0.314453 0.5
vt 0.330078 0.5
vt 0.333984 0.5
vt 0.337891 0.5
vt 0.341797 0.5
vt 0.345703 0.5
vt 0.349609 0.5
vt 0.353516 0.5
vt 0.365234 0.5
vt 0.369141 0.5
vt 0.373047 0.5
vt 0.494141 0.5
vt 0.498047 0.5
vt 0.505859 0.5
vt 0.509766 0.5
vt 0.517578 0.5
vt 0.521484 0.5
vt 0.533203 0.5
vt 0.537109 0.5
vt 0.587891 0.5
vt 0.591797 0.5
vt 0.693359 0.5
vt 0.701172 0.5
vt 0.958984 0.5
vt 0.966797 0.5
vt 0.994141 0.5

# verts
v -1.3 1.2 0.8
v -1.3 1.2 0.7
v -1.3 1.3 0.9
v -1.3 1.3 0.8
v -1.3 1.3 0.7
v -1.3 1.3 -0.6
v -1.3 1.3 -0.7
v -1.3 1.3 -0.9
v -1.3 1.4 1
v -1.3 1.4 0.9
v -1.3 1.4 0.8
v -1.3 1.4 0.7
v -1.3 1.4 -0.6
v -1.3 1.4 -0.7
v -1.3 1.4 -0.9
v -1.3 1.4 -1
v -1.3 1.5 1
v -1.3 1.5 0.9
v -1.3 1.5 0.7
v -1.3 1.5 -0.7
v -1.3 1.5 -0.9
v -1.3 1.5 -1
v -1.3 1.8 0.2
v -1.3 1.8 0.1
v -1.3 1.8 1.19209e-07
v -1.3 1.8 -0.0999999
v -1.3 1.8 -0.2
v -1.3 1.9 0.4
v -1.3 1.9 0.2
v -1.3 1.9 0.1
v -1.3 1.9 1.19209e-07
v -1.3 1.9 -0.0999999
v -1.3 1.9 -0.2
v -1.3 1.9 -0.4
v -1.3 2 0.1
v -1.3 2 -0.0999999
v -1.3 2.1 0.4
v -1.3 2.1 0.1
v -1.3 2.1 -0.4
v -1.3 2.2 0.4
v -1.3 2.2 -0.4
v -1.3 2.3 0.4
v -1.3 2.3 -0.2
v -1.3 2.3 -0.3
v -1.3 2.3 -0.4
v -1.3 2.4 0.4
v -1.3 2.4 0.1
v -1.3 2.4 -0.2
v -1.3 2.4 -0.3
v -1.3 2.4 -0.4
v -1.3 2.5 0.4
v -1.3 2.5 0.1
v -1.3 2.5 -0.0999999
v -1.3 2.5 -0.4
v -1.3 2.6 0.4
v -1.3 2.6 -0.0999999
v -1.3 2.6 -0.4
v -1.2 1.1 0.8
v -1.2 1.1 0.7
v -1.2 1.1 0.6
v -1.2 1.1 -0.5
v -1.2 1.1 -0.6
v -1.2 1.2 0.9
v -1.2 1.2 0.8
v -1.2 1.2 0.7
v -1.2 1.2 -0.5
v -1.2 1.2 -0.6
v -1.2 1.2 -0.8
v -1.2 1.3 1
v -1.2 1.3 0.9
v -1.2 1.3 0.8
v -1.2 1.3 0.7
v -1.2 1.3 -0.5
v -1.2 1.3 -0.6
v -1.2 1.3 -0.7
v -1.2 1.3 -0.8
v -1.2 1.3 -0.9
v -1.2 1.3 -1
v -1.2 1.4 1.1
v -1.2 1.4 1
v -1.2 1.4 0.9
v -1.2 1.4 0.8
v -1.2 1.4 0.7
v -1.2 1.4 0.6
v -1.2 1.4 -0.5
v -1.2 1.4 -0.6
v -1.2 1.4 -0.7
v -1.2 1.4 -0.9
v -1.2 1.4 -1
v -1.2 1.4 -1.1
v -1.2 1.5 1.1
v -1.2 1.5 1
v -1.2 1.5 0.9
v -1.2 1.5 -0.6
v -1.2 1.5 -0.7
v -1.2 1.5 -0.9
v -1.2 1.5 -1
v -1.2 1.5 -1.1
v -1.2 1.6 1
v -1.2 1.6 0.9
v -1.2 1.6 -0.9
v -1.2 1.6 -1
v -1.2 1.7 0.3
v -1.2 1.7 -0.2
v -1.2 1.7 -0.3
v -1.2 1.8 0.5
v -1.2 1.8 0.3
v -1.2 1.8 0.2
v -1.2 1.8 0.1
v -1.2 1.8 1.19209e-07
v -1.2 1.8 -0.0999999
v -1.2 1.8 -0.2
v -1.2 1.8 -0.3
v -1.2 1.8 -0.5
v -1.2 1.9 0.6
v -1.2 1.9 0.5
v -1.2 1.9 0.4
v -1.2 1.9 0.3
v -1.2 1.9 0.2
v -1.2 1.9 -0.2
v -1.2 1.9 -0.4
v -1.2 1.9 -0.5
v -1.2 1.9 -0.6
v -1.2 2 0.6
v -1.2 2 0.4
v -1.2 2 -0.5
v -1.2 2 -0.6
v -1.2 2.1 0.6
v -1.2 2.1 0.4
v -1.2 2.1 0.2
v -1.2 2.1 0.1
v -1.2 2.1 -0.2
v -1.2 2.1 -0.3
v -1.2 2.1 -0.4
v -1.2 2.1 -0.6
v -1.2 2.2 0.6
v -1.2 2.2 0.4
v -1.2 2.2 0.2
v -1.2 2.2 -0.2
v -1.2 2.2 -0.3
v -1.2 2.2 -0.4
v -1.2 2.2 -0.6
v -1.2 2.3 0.6
v -1.2 2.3 0.4
v -1.2 2.3 -0.4
v -1.2 2.3 -0.5
v -1.2 2.3 -0.6
v -1.2 2.4 0.6
v -1.2 2.4 0.4
v -1.2 2.4 -0.4
v -1.2 2.4 -0.5
v -1.2 2.4 -0.6
v -1.2 2.5 0.6
v -1.2 2.5 0.5
v -1.2 2.5 0.4
v -1.2 2.5 -0.4
v -1.2 2.5 -0.5
v -1.2 2.5 -0.6
v -1.2 2.6 0.6
v -1.2 2.6 0.5
v -1.2 2.6 0.4
v -1.2 2.6 -0.0999999
v -1.2 2.6 -0.4
v -1.2 2.6 -0.5
v -1.2 2.6 -0.6
v -1.2 2.7 0.4
v -1.2 2.7 1.19209e-07
v -1.2 2.8 0.4
v -1.2 2.8 1.19209e-07
v -1.2 2.8 -0.4
v -1.2 2.9 0.3
v -1.2 2.9 0.1
v -1.2 2.9 -0.3
v -1.2 2.9 -0.4
v -1.2 3 0.4
v -1.2 3 0.3
v -1.2 3 0.1
v -1.2 3 1.19209e-07
v -1.2 3 -0.0999999
v -1.2 3 -0.3
v -1.2 3 -0.4
v -1.2 3.1 0.4
v -1.2 3.1 -0.0999999
v -1.2 3.1 -0.3
v -1.2 3.1 -0.4
v -1.2 3.4 0.4
v -1.2 3.4 -0.4
v -1.2 3.5 0.4
v -1.2 3.5 0.2
v -1.2 3.5 -0.4
v -1.2 3.6 0.4
v -1.2 3.6 0.2
v -1.2 3.6 -0.4
v -1.1 0.9 0.8
v -1.1 0.9 0.7
v -1.1 1.1 0.9
v -1.1 1.1 0.8
v -1.1 1.1 0.7
v -1.1 1.1 -0.6
v -1.1 1.1 -0.7
v -1.1 1.2 1
v -1.1 1.2 0.9
v -1.1 1.2 0.8
v -1.1 1.2 0.6
v -1.1 1.2 0.5
v -1.1 1.2 -0.5
v -1.1 1.2 -0.6
v -1.1 1.2 -0.7
v -1.1 1.2 -0.8
v -1.1 1.2 -1
v -1.1 1.3 1.1
v -1.1 1.3 1
v -1.1 1.3 0.9
v -1.1 1.3 -0.5
v -1.1 1.3 -0.6
v -1.1 1.3 -0.8
v -1.1 1.3 -1
v -1.1 1.3 -1.2
v -1.1 1.4 1.2
v -1.1 1.4 1.1
v -1.1 1.4 1
v -1.1 1.4 0.7
v -1.1 1.4 0.6
v -1.1 1.4 -0.5
v -1.1 1.4 -0.6
v -1.1 1.4 -1
v -1.1 1.4 -1.1
v -1.1 1.4 -1.2
v -1.1 1.5 1.2
v -1.1 1.5 1.1
v -1.1 1.5 1
v -1.1 1.5 0.9
v -1.1 1.5 0.7
v -1.1 1.5 0.6
v -1.1 1.5 0.5
v -1.1 1.5 -0.6
v -1.1 1.5 -0.7
v -1.1 1.5 -0.9
v -1.1 1.5 -1
v -1.1 1.5 -1.1
v -1.1 1.5 -1.2
v -1.1 1.6 1.1
v -1.1 1.6 1
v -1.1 1.6 0.9
v -1.1 1.6 0.8
v -1.1 1.6 0.6
v -1.1 1.6 0.2
v -1.1 1.6 0.1
v -1.1 1.6 -0.2
v -1.1 1.6 -0.5
v -1.1 1.6 -0.6
v -1.1 1.6 -0.8
v -1.1 1.6 -0.9
v -1.1 1.6 -1
v -1.1 1.6 -1.1
v -1.1 1.7 1
v -1.1 1.7 0.8
v -1.1 1.7 0.6
v -1.1 1.7 0.5
v -1.1 1.7 0.3
v -1.1 1.7 0.2
v -1.1 1.7 0.1
v -1.1 1.7 -0.2
v -1.1 1.7 -0.3
v -1.1 1.7 -0.4
v -1.1 1.7 -0.5
v -1.1 1.7 -0.8
v -1.1 1.7 -0.9
v -1.1 1.8 0.7
v -1.1 1.8 0.6
v -1.1 1.8 0.5
v -1.1 1.8 0.3
v -1.1 1.8 -0.3
v -1.1 1.8 -0.4
v -1.1 1.8 -0.5
v -1.1 1.9 0.8
v -1.1 1.9 0.7
v -1.1 1.9 0.6
v -1.1 1.9 0.5
v -1.1 1.9 -0.6
v -1.1 1.9 -0.8
v -1.1 2 0.8
v -1.1 2 0.7
v -1.1 2 0.6
v -1.1 2 -0.6
v -1.1 2 -0.8
v -1.1 2.1 0.6
v -1.1 2.1 0.5
v -1.1 2.1 0.4
v -1.1 2.1 -0.4
v -1.1 2.1 -0.5
v -1.1 2.1 -0.6
v -1.1 2.2 0.8
v -1.1 2.2 0.6
v -1.1 2.2 0.5
v -1.1 2.2 0.4
v -1.1 2.2 -0.4
v -1.1 2.2 -0.5
v -1.1 2.2 -0.6
v -1.1 2.2 -0.8
v -1.1 2.3 0.8
v -1.1 2.3 0.6
v -1.1 2.3 -0.6
v -1.1 2.3 -0.7
v -1.1 2.3 -0.8
v -1.1 2.4 0.8
v -1.1 2.4 0.6
v -1.1 2.4 -0.6
v -1.1 2.4 -0.7
v -1.1 2.4 -0.8
v -1.1 2.5 0.8
v -1.1 2.5 0.6
v -1.1 2.5 -0.6
v -1.1 2.6 0.8
v -1.1 2.6 0.6
v -1.1 2.6 0.5
v -1.1 2.6 0.4
v -1.1 2.6 -0.4
v -1.1 2.6 -0.5
v -1.1 2.6 -0.6
v -1.1 2.6 -0.8
v -1.1 2.7 0.6
v -1.1 2.7 0.4
v -1.1 2.7 -0.4
v -1.1 2.7 -0.5
v -1.1 2.8 0.4
v -1.1 2.8 -0.4
v -1.1 2.9 -0.4
v -1.1 3 0.4
v -1.1 3 -0.4
v -1.1 3 -0.5
v -1.1 3.1 0.6
v -1.1 3.1 0.4
v -1.1 3.1 1.19209e-07
v -1.1 3.1 -0.0999999
v -1.1 3.1 -0.3
v -1.1 3.1 -0.4
v -1.1 3.1 -0.5
v -1.1 3.2 0.4
v -1.1 3.2 0.2
v -1.1 3.2 0.1
v -1.1 3.2 1.19209e-07
v -1.1 3.2 -0.0999999
v -1.1 3.2 -0.3
v -1.1 3.2 -0.4
v -1.1 3.3 0.2
v -1.1 3.3 0.1
v -1.1 3.3 1.19209e-07
v -1.1 3.3 -0.3
v -1.1 3.3 -0.4
v -1.1 3.3 -0.5
v -1.1 3.4 0.6
v -1.1 3.4 0.4
v -1.1 3.4 -0.4
v -1.1 3.4 -0.5
v -1.1 3.4 -0.6
v -1.1 3.5 0.6
v -1.1 3.5 0.4
v -1.1 3.5 -0.4
v -1.1 3.5 -0.5
v -1.1 3.6 0.6
v -1.1 3.6 0.4
v -1.1 3.6 0.2
v -1.1 3.6 -0.4
v -1.1 3.6 -0.5
v -1.1 3.6 -0.6
v -1.1 3.7 0.4
v -1.1 3.7 -0.4
v -1.1 3.8 0.4
v -1.1 3.8 0.2
v -1.1 3.8 -0.2
v -1.1 3.8 -0.4
v -1.1 3.9 0.2
v -1.1 3.9 -0.2
v -1 0.8 0.9
v -1 0.8 0.8
v -1 0.9 1
v -1 0.9 0.9
v -1 0.9 0.8
v -1 0.9 0.7
v -1 0.9 0.6
v -1 0.9 -0.5
v -1 0.9 -0.6
v -1 0.9 -0.9
v -1 1 0.7
v -1 1 0.6
v -1 1.1 1.1
v -1 1.1 1
v -1 1.1 0.9
v -1 1.1 0.8
v -1 1.1 0.7
v -1 1.1 0.6
v -1 1.1 0.5
v -1 1.1 -0.5
v -1 1.1 -0.6
v -1 1.1 -0.7
v -1 1.1 -0.9
v -1 1.1 -1.1
v -1 1.2 1.2
v -1 1.2 1.1
v -1 1.2 1
v -1 1.2 0.9
v -1 1.2 0.6
v -1 1.2 0.5
v -1 1.2 0.4
v -1 1.2 -0.4
v -1 1.2 -0.5
v -1 1.2 -0.7
v -1 1.2 -1
v -1 1.2 -1.1
v -1 1.2 -1.3
v -1 1.3 1.3
v -1 1.3 1.2
v -1 1.3 1.1
v -1 1.3 1
v -1 1.3 -0.4
v -1 1.3 -0.5
v -1 1.3 -1
v -1 1.3 -1.2
v -1 1.3 -1.3
v -1 1.4 1.2
v -1 1.4 1.1
v -1 1.4 0.3
v -1 1.4 0.2
v -1 1.4 -0.2
v -1 1.4 -0.3
v -1 1.5 1.3
v -1 1.5 1.2
v -1 1.5 1.1
v -1 1.5 0.6
v -1 1.5 0.5
v -1 1.5 0.4
v -1 1.5 0.3
v -1 1.5 0.2
v -1 1.5 -0.2
v -1 1.5 -0.3
v -1 1.5 -0.4
v -1 1.5 -0.5
v -1 1.5 -1.1
v -1 1.5 -1.2
v -1 1.6 1.2
v -1 1.6 1.1
v -1 1.6 1
v -1 1.6 0.8
v -1 1.6 0.6
v -1 1.6 0.5
v -1 1.6 0.4
v -1 1.6 0.2
v -1 1.6 -0.2
v -1 1.6 -0.5
v -1 1.6 -0.6
v -1 1.6 -0.8
v -1 1.6 -0.9
v -1 1.6 -1
v -1 1.6 -1.1
v -1 1.6 -1.2
v -1 1.7 1.1
v -1 1.7 1
v -1 1.7 0.9
v -1 1.7 0.8
v -1 1.7 0.7
v -1 1.7 0.6
v -1 1.7 0.5
v -1 1.7 0.4
v -1 1.7 0.3
v -1 1.7 0.2
v -1 1.7 -0.2
v -1 1.7 -0.4
v -1 1.7 -0.5
v -1 1.7 -0.6
v -1 1.7 -0.8
v -1 1.7 -0.9
v -1 1.7 -1
v -1 1.8 0.9
v -1 1.8 0.8
v -1 1.8 0.7
v -1 1.8 -0.5
v -1 1.8 -0.6
v -1 1.8 -0.7
v -1 1.8 -0.8
v -1 1.8 -0.9
v -1 1.9 0.9
v -1 1.9 0.8
v -1 1.9 -0.5
v -1 1.9 -0.6
v -1 1.9 -0.7
v -1 1.9 -0.8
v -1 1.9 -0.9
v -1 2 0.9
v -1 2 0.8
v -1 2 0.7
v -1 2 0.6
v -1 2 -0.6
v -1 2 -0.8
v -1 2 -0.9
v -1 2.1 0.8
v -1 2.1 0.7
v -1 2.1 0.6
v -1 2.1 -0.6
v -1 2.1 -0.8
v -1 2.2 0.9
v -1 2.2 0.8
v -1 2.2 0.6
v -1 2.2 -0.6
v -1 2.2 -0.8
v -1 2.2 -0.9
v -1 2.3 0.9
v -1 2.3 0.8
v -1 2.3 -0.8
v -1 2.3 -0.9
v -1 2.4 0.9
v -1 2.4 0.8
v -1 2.4 -0.8
v -1 2.4 -0.9
v -1 2.5 0.9
v -1 2.5 0.8
v -1 2.6 0.9
v -1 2.6 0.8
v -1 2.6 0.6
v -1 2.6 -0.6
v -1 2.6 -0.8
v -1 2.6 -0.9
v -1 2.7 0.7
v -1 2.7 0.6
v -1 2.8 0.7
v -1 2.8 0.6
v -1 2.9 0.7
v -1 2.9 0.6
v -1 2.9 -0.6
v -1 2.9 -0.7
v -1 3 0.8
v -1 3 0.7
v -1 3 0.6
v -1 3.1 0.8
v -1 3.1 0.6
v -1 3.1 0.5
v -1 3.1 0.4
v -1 3.1 -0.4
v -1 3.1 -0.5
v -1 3.2 0.6
v -1 3.2 0.5
v -1 3.2 0.4
v -1 3.2 -0.4
v -1 3.3 0.5
v -1 3.3 0.4
v -1 3.3 -0.4
v -1 3.3 -0.5
v -1 3.3 -0.7
v -1 3.3 -0.8
v -1 3.4 0.8
v -1 3.4 0.7
v -1 3.4 0.6
v -1 3.4 0.4
v -1 3.4 -0.6
v -1 3.4 -0.8
v -1 3.5 0.8
v -1 3.5 0.7
v -1 3.5 0.6
v -1 3.5 -0.7
v -1 3.5 -0.8
v -1 3.6 0.8
v -1 3.6 0.6
v -1 3.6 0.4
v -1 3.6 -0.4
v -1 3.6 -0.5
v -1 3.6 -0.6
v -1 3.6 -0.7
v -1 3.6 -0.8
v -1 3.7 0.6
v -1 3.7 0.4
v -1 3.7 -0.4
v -1 3.7 -0.6
v -1 3.8 0.6
v -1 3.8 0.5
v -1 3.8 0.4
v -1 3.8 0.3
v -1 3.8 0.2
v -1 3.8 -0.2
v -1 3.8 -0.4
v -1 3.8 -0.5
v -1 3.8 -0.6
v -1 3.9 0.5
v -1 3.9 0.3
v -1 3.9 0.2
v -1 3.9 0.1
v -1 3.9 1.19209e-07
v -1 3.9 -0.0999999
v -1 3.9 -0.2
v -1 3.9 -0.3
v -1 3.9 -0.5
v -1 4 0.3
v -1 4 0.1
v -1 4 1.19209e-07
v -1 4 -0.0999999
v -1 4 -0.3
v -0.9 0.8 1
v -0.9 0.8 0.9
v -0.9 0.8 -0.7
v -0.9 0.8 -0.8
v -0.9 0.9 1.1
v -0.9 0.9 1
v -0.9 0.9 0.9
v -0.9 0.9 -0.7
v -0.9 0.9 -0.8
v -0.9 0.9 -0.9
v -0.9 0.9 -1
v -0.9 1 0.6
v -0.9 1 0.5
v -0.9 1 -1
v -0.9 1 -1.1
v -0.9 1.1 1.2
v -0.9 1.1 1.1
v -0.9 1.1 1
v -0.9 1.1 0.6
v -0.9 1.1 0.5
v -0.9 1.1 -0.9
v -0.9 1.1 -1.1
v -0.9 1.1 -1.3
v -0.9 1.2 1.3
v -0.9 1.2 1.2
v -0.9 1.2 1.1
v -0.9 1.2 -1.1
v -0.9 1.2 -1.3
v -0.9 1.3 1.3
v -0.9 1.3 1.2
v -0.9 1.3 0.4
v -0.9 1.3 0.3
v -0.9 1.3 0.2
v -0.9 1.3 -0.2
v -0.9 1.4 0.4
v -0.9 1.4 0.3
v -0.9 1.4 0.2
v -0.9 1.4 -0.2
v -0.9 1.4 -0.3
v -0.9 1.4 -0.4
v -0.9 1.5 0.5
v -0.9 1.5 0.4
v -0.9 1.5 0.3
v -0.9 1.5 0.2
v -0.9 1.5 1.19209e-07
v -0.9 1.5 -0.2
v -0.9 1.5 -0.3
v -0.9 1.5 -0.4
v -0.9 1.5 -0.5
v -0.9 1.6 0.5
v -0.9 1.6 0.4
v -0.9 1.6 0.2
v -0.9 1.6 1.19209e-07
v -0.9 1.6 -0.3
v -0.9 1.6 -0.4
v -0.9 1.6 -0.5
v -0.9 1.7 0.7
v -0.9 1.7 0.6
v -0.9 1.7 -0.5
v -0.9 1.7 -0.6
v -0.9 1.8 1
v -0.9 1.8 0.9
v -0.9 1.8 0.8
v -0.9 1.8 0.7
v -0.9 1.8 0.6
v -0.9 1.8 -0.5
v -0.9 1.8 -0.6
v -0.9 1.8 -0.8
v -0.9 1.8 -0.9
v -0.9 1.8 -1
v -0.9 1.9 1
v -0.9 1.9 0.9
v -0.9 1.9 0.8
v -0.9 1.9 0.7
v -0.9 1.9 -0.8
v -0.9 1.9 -0.9
v -0.9 1.9 -1
v -0.9 2 1
v -0.9 2 0.9
v -0.9 2 0.8
v -0.9 2 -0.8
v -0.9 2 -0.9
v -0.9 2 -1
v -0.9 2.1 1
v -0.9 2.1 0.9
v -0.9 2.1 0.8
v -0.9 2.1 -0.8
v -0.9 2.1 -0.9
v -0.9 2.1 -1
v -0.9 2.2 1
v -0.9 2.2 0.9
v -0.9 2.2 0.8
v -0.9 2.2 -0.8
v -0.9 2.2 -0.9
v -0.9 2.2 -1
v -0.9 2.3 0.9
v -0.9 2.3 -0.9
v -0.9 2.3 -1
v -0.9 2.4 1
v -0.9 2.4 0.9
v -0.9 2.4 -0.9
v -0.9 2.4 -1
v -0.9 2.5 1
v -0.9 2.5 0.9
v -0.9 2.5 -0.9
v -0.9 2.5 -1
v -0.9 2.6 0.9
v -0.9 2.6 0.8
v -0.9 2.6 -0.8
v -0.9 2.6 -0.9
v -0.9 2.7 0.9
v -0.9 2.7 0.8
v -0.9 2.7 -0.8
v -0.9 2.7 -0.9
v -0.9 3 0.9
v -0.9 3 0.8
v -0.9 3.1 0.9
v -0.9 3.1 0.8
v -0.9 3.1 0.6
v -0.9 3.2 0.8
v -0.9 3.2 0.6
v -0.9 3.3 0.8
v -0.9 3.3 0.6
v -0.9 3.3 -0.8
v -0.9 3.4 0.9
v -0.9 3.4 0.8
v -0.9 3.4 0.7
v -0.9 3.4 0.6
v -0.9 3.4 -0.8
v -0.9 3.4 -0.9
v -0.9 3.5 0.9
v -0.9 3.5 0.8
v -0.9 3.5 -0.8
v -0.9 3.5 -0.9
v -0.9 3.6 0.9
v -0.9 3.6 0.8
v -0.9 3.6 0.6
v -0.9 3.6 -0.6
v -0.9 3.6 -0.7
v -0.9 3.6 -0.8
v -0.9 3.6 -0.9
v -0.9 3.7 0.8
v -0.9 3.7 0.6
v -0.9 3.7 -0.6
v -0.9 3.7 -0.8
v -0.9 3.8 0.8
v -0.9 3.8 0.7
v -0.9 3.8 0.6
v -0.9 3.8 0.5
v -0.9 3.8 -0.5
v -0.9 3.8 -0.6
v -0.9 3.8 -0.7
v -0.9 3.8 -0.8
v -0.9 3.9 0.7
v -0.9 3.9 0.6
v -0.9 3.9 0.5
v -0.9 3.9 0.3
v -0.9 3.9 -0.3
v -0.9 3.9 -0.5
v -0.9 3.9 -0.6
v -0.9 3.9 -0.7
v -0.9 4 0.6
v -0.9 4 0.3
v -0.9 4 0.2
v -0.9 4 0.1
v -0.9 4 1.19209e-07
v -0.9 4 -0.0999999
v -0.9 4 -0.2
v -0.9 4 -0.3
v -0.9 4 -0.6
v -0.9 4.1 0.2
v -0.9 4.1 -0.0999999
v -0.9 4.1 -0.2
v -0.8 0.9 -1
v -0.8 0.9 -1.1
v -0.8 1 1.2
v -0.8 1 1.1
v -0.8 1 -1
v -0.8 1 -1.1
v -0.8 1 -1.3
v -0.8 1.1 1.3
v -0.8 1.1 1.2
v -0.8 1.1 1.1
v -0.8 1.1 0.5
v -0.8 1.1 0.4
v -0.8 1.1 -0.4
v -0.8 1.1 -0.5
v -0.8 1.1 -1.1
v -0.8 1.1 -1.3
v -0.8 1.2 1.3
v -0.8 1.2 1.2
v -0.8 1.2 0.5
v -0.8 1.2 0.4
v -0.8 1.2 -0.4
v -0.8 1.2 -0.5
v -0.8 1.3 0.3
v -0.8 1.3 0.2
v -0.8 1.3 -0.2
v -0.8 1.3 -0.3
v -0.8 1.3 -0.4
v -0.8 1.4 0.3
v -0.8 1.4 0.2
v -0.8 1.4 -0.2
v -0.8 1.4 -0.3
v -0.8 1.4 -0.4
v -0.8 1.6 1.1
v -0.8 1.6 1
v -0.8 1.6 -1
v -0.8 1.6 -1.1
v -0.8 1.7 1.1
v -0.8 1.7 1
v -0.8 1.7 0.9
v -0.8 1.7 0.8
v -0.8 1.7 -0.9
v -0.8 1.7 -1
v -0.8 1.7 -1.1
v -0.8 1.8 0.9
v -0.8 1.8 0.8
v -0.8 1.8 -0.9
v -0.8 1.8 -1
v -0.8 2 1
v -0.8 2 0.9
v -0.8 2 -0.9
v -0.8 2 -1
v -0.8 2.1 1.1
v -0.8 2.1 1
v -0.8 2.1 0.9
v -0.8 2.1 -0.9
v -0.8 2.1 -1
v -0.8 2.1 -1.1
v -0.8 2.2 1.1
v -0.8 2.2 1
v -0.8 2.2 -1
v -0.8 2.2 -1.1
v -0.8 2.3 1.1
v -0.8 2.3 1
v -0.8 2.3 -1
v -0.8 2.4 1
v -0.8 2.4 -1
v -0.8 2.4 -1.1
v -0.8 2.5 1.1
v -0.8 2.5 1
v -0.8 2.5 0.9
v -0.8 2.5 -0.9
v -0.8 2.5 -1
v -0.8 2.5 -1.1
v -0.8 2.6 1
v -0.8 2.6 0.9
v -0.8 2.7 0.9
v -0.8 2.7 -0.9
v -0.8 2.7 -1
v -0.8 2.9 -0.9
v -0.8 2.9 -1
v -0.8 3 1.1
v -0.8 3 1
v -0.8 3 0.9
v -0.8 3 -1
v -0.8 3 -1.1
v -0.8 3.1 1.1
v -0.8 3.1 1
v -0.8 3.1 0.9
v -0.8 3.1 0.8
v -0.8 3.1 -0.9
v -0.8 3.1 -1
v -0.8 3.1 -1.1
v -0.8 3.2 1
v -0.8 3.2 0.9
v -0.8 3.2 0.8
v -0.8 3.3 0.9
v -0.8 3.3 0.8
v -0.8 3.3 -0.9
v -0.8 3.3 -1
v -0.8 3.4 1
v -0.8 3.4 0.9
v -0.8 3.4 0.8
v -0.8 3.4 -0.9
v -0.8 3.4 -1
v -0.8 3.5 1
v -0.8 3.5 0.9
v -0.8 3.5 -0.9
v -0.8 3.5 -1
v -0.8 3.6 1
v -0.8 3.6 0.9
v -0.8 3.6 0.8
v -0.8 3.6 -0.8
v -0.8 3.6 -0.9
v -0.8 3.6 -1
v -0.8 3.7 0.9
v -0.8 3.7 0.8
v -0.8 3.7 -0.8
v -0.8 3.7 -0.9
v -0.8 3.8 0.9
v -0.8 3.8 0.8
v -0.8 3.8 0.7
v -0.8 3.8 -0.7
v -0.8 3.8 -0.8
v -0.8 3.8 -0.9
v -0.8 3.9 0.9
v -0.8 3.9 0.7
v -0.8 3.9 0.6
v -0.8 3.9 -0.6
v -0.8 3.9 -0.7
v -0.8 3.9 -0.9
v -0.8 4 0.7
v -0.8 4 0.6
v -0.8 4 0.5
v -0.8 4 0.2
v -0.8 4 -0.2
v -0.8 4 -0.5
v -0.8 4 -0.6
v -0.8 4 -0.7
v -0.8 4.1 0.5
v -0.8 4.1 0.2
v -0.8 4.1 -0.2
v -0.8 4.1 -0.5
v -0.7 1.2 0.4
v -0.7 1.2 0.3
v -0.7 1.3 0.4
v -0.7 1.3 0.3
v -0.7 1.7 1
v -0.7 1.7 0.9
v -0.7 1.7 -1
v -0.7 1.7 -1.1
v -0.7 1.8 1
v -0.7 1.8 0.9
v -0.7 1.8 -1
v -0.7 1.8 -1.1
v -0.7 2.5 1.1
v -0.7 2.5 1
v -0.7 2.5 -1
v -0.7 2.5 -1.1
v -0.7 2.6 1
v -0.7 2.7 -1
v -0.7 2.7 -1.1
v -0.7 2.8 1.1
v -0.7 2.8 1
v -0.7 2.9 -1
v -0.7 3 1.2
v -0.7 3 1.1
v -0.7 3 1
v -0.7 3 -1
v -0.7 3 -1.1
v -0.7 3 -1.2
v -0.7 3.1 1.2
v -0.7 3.1 1.1
v -0.7 3.1 1
v -0.7 3.1 0.9
v -0.7 3.1 -1
v -0.7 3.1 -1.1
v -0.7 3.1 -1.2
v -0.7 3.2 1
v -0.7 3.2 0.9
v -0.7 3.2 -1
v -0.7 3.2 -1.1
v -0.7 3.3 1.1
v -0.7 3.3 1
v -0.7 3.3 -1
v -0.7 3.4 1.1
v -0.7 3.4 1
v -0.7 3.4 -1
v -0.7 3.5 1.1
v -0.7 3.5 1
v -0.7 3.5 -1
v -0.7 3.5 -1.1
v -0.7 3.6 1.1
v -0.7 3.6 1
v -0.7 3.6 0.9
v -0.7 3.6 -0.9
v -0.7 3.6 -1
v -0.7 3.6 -1.1
v -0.7 3.7 0.9
v -0.7 3.7 -0.9
v -0.7 3.7 -1
v -0.7 3.8 1
v -0.7 3.8 0.9
v -0.7 3.8 -0.9
v -0.7 3.8 -1
v -0.6 1.8 1.1
v -0.6 1.8 1
v -0.6 1.8 -1
v -0.6 1.8 -1.1
v -0.6 1.9 1.1
v -0.6 1.9 1
v -0.6 1.9 -1
v -0.6 1.9 -1.1
v -0.6 2 1.1
v -0.6 2 1
v -0.6 2 -1
v -0.6 2 -1.1
v -0.6 3.1 1.2
v -0.6 3.1 1.1
v -0.6 3.1 -1.1
v -0.6 3.1 -1.2
v -0.6 3.2 -1.1
v -0.6 3.3 1.2
v -0.6 3.3 1.1
v -0.6 3.3 -1.1
v -0.6 3.3 -1.2
v -0.6 3.4 1.2
v -0.6 3.4 1.1
v -0.6 3.5 1.2
v -0.6 3.5 1.1
v -0.6 3.5 -1.1
v -0.6 3.5 -1.2
v -0.6 3.6 1.2
v -0.6 3.6 1.1
v -0.6 3.6 1
v -0.6 3.6 -1
v -0.6 3.6 -1.1
v -0.6 3.6 -1.2
v -0.6 3.7 1.1
v -0.6 3.7 1
v -0.6 3.7 -1
v -0.6 3.7 -1.1
v -0.6 3.9 0.8
v -0.6 3.9 0.7
v -0.6 3.9 -0.7
v -0.6 3.9 -0.8
v -0.6 4 0.8
v -0.6 4 0.7
v -0.6 4 0.5
v -0.6 4 0.4
v -0.6 4 0.3
v -0.6 4 -0.3
v -0.6 4 -0.4
v -0.6 4 -0.5
v -0.6 4 -0.7
v -0.6 4 -0.8
v -0.6 4.1 0.5
v -0.6 4.1 0.4
v -0.6 4.1 0.3
v -0.6 4.1 -0.3
v -0.6 4.1 -0.4
v -0.6 4.1 -0.5
v -0.5 1 0.7
v -0.5 1 0.6
v -0.5 1.1 0.7
v -0.5 1.1 0.6
v -0.5 1.1 -0.5
v -0.5 1.1 -0.6
v -0.5 1.2 0.4
v -0.5 1.2 0.3
v -0.5 1.2 -0.4
v -0.5 1.2 -0.5
v -0.5 1.2 -0.6
v -0.5 1.3 0.4
v -0.5 1.3 0.3
v -0.5 1.3 0.2
v -0.5 1.3 -0.4
v -0.5 2 1.1
v -0.5 2 1
v -0.5 2 -1
v -0.5 2 -1.1
v -0.5 2.1 1.2
v -0.5 2.1 1.1
v -0.5 2.1 1
v -0.5 2.1 -1
v -0.5 2.1 -1.1
v -0.5 2.1 -1.2
v -0.5 2.2 1.2
v -0.5 2.2 1.1
v -0.5 2.2 -1.1
v -0.5 2.2 -1.2
v -0.5 2.3 1.2
v -0.5 2.3 1.1
v -0.5 2.3 -1.1
v -0.5 2.3 -1.2
v -0.5 2.5 1.2
v -0.5 2.5 1.1
v -0.5 2.5 -1.1
v -0.5 2.5 -1.2
v -0.5 3.6 1.2
v -0.5 3.6 1.1
v -0.5 3.6 -1.1
v -0.5 3.6 -1.2
v -0.5 3.7 1.2
v -0.5 3.7 1.1
v -0.5 3.7 1
v -0.5 3.7 -1
v -0.5 3.7 -1.1
v -0.5 3.7 -1.2
v -0.5 3.8 1.1
v -0.5 3.8 1
v -0.5 3.8 0.9
v -0.5 3.8 -0.9
v -0.5 3.8 -1
v -0.5 3.8 -1.1
v -0.5 3.9 1
v -0.5 3.9 0.9
v -0.5 3.9 0.8
v -0.5 3.9 -0.8
v -0.5 3.9 -0.9
v -0.5 3.9 -1
v -0.5 4 0.9
v -0.5 4 0.8
v -0.5 4 0.6
v -0.5 4 0.5
v -0.5 4 -0.5
v -0.5 4 -0.6
v -0.5 4 -0.8
v -0.5 4 -0.9
v -0.5 4.1 0.6
v -0.5 4.1 0.5
v -0.5 4.1 -0.5
v -0.5 4.1 -0.6
v -0.4 1.6 1.1
v -0.4 1.6 1
v -0.4 1.7 1.1
v -0.4 1.7 1
v -0.4 1.7 -1
v -0.4 1.7 -1.1
v -0.4 1.8 1.1
v -0.4 1.8 1
v -0.4 1.8 -1
v -0.4 1.8 -1.1
v -0.4 2 1.2
v -0.4 2 1.1
v -0.4 2 -1.1
v -0.4 2 -1.2
v -0.4 2.1 1.2
v -0.4 2.1 1.1
v -0.4 2.1 -1.1
v -0.4 2.1 -1.2
v -0.4 2.5 1.2
v -0.4 2.5 1.1
v -0.4 2.5 -1.1
v -0.4 2.5 -1.2
v -0.4 2.6 1.2
v -0.4 2.6 1.1
v -0.4 2.7 -1.1
v -0.4 2.8 -1.1
v -0.4 2.8 -1.2
v -0.4 2.9 -1.1
v -0.4 3 1.2
v -0.4 3 1.1
v -0.4 3 -1.1
v -0.4 3 -1.2
v -0.4 3.7 1.2
v -0.4 3.7 1.1
v -0.4 3.7 -1.1
v -0.4 3.7 -1.2
v -0.4 3.8 1.2
v -0.4 3.8 1.1
v -0.4 3.8 1
v -0.4 3.8 -1
v -0.4 3.8 -1.1
v -0.4 3.8 -1.2
v -0.4 3.9 1.1
v -0.4 3.9 1
v -0.4 3.9 -1
v -0.4 3.9 -1.1
v -0.4 4 0.7
v -0.4 4 0.6
v -0.4 4 -0.6
v -0.4 4 -0.7
v -0.4 4.1 0.7
v -0.4 4.1 0.6
v -0.4 4.1 -0.6
v -0.4 4.1 -0.7
v -0.3 2.9 1.3
v -0.3 2.9 1.2
v -0.3 2.9 -1.2
v -0.3 2.9 -1.3
v -0.3 3 1.2
v -0.3 3.2 1.3
v -0.3 3.2 1.2
v -0.3 3.3 1.2
v -0.3 3.3 -1.2
v -0.3 3.3 -1.3
v -0.3 3.4 1.3
v -0.3 3.4 1.2
v -0.3 3.4 -1.2
v -0.3 3.4 -1.3
v -0.3 3.5 1.3
v -0.3 3.5 1.2
v -0.3 3.5 -1.2
v -0.3 3.5 -1.3
v -0.3 3.9 1
v -0.3 3.9 0.9
v -0.3 3.9 -0.9
v -0.3 3.9 -1
v -0.3 4 1
v -0.3 4 0.9
v -0.3 4 0.8
v -0.3 4 0.7
v -0.3 4 -0.7
v -0.3 4 -0.8
v -0.3 4 -0.9
v -0.3 4 -1
v -0.3 4.1 0.8
v -0.3 4.1 0.7
v -0.3 4.1 0.2
v -0.3 4.1 0.1
v -0.3 4.1 -0.2
v -0.3 4.1 -0.7
v -0.3 4.1 -0.8
v -0.3 4.2 0.2
v -0.3 4.2 0.1
v -0.3 4.2 -0.2
v -0.2 1.2 -0.7
v -0.2 1.2 -1.1
v -0.2 1.3 -0.6
v -0.2 1.3 -0.7
v -0.2 1.3 -1
v -0.2 1.3 -1.1
v -0.2 1.4 -0.6
v -0.2 1.4 -0.7
v -0.2 1.4 -0.9
v -0.2 1.4 -1
v -0.2 1.4 -1.1
v -0.2 1.5 -0.9
v -0.2 1.5 -1
v -0.2 3.5 1.3
v -0.2 3.5 1.2
v -0.2 3.5 -1.2
v -0.2 3.5 -1.3
v -0.2 3.6 1.3
v -0.2 3.6 1.2
v -0.2 3.6 -1.2
v -0.2 3.6 -1.3
v -0.1 0.9 -0.8
v -0.1 0.9 -1.1
v -0.1 1 -0.8
v -0.1 1 -0.9
v -0.1 1 -1
v -0.1 1 -1.1
v -0.1 1 -1.2
v -0.1 1.1 0.7
v -0.1 1.1 0.5
v -0.1 1.1 -0.7
v -0.1 1.1 -0.8
v -0.1 1.1 -0.9
v -0.1 1.1 -1
v -0.1 1.1 -1.1
v -0.1 1.2 0.9
v -0.1 1.2 0.7
v -0.1 1.2 0.6
v -0.1 1.2 -0.6
v -0.1 1.2 -0.7
v -0.1 1.2 -1.1
v -0.1 1.2 -1.2
v -0.1 1.3 0.8
v -0.1 1.3 0.7
v -0.1 1.3 0.6
v -0.1 1.3 0.5
v -0.1 1.3 -0.6
v -0.1 1.3 -0.7
v -0.1 1.3 -1.1
v -0.1 1.3 -1.2
v -0.1 1.4 0.9
v -0.1 1.4 0.8
v -0.1 1.4 0.7
v -0.1 1.4 0.6
v -0.1 1.4 -1
v -0.1 1.4 -1.1
v -0.1 1.4 -1.2
v -0.1 1.5 -1
v -0.1 1.6 -1
v -0.1 1.6 -1.1
v -1.19209e-07 0.8 0.9
v -1.19209e-07 0.8 0.5
v -1.19209e-07 0.8 -0.7
v -1.19209e-07 0.8 -1
v -1.19209e-07 0.9 1
v -1.19209e-07 0.9 0.9
v -1.19209e-07 0.9 0.6
v -1.19209e-07 0.9 0.5
v -1.19209e-07 0.9 -0.7
v -1.19209e-07 0.9 -0.8
v -1.19209e-07 0.9 -1
v -1.19209e-07 0.9 -1.1
v -1.19209e-07 0.9 -1.3
v -1.19209e-07 1 -0.8
v -1.19209e-07 1 -1.1
v -1.19209e-07 1 -1.2
v -1.19209e-07 1 -1.3
v -1.19209e-07 1.1 0.8
v -1.19209e-07 1.1 0.7
v -1.19209e-07 1.1 0.6
v -1.19209e-07 1.1 0.5
v -1.19209e-07 1.1 0.4
v -1.19209e-07 1.1 -0.6
v -1.19209e-07 1.1 -0.7
v -1.19209e-07 1.1 -0.8
v -1.19209e-07 1.2 0.9
v -1.19209e-07 1.2 0.8
v -1.19209e-07 1.2 0.7
v -1.19209e-07 1.2 0.5
v -1.19209e-07 1.2 0.4
v -1.19209e-07 1.2 -0.5
v -1.19209e-07 1.2 -0.6
v -1.19209e-07 1.2 -0.7
v -1.19209e-07 1.2 -1.2
v -1.19209e-07 1.2 -1.3
v -1.19209e-07 1.2 -1.4
v -1.19209e-07 1.3 1
v -1.19209e-07 1.3 0.9
v -1.19209e-07 1.3 0.5
v -1.19209e-07 1.3 0.4
v -1.19209e-07 1.3 -0.5
v -1.19209e-07 1.3 -0.6
v -1.19209e-07 1.3 -1.2
v -1.19209e-07 1.3 -1.3
v -1.19209e-07 1.3 -1.4
v -1.19209e-07 1.4 1
v -1.19209e-07 1.4 0.9
v -1.19209e-07 1.4 0.8
v -1.19209e-07 1.4 -1.1
v -1.19209e-07 1.4 -1.2
v -1.19209e-07 1.5 0.9
v -1.19209e-07 1.5 0.8
v -1.19209e-07 1.5 -1.2
v -1.19209e-07 1.5 -1.3
v -1.19209e-07 1.6 -1
v -1.19209e-07 1.6 -1.1
v -1.19209e-07 1.7 -1
v -1.19209e-07 1.7 -1.1
v -1.19209e-07 1.7 -1.2
v -1.19209e-07 3.6 1.3
v -1.19209e-07 3.6 1.2
v -1.19209e-07 3.6 -1.2
v -1.19209e-07 3.6 -1.3
v -1.19209e-07 3.7 1.3
v -1.19209e-07 3.7 1.2
v -1.19209e-07 3.7 -1.2
v -1.19209e-07 3.7 -1.3
v -1.19209e-07 3.8 1.1
v -1.19209e-07 3.8 1
v -1.19209e-07 3.8 -1
v -1.19209e-07 3.8 -1.1
v -1.19209e-07 3.9 1.1
v -1.19209e-07 3.9 1
v -1.19209e-07 3.9 0.9
v -1.19209e-07 3.9 0.8
v -1.19209e-07 3.9 -0.8
v -1.19209e-07 3.9 -0.9
v -1.19209e-07 3.9 -1
v -1.19209e-07 3.9 -1.1
v -1.19209e-07 4 0.9
v -1.19209e-07 4 0.8
v -1.19209e-07 4 0.5
v -1.19209e-07 4 0.4
v -1.19209e-07 4 -0.4
v -1.19209e-07 4 -0.5
v -1.19209e-07 4 -0.8
v -1.19209e-07 4 -0.9
v -1.19209e-07 4.1 0.5
v -1.19209e-07 4.1 0.4
v -1.19209e-07 4.1 -0.4
v -1.19209e-07 4.1 -0.5
v 0.0999999 0.8 0.5
v 0.0999999 0.8 0.4
v 0.0999999 0.8 -0.6
v 0.0999999 0.8 -0.7
v 0.0999999 0.9 1.1
v 0.0999999 0.9 1
v 0.0999999 0.9 0.6
v 0.0999999 0.9 0.5
v 0.0999999 0.9 0.4
v 0.0999999 0.9 -0.6
v 0.0999999 0.9 -0.7
v 0.0999999 1 1.1
v 0.0999999 1 1
v 0.0999999 1 0.5
v 0.0999999 1 0.3
v 0.0999999 1 -0.5
v 0.0999999 1 -0.6
v 0.0999999 1 -1.3
v 0.0999999 1 -1.4
v 0.0999999 1.1 1.1
v 0.0999999 1.1 1
v 0.0999999 1.1 0.6
v 0.0999999 1.1 0.5
v 0.0999999 1.1 0.4
v 0.0999999 1.1 0.3
v 0.0999999 1.1 -0.6
v 0.0999999 1.1 -0.7
v 0.0999999 1.1 -1.3
v 0.0999999 1.1 -1.4
v 0.0999999 1.2 0.4
v 0.0999999 1.2 0.3
v 0.0999999 1.2 0.2
v 0.0999999 1.2 -0.2
v 0.0999999 1.2 -0.3
v 0.0999999 1.2 -0.4
v 0.0999999 1.2 -0.5
v 0.0999999 1.2 -0.6
v 0.0999999 1.2 -1.3
v 0.0999999 1.2 -1.4
v 0.0999999 1.3 1
v 0.0999999 1.3 0.4
v 0.0999999 1.3 0.2
v 0.0999999 1.3 -0.2
v 0.0999999 1.3 -0.3
v 0.0999999 1.3 -0.4
v 0.0999999 1.3 -0.5
v 0.0999999 1.4 1.1
v 0.0999999 1.4 1
v 0.0999999 1.4 0.9
v 0.0999999 1.6 1
v 0.0999999 1.6 0.9
v 0.2 0.9 0.5
v 0.2 0.9 0.4
v 0.2 1 1.2
v 0.2 1 1.1
v 0.2 1 0.5
v 0.2 1 0.4
v 0.2 1.1 1.2
v 0.2 1.1 1.1
v 0.2 1.2 1.2
v 0.2 1.2 1.1
v 0.2 1.2 -1.3
v 0.2 1.2 -1.4
v 0.2 1.3 -1.3
v 0.2 1.3 -1.4
v 0.2 1.6 -1.1
v 0.2 1.6 -1.2
v 0.2 1.7 -1.1
v 0.2 1.7 -1.2
v 0.2 4.1 -0.0999999
v 0.2 4.1 -0.2
v 0.2 4.5 -0.0999999
v 0.2 4.5 -0.2
v 0.2 4.9 -0.6
v 0.2 4.9 -0.8
v 0.2 5 -0.8
v 0.2 5 -0.9
v 0.2 5.1 -0.6
v 0.2 5.1 -0.7
v 0.2 5.1 -0.8
v 0.2 5.1 -0.9
v 0.2 5.2 -0.7
v 0.2 5.2 -0.8
v 0.2 5.3 -0.6
v 0.2 5.3 -0.7
v 0.2 5.4 -0.6
v 0.2 5.4 -0.8
v 0.3 1.4 -1.2
v 0.3 1.4 -1.3
v 0.3 1.5 -1.2
v 0.3 1.5 -1.3
v 0.3 1.6 -0.8
v 0.3 1.6 -0.9
v 0.3 1.7 -0.8
v 0.3 1.7 -0.9
v 0.3 4.1 0.2
v 0.3 4.1 0.1
v 0.3 4.3 0.2
v 0.3 4.3 0.1
v 0.3 4.4 0.2
v 0.3 4.4 0.1
v 0.3 4.4 -0.6
v 0.3 4.4 -0.7
v 0.3 4.4 -0.8
v 0.3 4.5 0.2
v 0.3 4.5 0.1
v 0.3 4.5 -0.0999999
v 0.3 4.5 -0.2
v 0.3 4.5 -0.7
v 0.3 4.5 -0.8
v 0.3 4.6 -0.0999999
v 0.3 4.6 -0.2
v 0.3 4.7 -0.5
v 0.3 4.7 -0.6
v 0.3 4.8 -0.7
v 0.3 4.8 -0.8
v 0.3 4.8 -0.9
v 0.3 4.9 -0.0999999
v 0.3 4.9 -0.2
v 0.3 4.9 -0.4
v 0.3 4.9 -0.5
v 0.3 4.9 -0.6
v 0.3 4.9 -0.8
v 0.3 5 0.9
v 0.3 5 0.7
v 0.3 5 -0.8
v 0.3 5 -0.9
v 0.3 5.1 0.9
v 0.3 5.1 0.7
v 0.3 5.1 -0.0999999
v 0.3 5.1 -0.2
v 0.3 5.1 -0.4
v 0.3 5.1 -0.5
v 0.3 5.1 -0.6
v 0.3 5.1 -0.7
v 0.3 5.1 -0.8
v 0.3 5.1 -0.9
v 0.3 5.1 -1
v 0.3 5.2 -0.6
v 0.3 5.2 -0.7
v 0.3 5.2 -0.8
v 0.3 5.2 -0.9
v 0.3 5.2 -1
v 0.3 5.3 -0.6
v 0.3 5.3 -0.7
v 0.3 5.4 -0.5
v 0.3 5.4 -0.6
v 0.3 5.4 -0.7
v 0.3 5.4 -0.8
v 0.3 5.4 -0.9
v 0.3 5.5 -0.6
v 0.3 5.5 -0.7
v 0.4 1.4 1.1
v 0.4 1.4 1
v 0.4 1.5 1.1
v 0.4 1.5 1
v 0.4 1.6 -0.7
v 0.4 1.6 -0.8
v 0.4 1.7 -0.7
v 0.4 1.7 -0.8
v 0.4 3.9 0.7
v 0.4 3.9 0.5
v 0.4 3.9 -0.5
v 0.4 3.9 -0.7
v 0.4 4 0.7
v 0.4 4 0.5
v 0.4 4 -0.5
v 0.4 4 -0.7
v 0.4 4.2 -0.6
v 0.4 4.2 -0.7
v 0.4 4.3 0.7
v 0.4 4.3 0.5
v 0.4 4.3 -0.4
v 0.4 4.3 -0.6
v 0.4 4.3 -0.7
v 0.4 4.4 0.8
v 0.4 4.4 0.7
v 0.4 4.4 0.5
v 0.4 4.4 0.4
v 0.4 4.4 -0.6
v 0.4 4.4 -0.7
v 0.4 4.5 0.8
v 0.4 4.5 0.5
v 0.4 4.5 0.4
v 0.4 4.5 0.2
v 0.4 4.5 0.1
v 0.4 4.5 -0.4
v 0.4 4.5 -0.6
v 0.4 4.5 -0.7
v 0.4 4.5 -0.8
v 0.4 4.6 0.9
v 0.4 4.6 0.8
v 0.4 4.6 0.7
v 0.4 4.6 0.6
v 0.4 4.6 0.5
v 0.4 4.6 0.2
v 0.4 4.6 0.1
v 0.4 4.6 -0.3
v 0.4 4.6 -0.4
v 0.4 4.7 0.9
v 0.4 4.7 0.8
v 0.4 4.7 0.7
v 0.4 4.7 0.6
v 0.4 4.7 0.5
v 0.4 4.7 -0.3
v 0.4 4.7 -0.4
v 0.4 4.7 -0.5
v 0.4 4.7 -0.6
v 0.4 4.7 -0.7
v 0.4 4.7 -0.8
v 0.4 4.8 0.9
v 0.4 4.8 0.8
v 0.4 4.8 -0.7
v 0.4 4.8 -0.8
v 0.4 4.9 1
v 0.4 4.9 0.9
v 0.4 4.9 0.7
v 0.4 4.9 -0.4
v 0.4 4.9 -0.5
v 0.4 5 0.9
v 0.4 5 0.7
v 0.4 5 0.6
v 0.4 5 0.5
v 0.4 5 -0.8
v 0.4 5 -0.9
v 0.4 5.1 0.9
v 0.4 5.1 0.8
v 0.4 5.1 0.7
v 0.4 5.1 -0.0999999
v 0.4 5.1 -0.2
v 0.4 5.1 -0.8
v 0.4 5.1 -0.9
v 0.4 5.2 0.8
v 0.4 5.2 0.7
v 0.4 5.2 -0.0999999
v 0.4 5.2 -0.2
v 0.4 5.3 1
v 0.4 5.3 0.9
v 0.4 5.3 -0.4
v 0.4 5.3 -0.5
v 0.4 5.4 0.9
v 0.4 5.4 0.8
v 0.4 5.4 -0.0999999
v 0.4 5.4 -0.2
v 0.4 5.4 -0.4
v 0.4 5.4 -0.5
v 0.4 5.4 -0.6
v 0.4 5.4 -0.7
v 0.4 5.4 -0.9
v 0.4 5.5 0.8
v 0.4 5.5 0.6
v 0.4 5.5 -0.5
v 0.4 5.5 -0.6
v 0.4 5.5 -0.7
v 0.4 5.5 -0.9
v 0.4 5.6 -0.0999999
v 0.4 5.6 -0.2
v 0.5 1.2 1.2
v 0.5 1.2 1.1
v 0.5 1.3 1.2
v 0.5 1.3 1.1
v 0.5 4 0.7
v 0.5 4 0.5
v 0.5 4 -0.5
v 0.5 4 -0.7
v 0.5 4.2 -0.5
v 0.5 4.2 -0.6
v 0.5 4.2 -0.7
v 0.5 4.3 0.8
v 0.5 4.3 0.7
v 0.5 4.3 0.5
v 0.5 4.3 0.4
v 0.5 4.3 -0.3
v 0.5 4.3 -0.4
v 0.5 4.3 -0.5
v 0.5 4.3 -0.6
v 0.5 4.4 0.9
v 0.5 4.4 0.8
v 0.5 4.4 0.7
v 0.5 4.4 0.5
v 0.5 4.4 0.4
v 0.5 4.5 0.9
v 0.5 4.5 0.8
v 0.5 4.5 0.7
v 0.5 4.5 0.6
v 0.5 4.5 0.5
v 0.5 4.5 0.4
v 0.5 4.5 -0.4
v 0.5 4.6 1
v 0.5 4.6 0.9
v 0.5 4.6 0.8
v 0.5 4.6 0.7
v 0.5 4.6 0.6
v 0.5 4.6 0.5
v 0.5 4.6 -0.3
v 0.5 4.6 -0.4
v 0.5 4.7 0.9
v 0.5 4.7 0.5
v 0.5 4.7 -0.3
v 0.5 4.7 -0.4
v 0.5 4.8 0.9
v 0.5 4.8 0.5
v 0.5 4.8 0.4
v 0.5 4.8 -0.3
v 0.5 4.8 -0.4
v 0.5 4.9 1
v 0.5 4.9 0.9
v 0.5 4.9 -0.3
v 0.5 4.9 -0.4
v 0.5 5 1.1
v 0.5 5 1
v 0.5 5 0.6
v 0.5 5 0.5
v 0.5 5 0.4
v 0.5 5.1 -0.4
v 0.5 5.1 -0.5
v 0.5 5.2 1.1
v 0.5 5.2 1
v 0.5 5.3 0.6
v 0.5 5.3 0.5
v 0.5 5.3 -0.4
v 0.5 5.3 -0.5
v 0.5 5.6 1.19209e-07
v 0.5 5.6 -0.0999999
v 0.5 5.6 -0.2
v 0.5 5.6 -0.3
v 0.5 5.7 1.19209e-07
v 0.5 5.7 -0.3
v 0.6 0.8 0.6
v 0.6 0.8 0.5
v 0.6 0.9 0.8
v 0.6 0.9 0.7
v 0.6 0.9 0.6
v 0.6 0.9 0.5
v 0.6 0.9 -0.8
v 0.6 0.9 -1
v 0.6 1 1
v 0.6 1 0.9
v 0.6 1 0.8
v 0.6 1 0.7
v 0.6 1 -0.8
v 0.6 1 -1
v 0.6 1 -1.2
v 0.6 1.1 1
v 0.6 1.1 0.9
v 0.6 1.1 -1
v 0.6 1.1 -1.2
v 0.6 4.2 0.8
v 0.6 4.2 0.7
v 0.6 4.3 0.8
v 0.6 4.3 0.7
v 0.6 4.5 0.9
v 0.6 4.5 0.8
v 0.6 4.5 0.4
v 0.6 4.5 0.3
v 0.6 4.5 -0.2
v 0.6 4.5 -0.3
v 0.6 4.6 0.9
v 0.6 4.6 0.8
v 0.6 4.6 0.4
v 0.6 4.6 0.3
v 0.6 4.6 -0.2
v 0.6 4.6 -0.3
v 0.6 4.6 -0.4
v 0.6 4.7 -0.3
v 0.6 4.7 -0.4
v -0.9 0.8 0.9
v -0.9 0.8 0.8
v -0.9 0.9 0.9
v -0.9 0.9 0.8
v -0.9 0.9 0.7
v -0.9 0.9 0.6
v -0.9 0.9 -0.5
v -0.9 0.9 -0.6
v -0.9 1 0.7
v -0.9 1 0.6
v -0.9 1 -0.5
v -0.9 1 -0.6
v -0.9 1.4 1.3
v -0.9 1.4 1.2
v -0.9 1.5 1.3
v -0.9 1.5 1.2
v -0.9 1.6 1.1
v -0.9 1.6 1
v -0.9 1.7 1.1
v -0.9 1.7 1
v -0.9 1.7 0.9
v -0.9 1.7 0.8
v -0.9 1.8 0.9
v -0.9 1.8 0.8
v -0.8 0.8 1
v -0.8 0.8 0.9
v -0.8 0.8 -0.7
v -0.8 0.8 -0.8
v -0.8 0.9 1.1
v -0.8 0.9 1
v -0.8 0.9 0.9
v -0.8 0.9 0.8
v -0.8 0.9 0.7
v -0.8 0.9 -0.6
v -0.8 0.9 -0.7
v -0.8 0.9 -0.8
v -0.8 1 1.1
v -0.8 1 1
v -0.8 1 0.8
v -0.8 1 0.7
v -0.8 1 -0.6
v -0.8 1 -0.7
v -0.8 1.1 -1.2
v -0.8 1.1 -1.3
v -0.8 1.2 -1.2
v -0.8 1.2 -1.3
v -0.7 0.9 1
v -0.7 0.9 0.8
v -0.7 0.9 -0.7
v -0.7 0.9 -1.1
v -0.7 1 1
v -0.7 1 0.8
v -0.7 1 0.6
v -0.7 1 0.5
v -0.7 1 -0.5
v -0.7 1 -0.6
v -0.7 1 -0.7
v -0.7 1 -1.1
v -0.7 1 -1.3
v -0.7 1.1 1.3
v -0.7 1.1 1.2
v -0.7 1.1 0.6
v -0.7 1.1 0.5
v -0.7 1.1 -0.5
v -0.7 1.1 -0.6
v -0.7 1.1 -1.1
v -0.7 1.1 -1.2
v -0.7 1.1 -1.3
v -0.7 1.2 -1.1
v -0.7 1.2 -1.2
v -0.7 1.2 -1.3
v -0.7 1.3 -1.2
v -0.7 1.3 -1.3
v -0.7 1.4 1.3
v -0.7 1.4 1.2
v -0.7 1.5 1.2
v -0.7 1.5 1.1
v -0.7 1.5 -1.1
v -0.7 1.5 -1.2
v -0.7 1.6 1.2
v -0.7 1.6 1.1
v -0.7 1.6 -1.1
v -0.7 1.6 -1.2
v -0.7 4 0.5
v -0.7 4 0.4
v -0.7 4 0.3
v -0.7 4 -0.3
v -0.7 4 -0.5
v -0.7 4.1 0.5
v -0.7 4.1 0.3
v -0.7 4.1 -0.3
v -0.7 4.1 -0.5
v -0.6 1 1.2
v -0.6 1 1.1
v -0.6 1 0.9
v -0.6 1 0.7
v -0.6 1 0.6
v -0.6 1 -0.6
v -0.6 1 -0.7
v -0.6 1 -1
v -0.6 1 -1.1
v -0.6 1.1 1.1
v -0.6 1.1 1
v -0.6 1.1 0.9
v -0.6 1.1 0.7
v -0.6 1.1 0.6
v -0.6 1.1 0.5
v -0.6 1.1 0.4
v -0.6 1.1 -0.4
v -0.6 1.1 -0.6
v -0.6 1.1 -0.7
v -0.6 1.1 -1
v -0.6 1.1 -1.1
v -0.6 1.2 0.5
v -0.6 1.2 0.4
v -0.6 1.2 0.3
v -0.6 1.2 -0.4
v -0.6 1.2 -0.5
v -0.6 1.2 -0.6
v -0.6 1.2 -1.1
v -0.6 1.2 -1.2
v -0.6 1.3 0.4
v -0.6 1.3 0.3
v -0.6 1.4 -1.1
v -0.6 1.4 -1.2
v -0.6 1.5 1.2
v -0.6 1.5 1.1
v -0.6 1.5 -1.1
v -0.6 1.5 -1.2
v -0.6 1.6 1.1
v -0.6 1.6 1
v -0.6 1.7 1.1
v -0.6 1.7 1
v -0.5 1 0.9
v -0.5 1 0.8
v -0.5 1 -0.8
v -0.5 1 -1
v -0.5 1.1 1.1
v -0.5 1.1 1
v -0.5 1.1 0.9
v -0.5 1.1 0.8
v -0.5 1.1 -0.8
v -0.5 1.1 -1
v -0.5 1.2 1
v -0.5 1.2 0.9
v -0.5 1.2 -1
v -0.5 1.2 -1.1
v -0.5 1.3 0.9
v -0.5 1.4 1
v -0.5 1.4 0.9
v -0.5 1.4 -1
v -0.5 1.4 -1.1
v -0.5 1.5 1.1
v -0.5 1.5 1
v -0.5 1.7 -1
v -0.5 1.7 -1.1
v -0.5 1.8 -1
v -0.5 1.8 -1.1
v -0.4 1 0.8
v -0.4 1 0.6
v -0.4 1 -0.7
v -0.4 1 -0.8
v -0.4 1.1 1
v -0.4 1.1 0.8
v -0.4 1.1 0.7
v -0.4 1.1 0.6
v -0.4 1.1 0.5
v -0.4 1.1 -0.5
v -0.4 1.1 -0.6
v -0.4 1.1 -0.7
v -0.4 1.1 -0.8
v -0.4 1.1 -1.1
v -0.4 1.2 1
v -0.4 1.2 0.9
v -0.4 1.2 0.8
v -0.4 1.2 0.7
v -0.4 1.2 0.6
v -0.4 1.2 0.5
v -0.4 1.2 -0.5
v -0.4 1.2 -0.6
v -0.4 1.2 -0.7
v -0.4 1.2 -0.8
v -0.4 1.2 -0.9
v -0.4 1.2 -1
v -0.4 1.2 -1.1
v -0.4 1.3 0.9
v -0.4 1.3 0.8
v -0.4 1.3 0.6
v -0.4 1.3 0.5
v -0.4 1.3 -0.5
v -0.4 1.3 -0.6
v -0.4 1.3 -0.9
v -0.4 1.3 -1
v -0.4 1.4 0.9
v -0.4 1.4 0.8
v -0.4 1.4 -1
v -0.4 1.4 -1.1
v -0.4 1.5 1.1
v -0.4 1.5 1
v -0.4 1.5 -1
v -0.4 1.5 -1.1
v -0.4 1.6 1.1
v -0.4 1.6 1
v -0.3 1.1 0.7
v -0.3 1.1 0.6
v -0.3 1.1 -0.6
v -0.3 1.1 -0.7
v -0.3 1.2 0.9
v -0.3 1.2 0.8
v -0.3 1.2 0.7
v -0.3 1.2 0.6
v -0.3 1.2 -0.6
v -0.3 1.2 -0.7
v -0.3 1.2 -0.8
v -0.3 1.2 -0.9
v -0.3 1.3 0.9
v -0.3 1.3 0.8
v -0.3 1.3 0.7
v -0.3 1.3 0.6
v -0.3 1.3 -0.6
v -0.3 1.3 -0.8
v -0.3 1.3 -0.9
v -0.3 1.3 -1
v -0.3 1.4 1
v -0.3 1.4 0.9
v -0.3 1.4 0.8
v -0.3 1.4 0.7
v -0.3 1.4 0.6
v -0.3 1.4 -0.6
v -0.3 1.4 -0.9
v -0.3 1.5 1
v -0.3 1.5 0.9
v -0.3 1.5 -0.9
v -0.3 1.5 -1
v -0.3 1.5 -1.1
v -0.3 1.6 -1
v -0.3 1.6 -1.1
v -0.2 1.2 0.5
v -0.2 1.2 0.4
v -0.2 1.2 -0.4
v -0.2 1.2 -0.5
v -0.2 1.3 0.5
v -0.2 1.3 0.4
v -0.2 1.3 -0.4
v -0.2 1.3 -0.5
v -0.2 1.4 0.9
v -0.2 1.4 0.8
v -0.2 1.5 0.9
v -0.2 1.5 0.8
v -0.2 1.6 1.1
v -0.2 1.6 1
v -0.2 1.6 -1
v -0.2 1.6 -1.1
v -0.2 1.7 1.1
v -0.2 1.7 1
v -0.2 1.7 -1
v -0.2 1.7 -1.1
v -0.2 3.8 1.1
v -0.2 3.8 1
v -0.2 3.8 -1
v -0.2 3.8 -1.1
v -0.2 3.9 1.1
v -0.2 3.9 1
v -0.2 3.9 0.9
v -0.2 3.9 0.8
v -0.2 3.9 -0.8
v -0.2 3.9 -0.9
v -0.2 3.9 -1
v -0.2 3.9 -1.1
v -0.2 4 1
v -0.2 4 0.9
v -0.2 4 0.8
v -0.2 4 0.7
v -0.2 4 0.6
v -0.2 4 0.5
v -0.2 4 0.4
v -0.2 4 -0.4
v -0.2 4 -0.5
v -0.2 4 -0.6
v -0.2 4 -0.7
v -0.2 4 -0.8
v -0.2 4 -1
v -0.2 4.1 0.8
v -0.2 4.1 0.5
v -0.2 4.1 0.4
v -0.2 4.1 0.2
v -0.2 4.1 0.1
v -0.2 4.1 1.19209e-07
v -0.2 4.1 -0.0999999
v -0.2 4.1 -0.2
v -0.2 4.1 -0.4
v -0.2 4.1 -0.5
v -0.2 4.1 -0.6
v -0.2 4.1 -0.8
v -0.2 4.2 0.2
v -0.2 4.2 0.1
v -0.2 4.2 -0.2
v -1.19209e-07 1.2 0.4
v -1.19209e-07 1.2 0.3
v -1.19209e-07 1.2 0.2
v -1.19209e-07 1.2 -0.2
v -1.19209e-07 1.2 -0.4
v -1.19209e-07 1.3 0.4
v -1.19209e-07 1.3 0.3
v -1.19209e-07 1.3 0.2
v -1.19209e-07 1.3 -0.2
v -1.19209e-07 1.3 -0.4
v -1.19209e-07 1.5 1
v -1.19209e-07 1.5 0.9
v -1.19209e-07 1.6 1
v -1.19209e-07 1.6 0.9
v -1.19209e-07 1.7 1.1
v -1.19209e-07 1.7 1
v -1.19209e-07 1.7 -1
v -1.19209e-07 1.7 -1.1
v -1.19209e-07 1.8 1.1
v -1.19209e-07 1.8 1
v -1.19209e-07 1.8 -1
v -1.19209e-07 1.8 -1.1
v -1.19209e-07 1.9 1.1
v -1.19209e-07 1.9 1
v -1.19209e-07 1.9 -1
v -1.19209e-07 1.9 -1.1
v 0.0999999 0.8 0.9
v 0.0999999 0.8 0.8
v 0.0999999 0.8 -0.9
v 0.0999999 0.8 -1
v 0.0999999 0.9 0.9
v 0.0999999 0.9 0.8
v 0.0999999 0.9 -0.9
v 0.0999999 0.9 -1
v 0.0999999 0.9 -1.2
v 0.0999999 0.9 -1.3
v 0.0999999 1 -1.2
v 0.0999999 1 -1.3
v 0.0999999 1.2 -1.3
v 0.0999999 1.2 -1.4
v 0.0999999 1.3 -1.3
v 0.0999999 1.3 -1.4
v 0.0999999 1.4 -1.2
v 0.0999999 1.4 -1.3
v 0.0999999 1.5 -1.2
v 0.0999999 1.5 -1.3
v 0.0999999 1.6 -1.1
v 0.0999999 1.6 -1.2
v 0.0999999 1.7 -1.1
v 0.0999999 1.7 -1.2
v 0.0999999 2 1.2
v 0.0999999 2 1.1
v 0.0999999 2 -1.1
v 0.0999999 2 -1.2
v 0.0999999 2.1 1.2
v 0.0999999 2.1 1.1
v 0.0999999 2.1 -1.1
v 0.0999999 2.1 -1.2
v 0.0999999 2.2 1.2
v 0.0999999 2.2 1.1
v 0.0999999 2.2 -1.1
v 0.0999999 2.2 -1.2
v 0.0999999 2.4 1.2
v 0.0999999 2.4 1.1
v 0.0999999 2.4 -1.1
v 0.0999999 2.4 -1.2
v 0.2 0.8 0.8
v 0.2 0.8 0.7
v 0.2 0.8 -0.6
v 0.2 0.8 -0.7
v 0.2 0.8 -0.8
v 0.2 0.8 -0.9
v 0.2 0.9 1.1
v 0.2 0.9 1
v 0.2 0.9 0.8
v 0.2 0.9 0.7
v 0.2 0.9 -0.6
v 0.2 0.9 -0.7
v 0.2 0.9 -0.8
v 0.2 0.9 -0.9
v 0.2 0.9 -1.1
v 0.2 0.9 -1.2
v 0.2 1 1.1
v 0.2 1 1
v 0.2 1 -0.5
v 0.2 1 -0.6
v 0.2 1 -1.1
v 0.2 1 -1.2
v 0.2 1 -1.3
v 0.2 1 -1.4
v 0.2 1.1 -0.5
v 0.2 1.1 -0.6
v 0.2 1.1 -1.3
v 0.2 1.1 -1.4
v 0.2 1.2 0.3
v 0.2 1.2 0.2
v 0.2 1.2 -0.3
v 0.2 1.2 -0.4
v 0.2 1.2 -0.5
v 0.2 1.3 0.3
v 0.2 1.3 0.2
v 0.2 1.3 -0.3
v 0.2 1.3 -0.4
v 0.2 1.3 -0.5
v 0.2 1.6 -0.8
v 0.2 1.6 -0.9
v 0.2 1.7 -0.8
v 0.2 1.7 -0.9
v 0.2 1.7 -1
v 0.2 1.8 -0.9
v 0.2 1.8 -1
v 0.2 1.9 -0.9
v 0.2 1.9 -1
v 0.2 2.4 1.2
v 0.2 2.4 1.1
v 0.2 2.4 -1.1
v 0.2 2.4 -1.2
v 0.2 2.7 1.2
v 0.2 2.7 1.1
v 0.2 2.8 1.2
v 0.2 2.8 1.1
v 0.2 2.8 -1.1
v 0.2 2.8 -1.2
v 0.2 2.9 1.3
v 0.2 2.9 1.2
v 0.2 2.9 -1.2
v 0.2 2.9 -1.3
v 0.2 3 1.3
v 0.2 3 1.2
v 0.2 3 -1.2
v 0.2 3 -1.3
v 0.2 3.6 1.3
v 0.2 3.6 1.2
v 0.2 3.6 -1.2
v 0.2 3.6 -1.3
v 0.2 3.7 1.3
v 0.2 3.7 1.2
v 0.2 3.7 -1.2
v 0.2 3.7 -1.3
v 0.2 3.8 1.1
v 0.2 3.8 1
v 0.2 3.8 -1
v 0.2 3.8 -1.1
v 0.2 3.9 1.1
v 0.2 3.9 1
v 0.2 3.9 0.9
v 0.2 3.9 0.8
v 0.2 3.9 -0.8
v 0.2 3.9 -0.9
v 0.2 3.9 -1
v 0.2 3.9 -1.1
v 0.2 4 0.9
v 0.2 4 0.8
v 0.2 4 -0.8
v 0.2 4 -0.9
v 0.3 0.8 0.7
v 0.3 0.8 0.6
v 0.3 0.8 -0.7
v 0.3 0.8 -0.8
v 0.3 0.9 1
v 0.3 0.9 0.9
v 0.3 0.9 0.7
v 0.3 0.9 0.6
v 0.3 0.9 -0.7
v 0.3 0.9 -0.8
v 0.3 0.9 -1
v 0.3 0.9 -1.1
v 0.3 1 1.2
v 0.3 1 1.1
v 0.3 1 1
v 0.3 1 0.9
v 0.3 1 0.4
v 0.3 1 0.3
v 0.3 1 -1
v 0.3 1 -1.1
v 0.3 1 -1.2
v 0.3 1 -1.3
v 0.3 1.1 1.2
v 0.3 1.1 1.1
v 0.3 1.1 0.4
v 0.3 1.1 0.3
v 0.3 1.1 -1.2
v 0.3 1.1 -1.3
v 0.3 1.3 -0.2
v 0.3 1.3 -0.3
v 0.3 1.3 -0.4
v 0.3 1.4 -0.2
v 0.3 1.4 -0.3
v 0.3 1.4 -0.4
v 0.3 1.6 -0.7
v 0.3 1.6 -0.8
v 0.3 1.6 -1.1
v 0.3 1.6 -1.2
v 0.3 1.7 1
v 0.3 1.7 0.9
v 0.3 1.7 -0.7
v 0.3 1.7 -0.8
v 0.3 1.7 -1.1
v 0.3 1.7 -1.2
v 0.3 1.8 1
v 0.3 1.8 0.9
v 0.3 1.9 1
v 0.3 1.9 0.9
v 0.3 1.9 -1
v 0.3 1.9 -1.1
v 0.3 2 -1
v 0.3 2 -1.1
v 0.3 2.1 -1
v 0.3 2.1 -1.1
v 0.3 2.4 -1
v 0.3 2.4 -1.1
v 0.3 3 1.3
v 0.3 3 1.2
v 0.3 3 -1.2
v 0.3 3 -1.3
v 0.3 3.1 1.3
v 0.3 3.1 1.2
v 0.3 3.1 -1.2
v 0.3 3.1 -1.3
v 0.3 3.2 -1.2
v 0.3 3.3 1.3
v 0.3 3.3 1.2
v 0.3 3.3 -1.2
v 0.3 3.3 -1.3
v 0.3 3.4 1.3
v 0.3 3.4 1.2
v 0.3 3.4 -1.2
v 0.3 3.4 -1.3
v 0.3 3.5 1.3
v 0.3 3.5 1.2
v 0.3 3.5 -1.2
v 0.3 3.5 -1.3
v 0.3 3.6 1.3
v 0.3 3.6 1.2
v 0.3 3.6 -1.2
v 0.3 3.6 -1.3
v 0.3 3.7 1.2
v 0.3 3.7 1
v 0.3 3.7 -1
v 0.3 3.7 -1.2
v 0.3 3.8 1.2
v 0.3 3.8 1
v 0.3 3.8 0.8
v 0.3 3.8 -0.8
v 0.3 3.8 -0.9
v 0.3 3.8 -1
v 0.3 3.8 -1.2
v 0.3 3.9 1
v 0.3 3.9 0.8
v 0.3 3.9 0.7
v 0.3 3.9 0.6
v 0.3 3.9 0.5
v 0.3 3.9 0.4
v 0.3 3.9 -0.4
v 0.3 3.9 -0.5
v 0.3 3.9 -0.6
v 0.3 3.9 -0.7
v 0.3 3.9 -0.8
v 0.3 3.9 -1
v 0.3 4 0.8
v 0.3 4 0.7
v 0.3 4 0.6
v 0.3 4 0.5
v 0.3 4 0.4
v 0.3 4 0.2
v 0.3 4 0.1
v 0.3 4 1.19209e-07
v 0.3 4 -0.2
v 0.3 4 -0.3
v 0.3 4 -0.4
v 0.3 4 -0.5
v 0.3 4 -0.6
v 0.3 4 -0.8
v 0.3 4.1 0.5
v 0.3 4.1 0.2
v 0.3 4.1 0.1
v 0.3 4.1 1.19209e-07
v 0.3 4.1 -0.0999999
v 0.3 4.1 -0.2
v 0.3 4.1 -0.4
v 0.3 4.1 -0.5
v 0.3 4.5 -0.0999999
v 0.3 4.5 -0.2
v 0.3 5 -0.8
v 0.3 5 -0.9
v 0.3 5.1 -0.8
v 0.3 5.1 -0.9
v 0.4 0.9 0.9
v 0.4 0.9 0.8
v 0.4 0.9 -0.9
v 0.4 0.9 -1
v 0.4 1 1.1
v 0.4 1 1
v 0.4 1 0.9
v 0.4 1 0.8
v 0.4 1 -0.9
v 0.4 1 -1
v 0.4 1 -1.1
v 0.4 1 -1.2
v 0.4 1.1 1.1
v 0.4 1.1 1
v 0.4 1.1 -1.1
v 0.4 1.1 -1.2
v 0.4 1.1 -1.3
v 0.4 1.1 -1.4
v 0.4 1.2 -0.5
v 0.4 1.2 -0.6
v 0.4 1.2 -1.3
v 0.4 1.2 -1.4
v 0.4 1.3 0.3
v 0.4 1.3 0.2
v 0.4 1.3 -0.2
v 0.4 1.3 -0.4
v 0.4 1.3 -0.5
v 0.4 1.3 -0.6
v 0.4 1.3 -1.2
v 0.4 1.3 -1.3
v 0.4 1.3 -1.4
v 0.4 1.4 0.3
v 0.4 1.4 0.2
v 0.4 1.4 -0.2
v 0.4 1.4 -0.4
v 0.4 1.4 -0.5
v 0.4 1.4 -0.6
v 0.4 1.5 -1.1
v 0.4 1.5 -1.2
v 0.4 1.5 -1.3
v 0.4 1.6 -0.6
v 0.4 1.6 -0.7
v 0.4 1.6 -1.1
v 0.4 1.6 -1.2
v 0.4 1.7 0.9
v 0.4 1.7 0.8
v 0.4 1.7 -0.6
v 0.4 1.7 -0.7
v 0.4 1.7 -0.8
v 0.4 1.7 -0.9
v 0.4 1.8 0.8
v 0.4 1.8 -0.8
v 0.4 1.8 -0.9
v 0.4 1.9 1.1
v 0.4 1.9 1
v 0.4 1.9 0.9
v 0.4 1.9 0.8
v 0.4 1.9 -0.8
v 0.4 1.9 -0.9
v 0.4 2 1.1
v 0.4 2 1
v 0.4 2.1 1.1
v 0.4 2.1 1
v 0.4 2.4 1.1
v 0.4 2.4 1
v 0.4 2.4 -1
v 0.4 2.4 -1.1
v 0.4 2.8 -1
v 0.4 2.8 -1.1
v 0.4 3.6 1.2
v 0.4 3.6 1.1
v 0.4 3.6 -1.1
v 0.4 3.6 -1.2
v 0.4 3.7 1.2
v 0.4 3.7 1.1
v 0.4 3.7 -1.1
v 0.4 3.7 -1.2
v 0.4 4 0.2
v 0.4 4 0.1
v 0.4 4.1 0.2
v 0.4 4.1 0.1
v 0.4 4.3 0.2
v 0.4 4.3 0.1
v 0.4 4.4 0.2
v 0.4 4.4 0.1
v 0.4 4.4 -0.7
v 0.4 4.4 -0.8
v 0.4 4.5 0.2
v 0.4 4.5 0.1
v 0.4 4.5 -0.0999999
v 0.4 4.5 -0.2
v 0.4 4.5 -0.7
v 0.4 4.5 -0.8
v 0.4 4.6 -0.0999999
v 0.4 4.6 -0.2
v 0.4 4.8 -0.8
v 0.4 4.8 -0.9
v 0.4 4.9 -0.0999999
v 0.4 4.9 -0.2
v 0.4 4.9 -0.8
v 0.4 4.9 -0.9
v 0.4 5 -0.0999999
v 0.4 5 -0.2
v 0.4 5.1 -0.9
v 0.4 5.1 -1
v 0.4 5.2 -0.9
v 0.4 5.2 -1
v 0.4 5.4 -0.6
v 0.4 5.4 -0.7
v 0.4 5.5 -0.6
v 0.4 5.5 -0.7
v 0.5 0.8 0.6
v 0.5 0.8 0.5
v 0.5 0.9 0.8
v 0.5 0.9 0.7
v 0.5 0.9 0.6
v 0.5 0.9 0.5
v 0.5 0.9 -0.6
v 0.5 0.9 -0.9
v 0.5 1 1
v 0.5 1 0.9
v 0.5 1 0.8
v 0.5 1 0.7
v 0.5 1 -0.6
v 0.5 1 -0.7
v 0.5 1 -0.9
v 0.5 1 -1
v 0.5 1 -1.1
v 0.5 1.1 1.2
v 0.5 1.1 1.1
v 0.5 1.1 1
v 0.5 1.1 0.9
v 0.5 1.1 0.4
v 0.5 1.1 0.3
v 0.5 1.1 -0.5
v 0.5 1.1 -0.6
v 0.5 1.1 -0.7
v 0.5 1.1 -1
v 0.5 1.1 -1.1
v 0.5 1.1 -1.2
v 0.5 1.1 -1.3
v 0.5 1.2 1.2
v 0.5 1.2 1.1
v 0.5 1.2 -0.5
v 0.5 1.2 -0.6
v 0.5 1.2 -1.2
v 0.5 1.2 -1.3
v 0.5 1.3 1.1
v 0.5 1.3 1
v 0.5 1.3 0.4
v 0.5 1.3 0.3
v 0.5 1.3 -1.1
v 0.5 1.3 -1.2
v 0.5 1.3 -1.3
v 0.5 1.4 1.1
v 0.5 1.4 1
v 0.5 1.4 0.4
v 0.5 1.4 0.3
v 0.5 1.4 -0.3
v 0.5 1.4 -0.4
v 0.5 1.4 -0.6
v 0.5 1.4 -0.7
v 0.5 1.5 1
v 0.5 1.5 0.9
v 0.5 1.5 -0.3
v 0.5 1.5 -0.4
v 0.5 1.5 -0.5
v 0.5 1.5 -1
v 0.5 1.5 -1.1
v 0.5 1.5 -1.2
v 0.5 1.6 -0.5
v 0.5 1.6 -0.6
v 0.5 1.7 1
v 0.5 1.7 0.9
v 0.5 1.7 0.8
v 0.5 1.7 0.7
v 0.5 1.7 0.6
v 0.5 1.7 -0.6
v 0.5 1.7 -0.7
v 0.5 1.7 -0.8
v 0.5 1.7 -1
v 0.5 1.7 -1.1
v 0.5 1.8 0.8
v 0.5 1.8 0.7
v 0.5 1.8 0.6
v 0.5 1.9 1
v 0.5 1.9 0.9
v 0.5 1.9 0.8
v 0.5 1.9 0.6
v 0.5 1.9 -0.6
v 0.5 1.9 -0.8
v 0.5 1.9 -0.9
v 0.5 1.9 -1
v 0.5 2 1
v 0.5 2 0.9
v 0.5 2 -0.9
v 0.5 2 -1
v 0.5 2.1 1
v 0.5 2.1 0.9
v 0.5 2.1 -0.9
v 0.5 2.3 -0.9
v 0.5 2.3 -1
v 0.5 2.4 1.1
v 0.5 2.4 1
v 0.5 2.4 0.9
v 0.5 2.4 -0.9
v 0.5 2.4 -1
v 0.5 2.8 1.2
v 0.5 2.8 1.1
v 0.5 2.8 1
v 0.5 2.8 -1.1
v 0.5 2.8 -1.2
v 0.5 2.9 1.2
v 0.5 2.9 1.1
v 0.5 2.9 -1.1
v 0.5 2.9 -1.2
v 0.5 3.7 1
v 0.5 3.7 0.9
v 0.5 3.7 -0.9
v 0.5 3.7 -1
v 0.5 3.8 1
v 0.5 3.8 0.9
v 0.5 3.8 0.8
v 0.5 3.8 0.7
v 0.5 3.8 -0.7
v 0.5 3.8 -0.8
v 0.5 3.8 -0.9
v 0.5 3.8 -1
v 0.5 3.9 0.8
v 0.5 3.9 0.7
v 0.5 3.9 0.4
v 0.5 3.9 0.3
v 0.5 3.9 0.2
v 0.5 3.9 -0.2
v 0.5 3.9 -0.4
v 0.5 3.9 -0.7
v 0.5 3.9 -0.8
v 0.5 4 0.4
v 0.5 4 0.2
v 0.5 4 -0.2
v 0.5 4 -0.4
v 0.5 4.3 -0.6
v 0.5 4.3 -0.7
v 0.5 4.4 -0.6
v 0.5 4.4 -0.7
v 0.5 4.5 0.2
v 0.5 4.5 0.1
v 0.5 4.6 0.2
v 0.5 4.6 0.1
v 0.5 4.6 -0.3
v 0.5 4.6 -0.4
v 0.5 4.7 -0.3
v 0.5 4.7 -0.4
v 0.5 4.8 -0.7
v 0.5 4.8 -0.8
v 0.5 4.9 -0.4
v 0.5 4.9 -0.5
v 0.5 4.9 -0.8
v 0.5 4.9 -0.9
v 0.5 5 -0.0999999
v 0.5 5 -0.2
v 0.5 5 -0.4
v 0.5 5 -0.5
v 0.5 5 -0.7
v 0.5 5 -0.8
v 0.5 5.1 -0.0999999
v 0.5 5.1 -0.2
v 0.5 5.2 -0.0999999
v 0.5 5.2 -0.2
v 0.5 5.2 -0.7
v 0.5 5.2 -0.8
v 0.5 5.3 0.7
v 0.5 5.3 0.6
v 0.5 5.3 -0.4
v 0.5 5.3 -0.7
v 0.5 5.4 0.8
v 0.5 5.4 0.7
v 0.5 5.4 -0.0999999
v 0.5 5.4 -0.2
v 0.5 5.4 -0.4
v 0.5 5.4 -0.5
v 0.5 5.4 -0.6
v 0.5 5.4 -0.7
v 0.5 5.5 0.8
v 0.5 5.5 0.6
v 0.5 5.5 -0.5
v 0.5 5.5 -0.6
v 0.5 5.5 -0.7
v 0.5 5.5 -0.9
v 0.5 5.6 -0.0999999
v 0.5 5.6 -0.2
v 0.6 0.8 0.5
v 0.6 0.8 0.4
v 0.6 0.9 0.5
v 0.6 0.9 0.4
v 0.6 1 0.5
v 0.6 1 0.4
v 0.6 1 -0.7
v 0.6 1 -0.8
v 0.6 1.1 1.1
v 0.6 1.1 1
v 0.6 1.1 -0.7
v 0.6 1.1 -0.8
v 0.6 1.1 -0.9
v 0.6 1.1 -1
v 0.6 1.1 -1.2
v 0.6 1.2 1.2
v 0.6 1.2 1.1
v 0.6 1.2 1
v 0.6 1.2 0.9
v 0.6 1.2 -0.9
v 0.6 1.2 -1
v 0.6 1.2 -1.2
v 0.6 1.3 1.2
v 0.6 1.3 1
v 0.6 1.3 0.7
v 0.6 1.3 0.5
v 0.6 1.3 -0.9
v 0.6 1.3 -1
v 0.6 1.3 -1.1
v 0.6 1.3 -1.2
v 0.6 1.4 1.1
v 0.6 1.4 1
v 0.6 1.4 0.9
v 0.6 1.4 0.8
v 0.6 1.4 0.7
v 0.6 1.4 0.6
v 0.6 1.4 0.4
v 0.6 1.4 0.3
v 0.6 1.4 0.2
v 0.6 1.4 -0.2
v 0.6 1.4 -0.3
v 0.6 1.4 -0.6
v 0.6 1.4 -0.7
v 0.6 1.4 -0.8
v 0.6 1.4 -0.9
v 0.6 1.5 1.1
v 0.6 1.5 1
v 0.6 1.5 0.9
v 0.6 1.5 0.6
v 0.6 1.5 0.5
v 0.6 1.5 0.4
v 0.6 1.5 0.3
v 0.6 1.5 0.2
v 0.6 1.5 -0.2
v 0.6 1.5 -0.3
v 0.6 1.5 -0.4
v 0.6 1.5 -0.5
v 0.6 1.5 -0.8
v 0.6 1.5 -0.9
v 0.6 1.5 -1
v 0.6 1.5 -1.1
v 0.6 1.6 0.8
v 0.6 1.6 0.6
v 0.6 1.6 0.5
v 0.6 1.6 0.4
v 0.6 1.6 -0.5
v 0.6 1.6 -0.6
v 0.6 1.6 -0.7
v 0.6 1.6 -0.9
v 0.6 1.7 0.9
v 0.6 1.7 0.8
v 0.6 1.7 0.6
v 0.6 1.7 0.5
v 0.6 1.7 0.4
v 0.6 1.7 -0.7
v 0.6 1.7 -1
v 0.6 1.8 0.6
v 0.6 1.8 0.5
v 0.6 1.8 0.4
v 0.6 1.8 -0.4
v 0.6 1.8 -0.5
v 0.6 1.9 0.9
v 0.6 1.9 0.8
v 0.6 1.9 0.6
v 0.6 1.9 0.4
v 0.6 1.9 -0.4
v 0.6 1.9 -0.5
v 0.6 1.9 -0.6
v 0.6 1.9 -0.8
v 0.6 1.9 -0.9
v 0.6 2 0.9
v 0.6 2 0.8
v 0.6 2 -0.8
v 0.6 2 -0.9
v 0.6 2.1 0.9
v 0.6 2.1 0.8
v 0.6 2.1 -0.8
v 0.6 2.1 -0.9
v 0.6 2.2 -0.8
v 0.6 2.3 -0.8
v 0.6 2.3 -0.9
v 0.6 2.4 1
v 0.6 2.4 0.9
v 0.6 2.4 0.8
v 0.6 2.4 -0.8
v 0.6 2.4 -0.9
v 0.6 2.4 -1
v 0.6 2.7 -0.9
v 0.6 2.8 1.1
v 0.6 2.8 1
v 0.6 2.8 0.9
v 0.6 2.8 -0.9
v 0.6 2.8 -1
v 0.6 2.8 -1.1
v 0.6 2.9 1.2
v 0.6 2.9 1.1
v 0.6 2.9 1
v 0.6 2.9 -1
v 0.6 2.9 -1.1
v 0.6 2.9 -1.2
v 0.6 3 1.2
v 0.6 3 1.1
v 0.6 3 -1.1
v 0.6 3 -1.2
v 0.6 3.1 -1.1
v 0.6 3.1 -1.2
v 0.6 3.2 1.2
v 0.6 3.2 1.1
v 0.6 3.2 -1.1
v 0.6 3.2 -1.2
v 0.6 3.3 1.2
v 0.6 3.3 1.1
v 0.6 3.3 -1.1
v 0.6 3.3 -1.2
v 0.6 3.4 1.2
v 0.6 3.4 1.1
v 0.6 3.4 -1.1
v 0.6 3.4 -1.2
v 0.6 3.5 1.2
v 0.6 3.5 1.1
v 0.6 3.5 -1.1
v 0.6 3.5 -1.2
v 0.6 3.6 1.2
v 0.6 3.6 1.1
v 0.6 3.6 1
v 0.6 3.6 -1
v 0.6 3.6 -1.1
v 0.6 3.6 -1.2
v 0.6 3.7 1.1
v 0.6 3.7 1
v 0.6 3.7 -1
v 0.6 3.7 -1.1
v 0.6 3.8 0.7
v 0.6 3.8 0.6
v 0.6 3.8 -0.6
v 0.6 3.8 -0.7
v 0.6 3.9 0.7
v 0.6 3.9 0.6
v 0.6 3.9 0.5
v 0.6 3.9 0.2
v 0.6 3.9 -0.0999999
v 0.6 3.9 -0.2
v 0.6 3.9 -0.5
v 0.6 3.9 -0.6
v 0.6 3.9 -0.7
v 0.6 4 0.7
v 0.6 4 0.5
v 0.6 4 0.2
v 0.6 4 -0.0999999
v 0.6 4 -0.2
v 0.6 4 -0.5
v 0.6 4 -0.7
v 0.6 4.3 0.8
v 0.6 4.3 0.7
v 0.6 4.3 0.6
v 0.6 4.3 0.5
v 0.6 4.3 0.4
v 0.6 4.3 -0.3
v 0.6 4.3 -0.5
v 0.6 4.3 -0.6
v 0.6 4.4 0.9
v 0.6 4.4 0.8
v 0.6 4.4 0.7
v 0.6 4.4 0.6
v 0.6 4.4 0.5
v 0.6 4.4 -0.4
v 0.6 4.4 -0.5
v 0.6 4.4 -0.6
v 0.6 4.4 -0.7
v 0.6 4.5 0.9
v 0.6 4.5 0.8
v 0.6 4.5 0.5
v 0.6 4.5 0.4
v 0.6 4.5 -0.3
v 0.6 4.5 -0.4
v 0.6 4.5 -0.5
v 0.6 4.5 -0.7
v 0.6 4.5 -0.8
v 0.6 4.6 1
v 0.6 4.6 0.9
v 0.6 4.6 -0.6
v 0.6 4.6 -0.7
v 0.6 4.7 0.9
v 0.6 4.7 0.5
v 0.6 4.7 0.4
v 0.6 4.7 -0.3
v 0.6 4.7 -0.4
v 0.6 4.7 -0.6
v 0.6 4.7 -0.7
v 0.6 4.8 0.5
v 0.6 4.8 0.4
v 0.6 4.8 -0.3
v 0.6 4.8 -0.4
v 0.6 4.8 -0.5
v 0.6 4.8 -0.6
v 0.6 4.8 -0.7
v 0.6 4.8 -0.8
v 0.6 4.9 1
v 0.6 4.9 0.9
v 0.6 4.9 -0.3
v 0.6 4.9 -0.5
v 0.6 4.9 -0.6
v 0.6 5 1.1
v 0.6 5 1
v 0.6 5 0.9
v 0.6 5 0.6
v 0.6 5 0.5
v 0.6 5 0.4
v 0.6 5 -0.4
v 0.6 5 -0.5
v 0.6 5 -0.6
v 0.6 5 -0.7
v 0.6 5 -0.8
v 0.6 5.1 -0.4
v 0.6 5.1 -0.5
v 0.6 5.2 1.1
v 0.6 5.2 1
v 0.6 5.2 -0.5
v 0.6 5.2 -0.6
v 0.6 5.2 -0.7
v 0.6 5.2 -0.8
v 0.6 5.3 0.9
v 0.6 5.3 0.7
v 0.6 5.3 0.6
v 0.6 5.3 0.5
v 0.6 5.3 -0.4
v 0.6 5.3 -0.7
v 0.6 5.4 0.9
v 0.6 5.4 0.7
v 0.6 5.6 1.19209e-07
v 0.6 5.6 -0.3
v 0.6 5.7 1.19209e-07
v 0.6 5.7 -0.3
v 0.7 0.8 0.6
v 0.7 0.8 0.5
v 0.7 0.9 0.8
v 0.7 0.9 0.7
v 0.7 0.9 0.6
v 0.7 0.9 0.5
v 0.7 0.9 -0.8
v 0.7 0.9 -1
v 0.7 1 1
v 0.7 1 0.9
v 0.7 1 0.8
v 0.7 1 0.7
v 0.7 1 0.6
v 0.7 1 0.5
v 0.7 1 -1
v 0.7 1 -1.2
v 0.7 1.1 1
v 0.7 1.1 0.9
v 0.7 1.1 0.8
v 0.7 1.1 0.7
v 0.7 1.1 0.6
v 0.7 1.1 -0.8
v 0.7 1.1 -1.2
v 0.7 1.2 1
v 0.7 1.2 0.9
v 0.7 1.2 0.8
v 0.7 1.3 0.9
v 0.7 1.3 0.8
v 0.7 1.3 0.7
v 0.7 1.3 0.5
v 0.7 1.4 0.8
v 0.7 1.4 0.7
v 0.7 1.4 0.6
v 0.7 1.4 0.4
v 0.7 1.4 0.2
v 0.7 1.4 0.1
v 0.7 1.4 -0.0999999
v 0.7 1.4 -0.2
v 0.7 1.5 0.6
v 0.7 1.5 0.4
v 0.7 1.5 0.3
v 0.7 1.5 0.2
v 0.7 1.5 0.1
v 0.7 1.5 1.19209e-07
v 0.7 1.5 -0.0999999
v 0.7 1.5 -0.2
v 0.7 1.5 -0.4
v 0.7 1.6 0.8
v 0.7 1.6 0.6
v 0.7 1.6 0.4
v 0.7 1.6 0.3
v 0.7 1.6 0.2
v 0.7 1.6 0.1
v 0.7 1.7 0.4
v 0.7 1.7 0.2
v 0.7 1.7 0.1
v 0.7 1.7 1.19209e-07
v 0.7 1.8 0.4
v 0.7 1.8 -0.4
v 0.7 1.9 0.8
v 0.7 1.9 0.6
v 0.7 1.9 -0.6
v 0.7 1.9 -0.8
v 0.7 2 0.8
v 0.7 2 0.6
v 0.7 2 -0.6
v 0.7 2 -0.8
v 0.7 2.1 0.8
v 0.7 2.1 0.6
v 0.7 2.1 -0.6
v 0.7 2.1 -0.8
v 0.7 2.2 0.7
v 0.7 2.2 0.6
v 0.7 2.2 -0.6
v 0.7 2.2 -0.8
v 0.7 2.3 0.6
v 0.7 2.3 -0.6
v 0.7 2.3 -0.8
v 0.7 2.4 0.9
v 0.7 2.4 0.8
v 0.7 2.4 0.7
v 0.7 2.4 0.6
v 0.7 2.4 -0.6
v 0.7 2.4 -0.8
v 0.7 2.4 -0.9
v 0.7 2.7 0.9
v 0.7 2.7 0.8
v 0.7 2.7 -0.8
v 0.7 2.7 -0.9
v 0.7 2.8 1
v 0.7 2.8 0.9
v 0.7 2.8 -0.9
v 0.7 2.8 -1
v 0.7 2.9 1.1
v 0.7 2.9 1
v 0.7 2.9 0.9
v 0.7 2.9 -0.9
v 0.7 2.9 -1
v 0.7 2.9 -1.1
v 0.7 3 1.1
v 0.7 3 1
v 0.7 3 -1
v 0.7 3 -1.1
v 0.7 3.1 1
v 0.7 3.2 1.1
v 0.7 3.2 1
v 0.7 3.2 -1
v 0.7 3.2 -1.1
v 0.7 3.3 1.1
v 0.7 3.3 1
v 0.7 3.3 -1
v 0.7 3.3 -1.1
v 0.7 3.4 1.2
v 0.7 3.4 1.1
v 0.7 3.4 1
v 0.7 3.4 -1
v 0.7 3.4 -1.1
v 0.7 3.4 -1.2
v 0.7 3.5 1.2
v 0.7 3.5 1.1
v 0.7 3.5 1
v 0.7 3.5 -1
v 0.7 3.5 -1.1
v 0.7 3.5 -1.2
v 0.7 3.6 1.1
v 0.7 3.6 1
v 0.7 3.6 0.9
v 0.7 3.6 -0.9
v 0.7 3.6 -1
v 0.7 3.6 -1.1
v 0.7 3.7 1
v 0.7 3.7 0.9
v 0.7 3.7 0.8
v 0.7 3.7 -0.8
v 0.7 3.7 -0.9
v 0.7 3.7 -1
v 0.7 3.8 0.9
v 0.7 3.8 0.8
v 0.7 3.8 0.6
v 0.7 3.8 0.5
v 0.7 3.8 -0.5
v 0.7 3.8 -0.6
v 0.7 3.8 -0.8
v 0.7 3.8 -0.9
v 0.7 3.9 0.6
v 0.7 3.9 0.5
v 0.7 3.9 -0.5
v 0.7 3.9 -0.6
v 0.7 4 0.7
v 0.7 4 0.5
v 0.7 4 -0.5
v 0.7 4 -0.7
v 0.7 4.2 0.8
v 0.7 4.2 0.7
v 0.7 4.2 0.5
v 0.7 4.2 -0.5
v 0.7 4.2 -0.7
v 0.7 4.3 0.8
v 0.7 4.3 0.7
v 0.7 4.3 0.6
v 0.7 4.3 0.5
v 0.7 4.3 -0.5
v 0.7 4.3 -0.7
v 0.7 4.4 0.8
v 0.7 4.4 0.7
v 0.7 4.4 0.6
v 0.7 4.4 0.5
v 0.7 4.5 0.9
v 0.7 4.5 0.8
v 0.7 4.5 0.7
v 0.7 4.5 0.6
v 0.7 4.5 0.5
v 0.7 4.5 0.4
v 0.7 4.5 0.3
v 0.7 4.5 -0.2
v 0.7 4.5 -0.4
v 0.7 4.5 -0.5
v 0.7 4.5 -0.7
v 0.7 4.6 0.9
v 0.7 4.6 0.8
v 0.7 4.6 0.7
v 0.7 4.6 0.5
v 0.7 4.6 0.4
v 0.7 4.6 0.3
v 0.7 4.6 -0.2
v 0.7 4.6 -0.3
v 0.7 4.6 -0.4
v 0.7 4.6 -0.5
v 0.7 4.6 -0.6
v 0.7 4.6 -0.7
v 0.7 4.7 0.9
v 0.7 4.7 0.8
v 0.7 4.7 0.7
v 0.7 4.7 0.6
v 0.7 4.7 0.5
v 0.7 4.7 0.4
v 0.7 4.7 -0.3
v 0.7 4.7 -0.4
v 0.7 4.7 -0.5
v 0.7 4.7 -0.6
v 0.7 4.8 0.8
v 0.7 4.8 0.7
v 0.7 4.8 -0.4
v 0.7 4.8 -0.5
v 0.7 4.8 -0.6
v 0.7 5 1
v 0.7 5 0.9
v 0.7 5 0.6
v 0.7 5 0.5
v 0.7 5 -0.5
v 0.7 5 -0.6
v 0.7 5.2 -0.5
v 0.7 5.2 -0.6
v 0.7 5.3 1
v 0.7 5.3 0.6
v 0.8 0.9 0.7
v 0.8 0.9 0.6
v 0.8 1 0.9
v 0.8 1 0.7
v 0.8 1 0.6
v 0.8 1.1 0.9
v 0.8 1.1 0.8
v 0.8 1.1 0.7
v 0.8 1.1 0.6
v 0.8 1.2 0.9
v 0.8 1.2 0.8
v 0.8 1.3 0.9
v 0.8 1.3 0.7
v 0.8 1.4 0.9
v 0.8 1.4 0.7
v 0.8 1.8 0.4
v 0.8 1.8 -0.4
v 0.8 1.9 0.6
v 0.8 1.9 0.4
v 0.8 1.9 -0.4
v 0.8 1.9 -0.6
v 0.8 2 0.6
v 0.8 2 0.5
v 0.8 2 0.4
v 0.8 2 -0.4
v 0.8 2 -0.6
v 0.8 2.1 0.6
v 0.8 2.1 0.5
v 0.8 2.1 -0.4
v 0.8 2.1 -0.6
v 0.8 2.2 0.6
v 0.8 2.2 0.4
v 0.8 2.3 0.6
v 0.8 2.3 0.4
v 0.8 2.4 0.8
v 0.8 2.4 0.6
v 0.8 2.4 0.5
v 0.8 2.4 0.4
v 0.8 2.4 -0.4
v 0.8 2.4 -0.6
v 0.8 2.4 -0.8
v 0.8 2.5 0.6
v 0.8 2.7 0.9
v 0.8 2.7 0.8
v 0.8 2.7 0.6
v 0.8 2.7 -0.6
v 0.8 2.7 -0.8
v 0.8 2.7 -0.9
v 0.8 2.8 -0.8
v 0.8 2.8 -0.9
v 0.8 2.9 1
v 0.8 2.9 0.9
v 0.8 2.9 0.8
v 0.8 2.9 -0.8
v 0.8 2.9 -0.9
v 0.8 2.9 -1
v 0.8 3 1
v 0.8 3 0.9
v 0.8 3 -0.9
v 0.8 3 -1
v 0.8 3.1 1
v 0.8 3.1 0.9
v 0.8 3.2 1
v 0.8 3.2 0.9
v 0.8 3.2 -0.9
v 0.8 3.2 -1
v 0.8 3.3 1
v 0.8 3.3 0.9
v 0.8 3.3 -0.9
v 0.8 3.3 -1
v 0.8 3.4 1.1
v 0.8 3.4 1
v 0.8 3.4 0.9
v 0.8 3.4 -0.9
v 0.8 3.4 -1
v 0.8 3.4 -1.1
v 0.8 3.5 1.1
v 0.8 3.5 1
v 0.8 3.5 0.9
v 0.8 3.5 -0.9
v 0.8 3.5 -1
v 0.8 3.5 -1.1
v 0.8 3.6 1
v 0.8 3.6 0.9
v 0.8 3.6 0.7
v 0.8 3.6 -0.7
v 0.8 3.6 -0.8
v 0.8 3.6 -0.9
v 0.8 3.6 -1
v 0.8 3.7 0.9
v 0.8 3.7 0.8
v 0.8 3.7 0.7
v 0.8 3.7 0.6
v 0.8 3.7 0.5
v 0.8 3.7 0.4
v 0.8 3.7 0.3
v 0.8 3.7 -0.3
v 0.8 3.7 -0.7
v 0.8 3.7 -0.8
v 0.8 3.7 -0.9
v 0.8 3.8 0.8
v 0.8 3.8 0.6
v 0.8 3.8 0.5
v 0.8 3.8 0.4
v 0.8 3.8 0.3
v 0.8 3.8 -0.3
v 0.8 3.8 -0.5
v 0.8 3.8 -0.7
v 0.8 3.8 -0.8
v 0.8 3.9 0.5
v 0.8 3.9 -0.5
v 0.8 4.5 0.8
v 0.8 4.5 0.6
v 0.8 4.5 0.5
v 0.8 4.5 0.4
v 0.8 4.5 -0.4
v 0.8 4.5 -0.5
v 0.8 4.6 0.8
v 0.8 4.6 0.7
v 0.8 4.6 0.5
v 0.8 4.6 0.4
v 0.8 4.6 -0.4
v 0.8 4.6 -0.5
v 0.8 4.7 0.7
v 0.8 4.7 0.6
v 0.8 4.7 0.5
v 0.9 1.9 0.4
v 0.9 1.9 -0.4
v 0.9 2 0.4
v 0.9 2 -0.2
v 0.9 2.1 0.3
v 0.9 2.1 1.19209e-07
v 0.9 2.1 -0.2
v 0.9 2.1 -0.4
v 0.9 2.2 0.4
v 0.9 2.2 0.3
v 0.9 2.3 0.4
v 0.9 2.3 1.19209e-07
v 0.9 2.4 0.6
v 0.9 2.4 0.5
v 0.9 2.4 0.4
v 0.9 2.4 -0.4
v 0.9 2.4 -0.6
v 0.9 2.5 0.6
v 0.9 2.5 0.5
v 0.9 2.5 0.4
v 0.9 2.5 -0.4
v 0.9 2.6 0.5
v 0.9 2.6 0.4
v 0.9 2.7 0.8
v 0.9 2.7 0.6
v 0.9 2.7 0.5
v 0.9 2.7 0.4
v 0.9 2.7 -0.4
v 0.9 2.7 -0.6
v 0.9 2.7 -0.8
v 0.9 2.8 -0.6
v 0.9 2.8 -0.7
v 0.9 2.9 0.9
v 0.9 2.9 0.8
v 0.9 2.9 0.7
v 0.9 2.9 0.6
v 0.9 2.9 -0.6
v 0.9 2.9 -0.7
v 0.9 2.9 -0.8
v 0.9 2.9 -0.9
v 0.9 3 -0.8
v 0.9 3 -0.9
v 0.9 3.1 0.9
v 0.9 3.1 0.8
v 0.9 3.2 0.9
v 0.9 3.2 0.8
v 0.9 3.2 -0.8
v 0.9 3.2 -0.9
v 0.9 3.3 0.9
v 0.9 3.3 0.8
v 0.9 3.3 -0.8
v 0.9 3.3 -0.9
v 0.9 3.4 1
v 0.9 3.4 0.9
v 0.9 3.4 0.8
v 0.9 3.4 -0.8
v 0.9 3.4 -0.9
v 0.9 3.4 -1
v 0.9 3.5 1
v 0.9 3.5 0.9
v 0.9 3.5 0.7
v 0.9 3.5 -0.7
v 0.9 3.5 -0.8
v 0.9 3.5 -0.9
v 0.9 3.5 -1
v 0.9 3.6 0.9
v 0.9 3.6 0.7
v 0.9 3.6 0.6
v 0.9 3.6 0.5
v 0.9 3.6 -0.5
v 0.9 3.6 -0.6
v 0.9 3.6 -0.7
v 0.9 3.6 -0.8
v 0.9 3.6 -0.9
v 0.9 3.7 0.7
v 0.9 3.7 0.6
v 0.9 3.7 0.5
v 0.9 3.7 0.3
v 0.9 3.7 -0.3
v 0.9 3.7 -0.5
v 0.9 3.7 -0.7
v 0.9 3.8 0.3
v 0.9 3.8 -0.3
v 1 2.4 0.4
v 1 2.4 -0.4
v 1 2.5 -0.0999999
v 1 2.5 -0.4
v 1 2.7 0.6
v 1 2.7 0.5
v 1 2.7 0.4
v 1 2.7 -0.0999999
v 1 2.7 -0.4
v 1 2.7 -0.6
v 1 2.8 0.4
v 1 2.9 0.8
v 1 2.9 0.7
v 1 2.9 0.6
v 1 2.9 0.5
v 1 2.9 0.4
v 1 2.9 -0.4
v 1 2.9 -0.6
v 1 2.9 -0.8
v 1 3 0.7
v 1 3 0.6
v 1 3 -0.6
v 1 3 -0.8
v 1 3.1 0.8
v 1 3.1 0.6
v 1 3.2 0.8
v 1 3.2 0.6
v 1 3.2 -0.6
v 1 3.2 -0.8
v 1 3.3 0.8
v 1 3.3 0.6
v 1 3.3 -0.6
v 1 3.3 -0.8
v 1 3.4 0.9
v 1 3.4 0.8
v 1 3.4 0.7
v 1 3.4 0.6
v 1 3.4 -0.6
v 1 3.4 -0.7
v 1 3.4 -0.8
v 1 3.4 -0.9
v 1 3.5 0.9
v 1 3.5 0.7
v 1 3.5 0.6
v 1 3.5 -0.6
v 1 3.5 -0.7
v 1 3.5 -0.9
v 1 3.6 0.7
v 1 3.6 0.6
v 1 3.6 0.5
v 1 3.6 0.4
v 1 3.6 0.3
v 1 3.6 0.2
v 1 3.6 -0.2
v 1 3.6 -0.5
v 1 3.6 -0.6
v 1 3.6 -0.7
v 1 3.7 0.5
v 1 3.7 0.4
v 1 3.7 0.2
v 1 3.7 -0.2
v 1 3.7 -0.5
v 1.1 2.7 0.4
v 1.1 2.7 -0.0999999
v 1.1 2.7 -0.4
v 1.1 2.8 0.4
v 1.1 2.8 -0.0999999
v 1.1 2.9 0.6
v 1.1 2.9 0.4
v 1.1 2.9 -0.4
v 1.1 2.9 -0.6
v 1.1 3 0.6
v 1.1 3 0.4
v 1.1 3 -0.4
v 1.1 3 -0.6
v 1.1 3.1 0.6
v 1.1 3.1 0.4
v 1.1 3.2 0.6
v 1.1 3.2 0.4
v 1.1 3.2 -0.4
v 1.1 3.2 -0.6
v 1.1 3.3 0.6
v 1.1 3.3 0.4
v 1.1 3.3 -0.4
v 1.1 3.3 -0.6
v 1.1 3.4 0.7
v 1.1 3.4 0.6
v 1.1 3.4 0.5
v 1.1 3.4 0.4
v 1.1 3.4 -0.4
v 1.1 3.4 -0.5
v 1.1 3.4 -0.6
v 1.1 3.4 -0.7
v 1.1 3.5 0.7
v 1.1 3.5 0.6
v 1.1 3.5 0.5
v 1.1 3.5 0.4
v 1.1 3.5 0.3
v 1.1 3.5 -0.3
v 1.1 3.5 -0.4
v 1.1 3.5 -0.5
v 1.1 3.5 -0.6
v 1.1 3.5 -0.7
v 1.1 3.6 0.6
v 1.1 3.6 0.4
v 1.1 3.6 0.3
v 1.1 3.6 0.2
v 1.1 3.6 -0.2
v 1.1 3.6 -0.3
v 1.1 3.6 -0.6
v 1.1 3.7 0.2
v 1.1 3.7 -0.2
v 1.2 2.9 0.4
v 1.2 2.9 -0.4
v 1.2 3 0.4
v 1.2 3 -0.4
v 1.2 3.1 0.1
v 1.2 3.1 -0.0999999
v 1.2 3.1 -0.3
v 1.2 3.2 0.4
v 1.2 3.2 0.1
v 1.2 3.2 -0.0999999
v 1.2 3.2 -0.3
v 1.2 3.2 -0.4
v 1.2 3.3 0.4
v 1.2 3.3 -0.4
v 1.2 3.4 0.5
v 1.2 3.4 0.4
v 1.2 3.4 0.3
v 1.2 3.4 0.2
v 1.2 3.4 1.19209e-07
v 1.2 3.4 -0.2
v 1.2 3.4 -0.4
v 1.2 3.4 -0.5
v 1.2 3.5 0.5
v 1.2 3.5 0.4
v 1.2 3.5 0.3
v 1.2 3.5 0.2
v 1.2 3.5 1.19209e-07
v 1.2 3.5 -0.2
v 1.2 3.5 -0.3
v 1.2 3.5 -0.4
v 1.2 3.5 -0.5
v 1.2 3.6 0.3
v 1.2 3.6 -0.3
v 1.3 3.4 0.2
v 1.3 3.4 1.19209e-07
v 1.3 3.4 -0.2
v 1.3 3.5 0.2
v 1.3 3.5 1.19209e-07
v 1.3 3.5 -0.2
v -1 1.3 1.3
v -1 1.5 1.3
v -0.9 1.2 1.3
v -0.9 1.3 1.3
v -0.9 1.4 1.3
v -0.9 1.5 1.3
v -0.8 1.1 1.3
v -0.8 1.2 1.3
v -0.8 1.3 1.3
v -0.8 1.4 1.3
v -0.7 1.1 1.3
v -0.7 1.4 1.3
v -0.3 2.9 1.3
v -0.3 3.2 1.3
v -0.3 3.4 1.3
v -0.3 3.5 1.3
v -0.2 3 1.3
v -0.2 3.2 1.3
v -0.2 3.3 1.3
v -0.2 3.4 1.3
v -0.2 3.5 1.3
v -0.2 3.6 1.3
v -0.1 2.9 1.3
v -0.1 3 1.3
v -1.19209e-07 3.6 1.3
v -1.19209e-07 3.7 1.3
v 0.0999999 2.9 1.3
v 0.0999999 3.1 1.3
v 0.0999999 3.2 1.3
v 0.0999999 3.3 1.3
v 0.0999999 3.4 1.3
v 0.0999999 3.6 1.3
v 0.0999999 3.7 1.3
v 0.2 2.9 1.3
v 0.2 3 1.3
v 0.2 3.6 1.3
v 0.2 3.7 1.3
v 0.3 3 1.3
v 0.3 3.1 1.3
v 0.3 3.3 1.3
v 0.3 3.4 1.3
v 0.3 3.5 1.3
v 0.3 3.6 1.3
v -1.1 1.4 1.2
v -1.1 1.5 1.2
v -1 1.2 1.2
v -1 1.3 1.2
v -1 1.4 1.2
v -1 1.5 1.2
v -1 1.6 1.2
v -0.9 1.1 1.2
v -0.9 1.2 1.2
v -0.9 1.3 1.2
v -0.9 1.4 1.2
v -0.9 1.5 1.2
v -0.8 1 1.2
v -0.8 1.1 1.2
v -0.8 1.2 1.2
v -0.8 1.4 1.2
v -0.7 1 1.2
v -0.7 1.1 1.2
v -0.7 1.4 1.2
v -0.7 1.5 1.2
v -0.7 1.6 1.2
v -0.7 3 1.2
v -0.7 3.1 1.2
v -0.6 1 1.2
v -0.6 1.5 1.2
v -0.6 3.1 1.2
v -0.6 3.3 1.2
v -0.6 3.4 1.2
v -0.6 3.5 1.2
v -0.6 3.6 1.2
v -0.5 2.1 1.2
v -0.5 2.2 1.2
v -0.5 2.3 1.2
v -0.5 2.5 1.2
v -0.5 3 1.2
v -0.5 3.3 1.2
v -0.5 3.4 1.2
v -0.5 3.5 1.2
v -0.5 3.6 1.2
v -0.5 3.7 1.2
v -0.4 2 1.2
v -0.4 2.1 1.2
v -0.4 2.2 1.2
v -0.4 2.5 1.2
v -0.4 2.6 1.2
v -0.4 3 1.2
v -0.4 3.3 1.2
v -0.4 3.4 1.2
v -0.4 3.5 1.2
v -0.4 3.7 1.2
v -0.4 3.8 1.2
v -0.3 2.9 1.2
v -0.3 3 1.2
v -0.3 3.2 1.2
v -0.3 3.3 1.2
v -0.3 3.4 1.2
v -0.3 3.5 1.2
v -0.2 2.5 1.2
v -0.2 2.6 1.2
v -0.2 3.5 1.2
v -0.2 3.6 1.2
v -0.2 3.7 1.2
v -0.2 3.8 1.2
v -0.1 2.2 1.2
v -0.1 2.3 1.2
v -0.1 2.5 1.2
v -0.1 2.7 1.2
v -0.1 2.9 1.2
v -1.19209e-07 2.5 1.2
v -1.19209e-07 2.7 1.2
v -1.19209e-07 2.9 1.2
v -1.19209e-07 3.6 1.2
v -1.19209e-07 3.7 1.2
v -1.19209e-07 3.8 1.2
v 0.0999999 2 1.2
v 0.0999999 2.1 1.2
v 0.0999999 2.2 1.2
v 0.0999999 2.4 1.2
v 0.0999999 2.9 1.2
v 0.0999999 3.7 1.2
v 0.2 1 1.2
v 0.2 1.1 1.2
v 0.2 1.2 1.2
v 0.2 2.4 1.2
v 0.2 2.7 1.2
v 0.2 2.8 1.2
v 0.2 2.9 1.2
v 0.2 3 1.2
v 0.2 3.6 1.2
v 0.2 3.7 1.2
v 0.2 3.8 1.2
v 0.3 1 1.2
v 0.3 1.1 1.2
v 0.3 1.2 1.2
v 0.3 3 1.2
v 0.3 3.1 1.2
v 0.3 3.3 1.2
v 0.3 3.4 1.2
v 0.3 3.5 1.2
v 0.3 3.6 1.2
v 0.3 3.7 1.2
v 0.3 3.8 1.2
v 0.4 3 1.2
v 0.4 3.1 1.2
v 0.4 3.2 1.2
v 0.4 3.3 1.2
v 0.4 3.6 1.2
v 0.4 3.7 1.2
v 0.5 1.1 1.2
v 0.5 1.2 1.2
v 0.5 1.3 1.2
v 0.5 2.8 1.2
v 0.5 2.9 1.2
v 0.5 3.5 1.2
v 0.5 3.6 1.2
v 0.6 1.2 1.2
v 0.6 1.3 1.2
v 0.6 2.9 1.2
v 0.6 3 1.2
v 0.6 3.2 1.2
v 0.6 3.3 1.2
v 0.6 3.4 1.2
v 0.6 3.5 1.2
v 0.6 3.6 1.2
v 0.7 3.4 1.2
v 0.7 3.5 1.2
v -1.2 1.4 1.1
v -1.2 1.5 1.1
v -1.1 1.3 1.1
v -1.1 1.4 1.1
v -1.1 1.5 1.1
v -1.1 1.6 1.1
v -1 1.1 1.1
v -1 1.2 1.1
v -1 1.3 1.1
v -1 1.4 1.1
v -1 1.5 1.1
v -1 1.6 1.1
v -1 1.7 1.1
v -0.9 0.9 1.1
v -0.9 1.1 1.1
v -0.9 1.2 1.1
v -0.9 1.6 1.1
v -0.9 1.7 1.1
v -0.8 0.9 1.1
v -0.8 1 1.1
v -0.8 1.1 1.1
v -0.8 1.6 1.1
v -0.8 1.7 1.1
v -0.8 2.1 1.1
v -0.8 2.2 1.1
v -0.8 2.3 1.1
v -0.8 2.5 1.1
v -0.8 3 1.1
v -0.8 3.1 1.1
v -0.7 1.5 1.1
v -0.7 1.6 1.1
v -0.7 2.4 1.1
v -0.7 2.5 1.1
v -0.7 2.8 1.1
v -0.7 3 1.1
v -0.7 3.1 1.1
v -0.7 3.3 1.1
v -0.7 3.4 1.1
v -0.7 3.5 1.1
v -0.7 3.6 1.1
v -0.6 1.1 1.1
v -0.6 1.5 1.1
v -0.6 1.6 1.1
v -0.6 1.7 1.1
v -0.6 1.8 1.1
v -0.6 1.9 1.1
v -0.6 2 1.1
v -0.6 2.3 1.1
v -0.6 2.4 1.1
v -0.6 2.8 1.1
v -0.6 3 1.1
v -0.6 3.1 1.1
v -0.6 3.3 1.1
v -0.6 3.4 1.1
v -0.6 3.5 1.1
v -0.6 3.6 1.1
v -0.6 3.7 1.1
v -0.5 1.1 1.1
v -0.5 1.5 1.1
v -0.5 1.9 1.1
v -0.5 2 1.1
v -0.5 2.1 1.1
v -0.5 2.2 1.1
v -0.5 2.3 1.1
v -0.5 2.5 1.1
v -0.5 2.6 1.1
v -0.5 2.8 1.1
v -0.5 3 1.1
v -0.5 3.6 1.1
v -0.5 3.7 1.1
v -0.5 3.8 1.1
v -0.4 1.5 1.1
v -0.4 1.6 1.1
v -0.4 1.7 1.1
v -0.4 1.8 1.1
v -0.4 1.9 1.1
v -0.4 2 1.1
v -0.4 2.1 1.1
v -0.4 2.5 1.1
v -0.4 2.6 1.1
v -0.4 3 1.1
v -0.4 3.7 1.1
v -0.4 3.8 1.1
v -0.4 3.9 1.1
v -0.3 3.8 1.1
v -0.3 3.9 1.1
v -0.2 1.6 1.1
v -0.2 1.7 1.1
v -0.2 1.9 1.1
v -0.2 2 1.1
v -0.2 3.8 1.1
v -0.2 3.9 1.1
v -0.1 1.8 1.1
v -0.1 1.9 1.1
v -1.19209e-07 1.7 1.1
v -1.19209e-07 1.8 1.1
v -1.19209e-07 1.9 1.1
v -1.19209e-07 3.8 1.1
v -1.19209e-07 3.9 1.1
v 0.0999999 0.9 1.1
v 0.0999999 1 1.1
v 0.0999999 1.1 1.1
v 0.0999999 1.4 1.1
v 0.0999999 1.9 1.1
v 0.0999999 2 1.1
v 0.0999999 2.1 1.1
v 0.0999999 2.2 1.1
v 0.0999999 2.4 1.1
v 0.2 0.9 1.1
v 0.2 1 1.1
v 0.2 1.1 1.1
v 0.2 1.2 1.1
v 0.2 2.4 1.1
v 0.2 2.7 1.1
v 0.2 2.8 1.1
v 0.2 3.8 1.1
v 0.2 3.9 1.1
v 0.3 1 1.1
v 0.3 1.1 1.1
v 0.3 1.2 1.1
v 0.4 1 1.1
v 0.4 1.1 1.1
v 0.4 1.2 1.1
v 0.4 1.3 1.1
v 0.4 1.4 1.1
v 0.4 1.5 1.1
v 0.4 1.9 1.1
v 0.4 2 1.1
v 0.4 2.1 1.1
v 0.4 2.4 1.1
v 0.4 3.6 1.1
v 0.4 3.7 1.1
v 0.5 1.1 1.1
v 0.5 1.2 1.1
v 0.5 1.3 1.1
v 0.5 1.4 1.1
v 0.5 2.4 1.1
v 0.5 2.8 1.1
v 0.5 2.9 1.1
v 0.5 3.6 1.1
v 0.5 5 1.1
v 0.5 5.2 1.1
v 0.6 1.1 1.1
v 0.6 1.2 1.1
v 0.6 1.4 1.1
v 0.6 1.5 1.1
v 0.6 2.8 1.1
v 0.6 2.9 1.1
v 0.6 3 1.1
v 0.6 3.2 1.1
v 0.6 3.3 1.1
v 0.6 3.4 1.1
v 0.6 3.5 1.1
v 0.6 3.6 1.1
v 0.6 3.7 1.1
v 0.6 5 1.1
v 0.6 5.2 1.1
v 0.7 2.9 1.1
v 0.7 3 1.1
v 0.7 3.2 1.1
v 0.7 3.3 1.1
v 0.7 3.4 1.1
v 0.7 3.5 1.1
v 0.7 3.6 1.1
v 0.8 3.4 1.1
v 0.8 3.5 1.1
v -1.3 1.4 1
v -1.3 1.5 1
v -1.2 1.3 1
v -1.2 1.4 1
v -1.2 1.5 1
v -1.2 1.6 1
v -1.1 1.2 1
v -1.1 1.3 1
v -1.1 1.4 1
v -1.1 1.5 1
v -1.1 1.6 1
v -1.1 1.7 1
v -1 0.9 1
v -1 1.1 1
v -1 1.2 1
v -1 1.3 1
v -1 1.6 1
v -1 1.7 1
v -0.9 0.8 1
v -0.9 0.9 1
v -0.9 1.1 1
v -0.9 1.6 1
v -0.9 1.7 1
v -0.9 1.8 1
v -0.9 1.9 1
v -0.9 2 1
v -0.9 2.1 1
v -0.9 2.2 1
v -0.9 2.4 1
v -0.9 2.5 1
v -0.8 0.8 1
v -0.8 0.9 1
v -0.8 1 1
v -0.8 1.6 1
v -0.8 1.7 1
v -0.8 2 1
v -0.8 2.1 1
v -0.8 2.2 1
v -0.8 2.3 1
v -0.8 2.4 1
v -0.8 2.5 1
v -0.8 2.6 1
v -0.8 3 1
v -0.8 3.2 1
v -0.8 3.4 1
v -0.8 3.5 1
v -0.8 3.6 1
v -0.7 0.9 1
v -0.7 1 1
v -0.7 1.7 1
v -0.7 1.8 1
v -0.7 1.9 1
v -0.7 2 1
v -0.7 2.1 1
v -0.7 2.5 1
v -0.7 2.6 1
v -0.7 2.8 1
v -0.7 3 1
v -0.7 3.2 1
v -0.7 3.3 1
v -0.7 3.4 1
v -0.7 3.5 1
v -0.7 3.6 1
v -0.7 3.8 1
v -0.6 1.6 1
v -0.6 1.7 1
v -0.6 1.8 1
v -0.6 1.9 1
v -0.6 2 1
v -0.6 3.6 1
v -0.6 3.7 1
v -0.6 3.8 1
v -0.5 1.1 1
v -0.5 1.2 1
v -0.5 1.4 1
v -0.5 1.5 1
v -0.5 1.7 1
v -0.5 1.8 1
v -0.5 2 1
v -0.5 2.1 1
v -0.5 3.7 1
v -0.5 3.8 1
v -0.5 3.9 1
v -0.4 1.1 1
v -0.4 1.2 1
v -0.4 1.5 1
v -0.4 1.6 1
v -0.4 1.7 1
v -0.4 1.8 1
v -0.4 3.8 1
v -0.4 3.9 1
v -0.3 1.4 1
v -0.3 1.5 1
v -0.3 1.6 1
v -0.3 3.9 1
v -0.3 4 1
v -0.2 1.6 1
v -0.2 1.7 1
v -0.2 3.8 1
v -0.2 3.9 1
v -0.2 4 1
v -0.1 3.8 1
v -1.19209e-07 0.9 1
v -1.19209e-07 1.3 1
v -1.19209e-07 1.4 1
v -1.19209e-07 1.5 1
v -1.19209e-07 1.6 1
v -1.19209e-07 1.7 1
v -1.19209e-07 1.8 1
v -1.19209e-07 1.9 1
v -1.19209e-07 3.8 1
v -1.19209e-07 3.9 1
v 0.0999999 0.9 1
v 0.0999999 1 1
v 0.0999999 1.1 1
v 0.0999999 1.3 1
v 0.0999999 1.4 1
v 0.0999999 1.6 1
v 0.0999999 1.7 1
v 0.0999999 1.8 1
v 0.0999999 1.9 1
v 0.2 0.9 1
v 0.2 1 1
v 0.2 3.8 1
v 0.2 3.9 1
v 0.3 0.9 1
v 0.3 1 1
v 0.3 1.5 1
v 0.3 1.7 1
v 0.3 1.8 1
v 0.3 1.9 1
v 0.3 3.7 1
v 0.3 3.8 1
v 0.3 3.9 1
v 0.4 1 1
v 0.4 1.1 1
v 0.4 1.4 1
v 0.4 1.5 1
v 0.4 1.9 1
v 0.4 2 1
v 0.4 2.1 1
v 0.4 2.4 1
v 0.4 3.7 1
v 0.4 3.8 1
v 0.4 4.9 1
v 0.4 5.3 1
v 0.5 1 1
v 0.5 1.1 1
v 0.5 1.3 1
v 0.5 1.4 1
v 0.5 1.5 1
v 0.5 1.7 1
v 0.5 1.9 1
v 0.5 2 1
v 0.5 2.1 1
v 0.5 2.4 1
v 0.5 2.8 1
v 0.5 3.7 1
v 0.5 3.8 1
v 0.5 4.6 1
v 0.5 4.9 1
v 0.5 5 1
v 0.5 5.2 1
v 0.6 1 1
v 0.6 1.1 1
v 0.6 1.2 1
v 0.6 1.3 1
v 0.6 1.4 1
v 0.6 2.4 1
v 0.6 2.8 1
v 0.6 2.9 1
v 0.6 3.6 1
v 0.6 3.7 1
v 0.6 4.6 1
v 0.6 4.9 1
v 0.6 5 1
v 0.6 5.2 1
v 0.7 1 1
v 0.7 1.1 1
v 0.7 1.2 1
v 0.7 2.8 1
v 0.7 2.9 1
v 0.7 3 1
v 0.7 3.1 1
v 0.7 3.2 1
v 0.7 3.3 1
v 0.7 3.4 1
v 0.7 3.5 1
v 0.7 3.6 1
v 0.7 3.7 1
v 0.7 5 1
v 0.7 5.3 1
v 0.8 2.9 1
v 0.8 3 1
v 0.8 3.1 1
v 0.8 3.2 1
v 0.8 3.3 1
v 0.8 3.4 1
v 0.8 3.5 1
v 0.8 3.6 1
v 0.9 3.4 1
v 0.9 3.5 1
v -1.3 1.3 0.9
v -1.3 1.4 0.9
v -1.2 1.2 0.9
v -1.2 1.3 0.9
v -1.2 1.4 0.9
v -1.1 1.1 0.9
v -1.1 1.2 0.9
v -1.1 1.3 0.9
v -1 0.8 0.9
v -1 0.9 0.9
v -1 1.1 0.9
v -1 1.2 0.9
v -1 1.7 0.9
v -1 1.8 0.9
v -1 1.9 0.9
v -1 2 0.9
v -1 2.2 0.9
v -1 2.3 0.9
v -1 2.4 0.9
v -1 2.5 0.9
v -1 2.6 0.9
v -0.9 0.8 0.9
v -0.9 0.9 0.9
v -0.9 1.7 0.9
v -0.9 1.8 0.9
v -0.9 1.9 0.9
v -0.9 2 0.9
v -0.9 2.1 0.9
v -0.9 2.2 0.9
v -0.9 2.3 0.9
v -0.9 2.4 0.9
v -0.9 2.5 0.9
v -0.9 2.6 0.9
v -0.9 2.7 0.9
v -0.9 3 0.9
v -0.9 3.1 0.9
v -0.9 3.4 0.9
v -0.9 3.5 0.9
v -0.9 3.6 0.9
v -0.8 1.7 0.9
v -0.8 1.8 0.9
v -0.8 2 0.9
v -0.8 2.1 0.9
v -0.8 2.5 0.9
v -0.8 2.6 0.9
v -0.8 2.7 0.9
v -0.8 3 0.9
v -0.8 3.1 0.9
v -0.8 3.2 0.9
v -0.8 3.4 0.9
v -0.8 3.5 0.9
v -0.8 3.6 0.9
v -0.8 3.7 0.9
v -0.8 3.8 0.9
v -0.8 3.9 0.9
v -0.7 1.7 0.9
v -0.7 1.8 0.9
v -0.7 3.1 0.9
v -0.7 3.2 0.9
v -0.7 3.6 0.9
v -0.7 3.7 0.9
v -0.7 3.8 0.9
v -0.6 1 0.9
v -0.6 1.1 0.9
v -0.6 3.8 0.9
v -0.5 1 0.9
v -0.5 1.1 0.9
v -0.5 1.2 0.9
v -0.5 1.3 0.9
v -0.5 1.4 0.9
v -0.5 3.8 0.9
v -0.5 3.9 0.9
v -0.5 4 0.9
v -0.4 1.2 0.9
v -0.4 1.3 0.9
v -0.4 1.4 0.9
v -0.3 1.2 0.9
v -0.3 1.3 0.9
v -0.3 1.4 0.9
v -0.3 1.5 0.9
v -0.3 3.9 0.9
v -0.3 4 0.9
v -0.2 1.4 0.9
v -0.2 1.5 0.9
v -0.1 1.2 0.9
v -0.1 1.4 0.9
v -1.19209e-07 0.8 0.9
v -1.19209e-07 0.9 0.9
v -1.19209e-07 1.2 0.9
v -1.19209e-07 1.3 0.9
v -1.19209e-07 1.4 0.9
v -1.19209e-07 1.5 0.9
v -1.19209e-07 1.6 0.9
v -1.19209e-07 3.9 0.9
v -1.19209e-07 4 0.9
v 0.0999999 0.8 0.9
v 0.0999999 0.9 0.9
v 0.0999999 1.4 0.9
v 0.0999999 1.6 0.9
v 0.2 3.9 0.9
v 0.2 4 0.9
v 0.3 0.9 0.9
v 0.3 1 0.9
v 0.3 1.7 0.9
v 0.3 1.8 0.9
v 0.3 1.9 0.9
v 0.3 5 0.9
v 0.3 5.1 0.9
v 0.4 0.9 0.9
v 0.4 1 0.9
v 0.4 1.7 0.9
v 0.4 1.9 0.9
v 0.4 4.6 0.9
v 0.4 4.7 0.9
v 0.4 4.8 0.9
v 0.4 4.9 0.9
v 0.4 5 0.9
v 0.4 5.1 0.9
v 0.4 5.3 0.9
v 0.4 5.4 0.9
v 0.5 1 0.9
v 0.5 1.1 0.9
v 0.5 1.5 0.9
v 0.5 1.7 0.9
v 0.5 1.9 0.9
v 0.5 2 0.9
v 0.5 2.1 0.9
v 0.5 2.4 0.9
v 0.5 3.7 0.9
v 0.5 3.8 0.9
v 0.5 4.4 0.9
v 0.5 4.5 0.9
v 0.5 4.6 0.9
v 0.5 4.7 0.9
v 0.5 4.8 0.9
v 0.5 4.9 0.9
v 0.6 1 0.9
v 0.6 1.1 0.9
v 0.6 1.2 0.9
v 0.6 1.4 0.9
v 0.6 1.5 0.9
v 0.6 1.7 0.9
v 0.6 1.9 0.9
v 0.6 2 0.9
v 0.6 2.1 0.9
v 0.6 2.4 0.9
v 0.6 2.8 0.9
v 0.6 3.7 0.9
v 0.6 3.8 0.9
v 0.6 4.4 0.9
v 0.6 4.5 0.9
v 0.6 4.6 0.9
v 0.6 4.7 0.9
v 0.6 4.9 0.9
v 0.6 5 0.9
v 0.6 5.3 0.9
v 0.6 5.4 0.9
v 0.7 1 0.9
v 0.7 1.1 0.9
v 0.7 1.2 0.9
v 0.7 1.3 0.9
v 0.7 2.4 0.9
v 0.7 2.7 0.9
v 0.7 2.8 0.9
v 0.7 2.9 0.9
v 0.7 3.6 0.9
v 0.7 3.7 0.9
v 0.7 3.8 0.9
v 0.7 4.5 0.9
v 0.7 4.6 0.9
v 0.7 4.7 0.9
v 0.7 5 0.9
v 0.8 1 0.9
v 0.8 1.1 0.9
v 0.8 1.2 0.9
v 0.8 1.3 0.9
v 0.8 1.4 0.9
v 0.8 2.7 0.9
v 0.8 2.9 0.9
v 0.8 3 0.9
v 0.8 3.1 0.9
v 0.8 3.2 0.9
v 0.8 3.3 0.9
v 0.8 3.4 0.9
v 0.8 3.5 0.9
v 0.8 3.6 0.9
v 0.8 3.7 0.9
v 0.9 2.9 0.9
v 0.9 3.1 0.9
v 0.9 3.2 0.9
v 0.9 3.3 0.9
v 0.9 3.4 0.9
v 0.9 3.5 0.9
v 0.9 3.6 0.9
v 1 3.4 0.9
v 1 3.5 0.9
v -1.3 1.2 0.8
v -1.3 1.3 0.8
v -1.2 1.1 0.8
v -1.2 1.2 0.8
v -1.2 1.3 0.8
v -1.1 0.9 0.8
v -1.1 1.1 0.8
v -1.1 1.2 0.8
v -1.1 1.9 0.8
v -1.1 2 0.8
v -1.1 2.2 0.8
v -1.1 2.3 0.8
v -1.1 2.4 0.8
v -1.1 2.5 0.8
v -1.1 2.6 0.8
v -1 0.9 0.8
v -1 1.1 0.8
v -1 1.9 0.8
v -1 2 0.8
v -1 2.1 0.8
v -1 2.2 0.8
v -1 2.3 0.8
v -1 2.4 0.8
v -1 2.5 0.8
v -1 2.6 0.8
v -1 3 0.8
v -1 3.1 0.8
v -1 3.4 0.8
v -1 3.5 0.8
v -1 3.6 0.8
v -0.9 1.7 0.8
v -0.9 1.8 0.8
v -0.9 2 0.8
v -0.9 2.1 0.8
v -0.9 2.2 0.8
v -0.9 2.6 0.8
v -0.9 2.7 0.8
v -0.9 3 0.8
v -0.9 3.1 0.8
v -0.9 3.2 0.8
v -0.9 3.3 0.8
v -0.9 3.4 0.8
v -0.9 3.5 0.8
v -0.9 3.6 0.8
v -0.9 3.7 0.8
v -0.9 3.8 0.8
v -0.8 1.7 0.8
v -0.8 1.8 0.8
v -0.8 3.1 0.8
v -0.8 3.2 0.8
v -0.8 3.3 0.8
v -0.8 3.4 0.8
v -0.8 3.6 0.8
v -0.8 3.7 0.8
v -0.8 3.8 0.8
v -0.6 3.9 0.8
v -0.6 4 0.8
v -0.5 1 0.8
v -0.5 1.1 0.8
v -0.5 3.9 0.8
v -0.5 4 0.8
v -0.4 1 0.8
v -0.4 1.1 0.8
v -0.4 1.3 0.8
v -0.4 1.4 0.8
v -0.3 1.3 0.8
v -0.3 1.4 0.8
v -0.3 4 0.8
v -0.3 4.1 0.8
v -0.2 1.4 0.8
v -0.2 1.5 0.8
v -0.2 3.9 0.8
v -0.2 4 0.8
v -0.2 4.1 0.8
v -0.1 1.4 0.8
v -0.1 1.5 0.8
v -1.19209e-07 1.4 0.8
v -1.19209e-07 1.5 0.8
v -1.19209e-07 3.9 0.8
v -1.19209e-07 4 0.8
v 0.0999999 0.8 0.8
v 0.0999999 0.9 0.8
v 0.2 0.8 0.8
v 0.2 0.9 0.8
v 0.2 3.9 0.8
v 0.2 4 0.8
v 0.3 3.8 0.8
v 0.3 3.9 0.8
v 0.3 4 0.8
v 0.4 0.9 0.8
v 0.4 1 0.8
v 0.4 1.7 0.8
v 0.4 1.8 0.8
v 0.4 1.9 0.8
v 0.4 4.4 0.8
v 0.4 4.5 0.8
v 0.4 5.4 0.8
v 0.4 5.5 0.8
v 0.5 0.9 0.8
v 0.5 1 0.8
v 0.5 1.7 0.8
v 0.5 1.8 0.8
v 0.5 1.9 0.8
v 0.5 3.8 0.8
v 0.5 3.9 0.8
v 0.5 4.3 0.8
v 0.5 4.4 0.8
v 0.5 4.5 0.8
v 0.5 4.6 0.8
v 0.5 5.4 0.8
v 0.5 5.5 0.8
v 0.6 0.9 0.8
v 0.6 1 0.8
v 0.6 1.4 0.8
v 0.6 1.6 0.8
v 0.6 1.9 0.8
v 0.6 2 0.8
v 0.6 2.1 0.8
v 0.6 2.4 0.8
v 0.6 4.2 0.8
v 0.6 4.3 0.8
v 0.6 4.4 0.8
v 0.6 4.5 0.8
v 0.6 4.6 0.8
v 0.7 0.9 0.8
v 0.7 1 0.8
v 0.7 1.4 0.8
v 0.7 1.6 0.8
v 0.7 1.9 0.8
v 0.7 2 0.8
v 0.7 2.1 0.8
v 0.7 2.4 0.8
v 0.7 2.7 0.8
v 0.7 3.7 0.8
v 0.7 3.8 0.8
v 0.7 4.2 0.8
v 0.7 4.3 0.8
v 0.7 4.4 0.8
v 0.7 4.5 0.8
v 0.7 4.6 0.8
v 0.8 2.4 0.8
v 0.8 2.7 0.8
v 0.8 2.9 0.8
v 0.8 3.7 0.8
v 0.8 3.8 0.8
v 0.8 4.5 0.8
v 0.8 4.6 0.8
v 0.9 2.7 0.8
v 0.9 2.9 0.8
v 0.9 3.1 0.8
v 0.9 3.2 0.8
v 0.9 3.3 0.8
v 0.9 3.4 0.8
v 1 2.9 0.8
v 1 3.1 0.8
v 1 3.2 0.8
v 1 3.3 0.8
v 1 3.4 0.8
v -1.1 1.8 0.7
v -1.1 1.9 0.7
v -1 1.8 0.7
v -1 1.9 0.7
v -0.9 1.8 0.7
v -0.9 1.9 0.7
v -0.9 3.8 0.7
v -0.9 3.9 0.7
v -0.8 3.8 0.7
v -0.8 3.9 0.7
v -0.8 4 0.7
v -0.6 3.9 0.7
v -0.6 4 0.7
v -0.4 1.1 0.7
v -0.4 1.2 0.7
v -0.4 4 0.7
v -0.4 4.1 0.7
v -0.3 1.1 0.7
v -0.3 1.2 0.7
v -0.3 4 0.7
v -0.3 4.1 0.7
v -0.1 1.1 0.7
v -0.1 1.2 0.7
v -1.19209e-07 1.1 0.7
v -1.19209e-07 1.2 0.7
v 0.2 0.8 0.7
v 0.2 0.9 0.7
v 0.3 0.8 0.7
v 0.3 0.9 0.7
v 0.4 3.9 0.7
v 0.4 4 0.7
v 0.4 4.3 0.7
v 0.4 4.4 0.7
v 0.5 0.9 0.7
v 0.5 1 0.7
v 0.5 3.8 0.7
v 0.5 3.9 0.7
v 0.5 4 0.7
v 0.5 4.3 0.7
v 0.5 4.4 0.7
v 0.6 0.9 0.7
v 0.6 1 0.7
v 0.6 3.8 0.7
v 0.6 3.9 0.7
v 0.6 4 0.7
v 0.6 4.2 0.7
v 0.6 4.3 0.7
v 0.6 4.4 0.7
v 0.7 0.9 0.7
v 0.7 1 0.7
v 0.7 4 0.7
v 0.7 4.2 0.7
v 0.7 4.3 0.7
v 0.7 4.4 0.7
v 0.7 4.6 0.7
v 0.7 4.7 0.7
v 0.8 0.9 0.7
v 0.8 1 0.7
v 0.8 3.6 0.7
v 0.8 3.7 0.7
v 0.8 4.6 0.7
v 0.8 4.7 0.7
v 0.9 3.5 0.7
v 0.9 3.6 0.7
v 0.9 3.7 0.7
v 1 3.4 0.7
v 1 3.5 0.7
v 1 3.6 0.7
v 1.1 3.4 0.7
v 1.1 3.5 0.7
v -1.2 1.9 0.6
v -1.2 2 0.6
v -1.2 2.1 0.6
v -1.2 2.2 0.6
v -1.2 2.3 0.6
v -1.2 2.4 0.6
v -1.2 2.5 0.6
v -1.2 2.6 0.6
v -1.1 1.7 0.6
v -1.1 1.8 0.6
v -1.1 1.9 0.6
v -1.1 2 0.6
v -1.1 2.1 0.6
v -1.1 2.2 0.6
v -1.1 2.3 0.6
v -1.1 2.4 0.6
v -1.1 2.5 0.6
v -1.1 2.6 0.6
v -1.1 2.7 0.6
v -1.1 3.1 0.6
v -1.1 3.4 0.6
v -1.1 3.5 0.6
v -1.1 3.6 0.6
v -1 1.7 0.6
v -1 1.8 0.6
v -1 2 0.6
v -1 2.1 0.6
v -1 2.2 0.6
v -1 2.6 0.6
v -1 2.7 0.6
v -1 2.8 0.6
v -1 2.9 0.6
v -1 3 0.6
v -1 3.1 0.6
v -1 3.2 0.6
v -1 3.4 0.6
v -1 3.5 0.6
v -1 3.6 0.6
v -1 3.7 0.6
v -1 3.8 0.6
v -0.9 1.7 0.6
v -0.9 1.8 0.6
v -0.9 3.1 0.6
v -0.9 3.2 0.6
v -0.9 3.3 0.6
v -0.9 3.4 0.6
v -0.9 3.6 0.6
v -0.9 3.7 0.6
v -0.9 3.8 0.6
v -0.9 3.9 0.6
v -0.9 4 0.6
v -0.8 3.9 0.6
v -0.8 4 0.6
v -0.5 4 0.6
v -0.5 4.1 0.6
v -0.4 4 0.6
v -0.4 4.1 0.6
v -0.3 1.3 0.6
v -0.3 1.4 0.6
v -0.1 1.3 0.6
v -0.1 1.4 0.6
v 0.3 0.8 0.6
v 0.3 0.9 0.6
v 0.5 0.8 0.6
v 0.5 0.9 0.6
v 0.5 1.7 0.6
v 0.5 1.8 0.6
v 0.5 1.9 0.6
v 0.6 0.8 0.6
v 0.6 0.9 0.6
v 0.6 1.7 0.6
v 0.6 1.8 0.6
v 0.6 1.9 0.6
v 0.6 3.8 0.6
v 0.6 3.9 0.6
v 0.7 0.8 0.6
v 0.7 0.9 0.6
v 0.7 1.9 0.6
v 0.7 2 0.6
v 0.7 2.1 0.6
v 0.7 2.2 0.6
v 0.7 2.3 0.6
v 0.7 2.4 0.6
v 0.7 3.8 0.6
v 0.7 3.9 0.6
v 0.8 1.9 0.6
v 0.8 2 0.6
v 0.8 2.1 0.6
v 0.8 2.2 0.6
v 0.8 2.3 0.6
v 0.8 2.4 0.6
v 0.8 2.5 0.6
v 0.8 2.7 0.6
v 0.9 2.4 0.6
v 0.9 2.5 0.6
v 0.9 2.7 0.6
v 0.9 2.9 0.6
v 1 2.7 0.6
v 1 2.9 0.6
v 1 3 0.6
v 1 3.1 0.6
v 1 3.2 0.6
v 1 3.3 0.6
v 1 3.4 0.6
v 1 3.5 0.6
v 1 3.6 0.6
v 1.1 2.9 0.6
v 1.1 3 0.6
v 1.1 3.1 0.6
v 1.1 3.2 0.6
v 1.1 3.3 0.6
v 1.1 3.4 0.6
v 1.1 3.5 0.6
v 1.1 3.6 0.6
v -1.2 1.8 0.5
v -1.2 1.9 0.5
v -1.1 1.8 0.5
v -1.1 1.9 0.5
v -1 3.8 0.5
v -1 3.9 0.5
v -0.9 3.8 0.5
v -0.9 3.9 0.5
v -0.8 4 0.5
v -0.8 4.1 0.5
v -0.7 4 0.5
v -0.7 4.1 0.5
v -0.6 4 0.5
v -0.6 4.1 0.5
v -0.5 4 0.5
v -0.5 4.1 0.5
v -0.4 1.2 0.5
v -0.4 1.3 0.5
v -0.2 1.2 0.5
v -0.2 1.3 0.5
v -1.19209e-07 4 0.5
v -1.19209e-07 4.1 0.5
v 0.3 4 0.5
v 0.3 4.1 0.5
v 0.5 0.8 0.5
v 0.5 0.9 0.5
v 0.6 0.8 0.5
v 0.6 0.9 0.5
v 0.7 3.8 0.5
v 0.7 3.9 0.5
v 0.8 3.8 0.5
v 0.8 3.9 0.5
v 0.9 3.6 0.5
v 0.9 3.7 0.5
v 1 3.6 0.5
v 1 3.7 0.5
v 1.1 3.4 0.5
v 1.1 3.5 0.5
v 1.2 3.4 0.5
v 1.2 3.5 0.5
v -1.3 1.9 0.4
v -1.3 2.1 0.4
v -1.3 2.2 0.4
v -1.3 2.3 0.4
v -1.3 2.4 0.4
v -1.3 2.5 0.4
v -1.3 2.6 0.4
v -1.2 1.9 0.4
v -1.2 2 0.4
v -1.2 2.1 0.4
v -1.2 2.2 0.4
v -1.2 2.3 0.4
v -1.2 2.4 0.4
v -1.2 2.5 0.4
v -1.2 2.6 0.4
v -1.2 2.7 0.4
v -1.2 2.8 0.4
v -1.2 3 0.4
v -1.2 3.1 0.4
v -1.2 3.4 0.4
v -1.2 3.5 0.4
v -1.2 3.6 0.4
v -1.1 2.1 0.4
v -1.1 2.2 0.4
v -1.1 2.6 0.4
v -1.1 2.7 0.4
v -1.1 2.8 0.4
v -1.1 3 0.4
v -1.1 3.1 0.4
v -1.1 3.2 0.4
v -1.1 3.4 0.4
v -1.1 3.5 0.4
v -1.1 3.6 0.4
v -1.1 3.7 0.4
v -1.1 3.8 0.4
v -1 3.1 0.4
v -1 3.2 0.4
v -1 3.3 0.4
v -1 3.4 0.4
v -1 3.6 0.4
v -1 3.7 0.4
v -1 3.8 0.4
v -0.2 1.2 0.4
v -0.2 1.3 0.4
v -0.2 4 0.4
v -0.2 4.1 0.4
v -0.1 1.2 0.4
v -0.1 1.3 0.4
v -0.1 4 0.4
v -0.1 4.1 0.4
v -1.19209e-07 1.2 0.4
v -1.19209e-07 1.3 0.4
v -1.19209e-07 4 0.4
v -1.19209e-07 4.1 0.4
v 0.3 3.9 0.4
v 0.3 4 0.4
v 0.4 3.9 0.4
v 0.5 3.9 0.4
v 0.5 4 0.4
v 0.6 1.5 0.4
v 0.6 1.6 0.4
v 0.6 1.7 0.4
v 0.6 1.8 0.4
v 0.6 1.9 0.4
v 0.7 1.5 0.4
v 0.7 1.6 0.4
v 0.7 1.7 0.4
v 0.7 1.8 0.4
v 0.7 1.9 0.4
v 0.8 1.8 0.4
v 0.8 1.9 0.4
v 0.8 2 0.4
v 0.8 2.2 0.4
v 0.8 2.3 0.4
v 0.8 2.4 0.4
v 0.9 1.9 0.4
v 0.9 2 0.4
v 0.9 2.2 0.4
v 0.9 2.3 0.4
v 0.9 2.4 0.4
v 0.9 2.5 0.4
v 0.9 2.6 0.4
v 0.9 2.7 0.4
v 1 2.4 0.4
v 1 2.7 0.4
v 1 2.8 0.4
v 1 2.9 0.4
v 1.1 2.7 0.4
v 1.1 2.8 0.4
v 1.1 2.9 0.4
v 1.1 3 0.4
v 1.1 3.1 0.4
v 1.1 3.2 0.4
v 1.1 3.3 0.4
v 1.1 3.4 0.4
v 1.2 2.9 0.4
v 1.2 3 0.4
v 1.2 3.2 0.4
v 1.2 3.3 0.4
v 1.2 3.4 0.4
v -1.2 1.7 0.3
v -1.2 1.8 0.3
v -1.1 1.7 0.3
v -1.1 1.8 0.3
v -1 1.4 0.3
v -1 1.5 0.3
v -1 3.9 0.3
v -1 4 0.3
v -0.9 1.4 0.3
v -0.9 1.5 0.3
v -0.9 3.9 0.3
v -0.9 4 0.3
v -0.7 4 0.3
v -0.7 4.1 0.3
v -0.6 4 0.3
v -0.6 4.1 0.3
v 0.8 3.7 0.3
v 0.8 3.8 0.3
v 0.9 3.7 0.3
v 0.9 3.8 0.3
v 1.1 3.5 0.3
v 1.1 3.6 0.3
v 1.2 3.5 0.3
v 1.2 3.6 0.3
v -1.3 1.8 0.2
v -1.3 1.9 0.2
v -1.2 1.8 0.2
v -1.2 1.9 0.2
v -1.1 1.6 0.2
v -1.1 1.7 0.2
v -1.1 3.8 0.2
v -1.1 3.9 0.2
v -1 1.6 0.2
v -1 1.7 0.2
v -1 3.8 0.2
v -1 3.9 0.2
v -0.9 1.3 0.2
v -0.9 1.4 0.2
v -0.9 4 0.2
v -0.9 4.1 0.2
v -0.8 1.3 0.2
v -0.8 1.4 0.2
v -0.8 4 0.2
v -0.8 4.1 0.2
v -0.3 4.1 0.2
v -0.3 4.2 0.2
v -0.2 4.1 0.2
v -0.2 4.2 0.2
v -1.19209e-07 1.2 0.2
v -1.19209e-07 1.3 0.2
v 0.0999999 1.2 0.2
v 0.0999999 1.3 0.2
v 0.3 4 0.2
v 0.3 4.1 0.2
v 0.3 4.3 0.2
v 0.3 4.4 0.2
v 0.3 4.5 0.2
v 0.4 4 0.2
v 0.4 4.1 0.2
v 0.4 4.3 0.2
v 0.4 4.4 0.2
v 0.4 4.5 0.2
v 0.4 4.6 0.2
v 0.5 3.9 0.2
v 0.5 4 0.2
v 0.5 4.5 0.2
v 0.5 4.6 0.2
v 0.6 1.4 0.2
v 0.6 1.5 0.2
v 0.6 3.9 0.2
v 0.6 4 0.2
v 0.7 1.4 0.2
v 0.7 1.5 0.2
v 1 3.6 0.2
v 1 3.7 0.2
v 1.1 3.6 0.2
v 1.1 3.7 0.2
v 1.2 3.4 0.2
v 1.2 3.5 0.2
v 1.3 3.4 0.2
v 1.3 3.5 0.2
v 0.5 5.6 1.19209e-07
v 0.5 5.7 1.19209e-07
v 0.6 5.6 1.19209e-07
v 0.6 5.7 1.19209e-07
v 0.2 4.1 -0.0999999
v 0.2 4.5 -0.0999999
v 0.3 4.1 -0.0999999
v 0.3 4.5 -0.0999999
v 0.3 4.6 -0.0999999
v 0.3 4.9 -0.0999999
v 0.3 5.1 -0.0999999
v 0.4 4.5 -0.0999999
v 0.4 4.6 -0.0999999
v 0.4 4.9 -0.0999999
v 0.4 5 -0.0999999
v 0.4 5.1 -0.0999999
v 0.4 5.2 -0.0999999
v 0.4 5.4 -0.0999999
v 0.4 5.6 -0.0999999
v 0.5 5 -0.0999999
v 0.5 5.1 -0.0999999
v 0.5 5.2 -0.0999999
v 0.5 5.4 -0.0999999
v 0.5 5.6 -0.0999999
v 0.6 4.5 -0.2
v 0.6 4.6 -0.2
v 0.7 4.5 -0.2
v 0.7 4.6 -0.2
v 0.4 4.6 -0.3
v 0.4 4.7 -0.3
v 0.5 4.3 -0.3
v 0.5 4.6 -0.3
v 0.5 4.7 -0.3
v 0.5 4.8 -0.3
v 0.5 4.9 -0.3
v 0.6 4.3 -0.3
v 0.6 4.5 -0.3
v 0.6 4.6 -0.3
v 0.6 4.7 -0.3
v 0.6 4.8 -0.3
v 0.6 4.9 -0.3
v 0.7 4.6 -0.3
v 0.7 4.7 -0.3
v -1 1.2 -0.4
v -1 1.3 -0.4
v -1 1.5 -0.4
v -0.9 1.4 -0.4
v -0.9 1.5 -0.4
v -0.8 1.1 -0.4
v -0.8 1.2 -0.4
v -0.8 1.3 -0.4
v -0.8 1.4 -0.4
v -0.7 1.2 -0.4
v -0.7 1.3 -0.4
v -0.6 1.1 -0.4
v -0.6 1.2 -0.4
v -0.6 1.3 -0.4
v -0.5 1.2 -0.4
v -0.5 1.3 -0.4
v 0.0999999 1.2 -0.4
v 0.0999999 1.3 -0.4
v 0.2 1.2 -0.4
v 0.2 1.3 -0.4
v 0.3 1.3 -0.4
v 0.3 1.4 -0.4
v 0.3 4.9 -0.4
v 0.3 5.1 -0.4
v 0.4 1.3 -0.4
v 0.4 1.4 -0.4
v 0.4 4.3 -0.4
v 0.4 4.5 -0.4
v 0.4 4.6 -0.4
v 0.4 4.7 -0.4
v 0.4 4.9 -0.4
v 0.4 5.1 -0.4
v 0.4 5.3 -0.4
v 0.4 5.4 -0.4
v 0.5 4.3 -0.4
v 0.5 4.5 -0.4
v 0.5 4.6 -0.4
v 0.5 4.7 -0.4
v 0.5 4.8 -0.4
v 0.5 4.9 -0.4
v 0.5 5 -0.4
v 0.5 5.1 -0.4
v 0.5 5.3 -0.4
v 0.5 5.4 -0.4
v 0.6 4.6 -0.4
v 0.6 4.7 -0.4
v 0.6 4.8 -0.4
v 0.6 5 -0.4
v 0.6 5.1 -0.4
v 0.6 5.3 -0.4
v 0.7 4.5 -0.4
v 0.7 4.6 -0.4
v 0.7 4.7 -0.4
v 0.7 4.8 -0.4
v 0.8 4.5 -0.4
v 0.8 4.6 -0.4
v -1.2 1.1 -0.5
v -1.2 1.2 -0.5
v -1.2 1.3 -0.5
v -1.2 1.4 -0.5
v -1.1 1.1 -0.5
v -1.1 1.2 -0.5
v -1.1 1.3 -0.5
v -1.1 1.4 -0.5
v -1.1 1.6 -0.5
v -1.1 3.1 -0.5
v -1.1 3.3 -0.5
v -1 0.9 -0.5
v -1 1.1 -0.5
v -1 1.2 -0.5
v -1 1.3 -0.5
v -1 1.5 -0.5
v -1 1.6 -0.5
v -1 3.1 -0.5
v -1 3.3 -0.5
v -0.9 0.9 -0.5
v -0.9 1 -0.5
v -0.9 1.5 -0.5
v -0.9 1.6 -0.5
v -0.8 1 -0.5
v -0.8 1.1 -0.5
v -0.8 1.2 -0.5
v -0.7 1 -0.5
v -0.7 1.1 -0.5
v -0.5 1.1 -0.5
v -0.5 1.2 -0.5
v -0.4 1.1 -0.5
v -0.4 1.2 -0.5
v -1.19209e-07 1.2 -0.5
v -1.19209e-07 1.3 -0.5
v 0.0999999 1 -0.5
v 0.0999999 1.2 -0.5
v 0.0999999 1.3 -0.5
v 0.2 1 -0.5
v 0.2 1.1 -0.5
v 0.2 1.2 -0.5
v 0.2 1.3 -0.5
v 0.3 4.7 -0.5
v 0.3 4.9 -0.5
v 0.3 5.1 -0.5
v 0.3 5.4 -0.5
v 0.4 1.2 -0.5
v 0.4 1.3 -0.5
v 0.4 3.9 -0.5
v 0.4 4 -0.5
v 0.4 4.7 -0.5
v 0.4 4.9 -0.5
v 0.4 5.1 -0.5
v 0.4 5.3 -0.5
v 0.4 5.4 -0.5
v 0.4 5.5 -0.5
v 0.5 1.1 -0.5
v 0.5 1.2 -0.5
v 0.5 4 -0.5
v 0.5 4.2 -0.5
v 0.5 4.3 -0.5
v 0.5 4.9 -0.5
v 0.5 5 -0.5
v 0.5 5.1 -0.5
v 0.5 5.3 -0.5
v 0.5 5.4 -0.5
v 0.5 5.5 -0.5
v 0.6 3.9 -0.5
v 0.6 4 -0.5
v 0.6 4.2 -0.5
v 0.6 4.3 -0.5
v 0.6 4.9 -0.5
v 0.6 5 -0.5
v 0.6 5.1 -0.5
v 0.6 5.2 -0.5
v 0.7 4 -0.5
v 0.7 4.2 -0.5
v 0.7 4.3 -0.5
v 0.7 5 -0.5
v 0.7 5.2 -0.5
v -1.3 1.3 -0.6
v -1.3 1.4 -0.6
v -1.2 1.2 -0.6
v -1.2 1.3 -0.6
v -1.2 1.4 -0.6
v -1.2 1.5 -0.6
v -1.1 1.2 -0.6
v -1.1 1.3 -0.6
v -1.1 1.4 -0.6
v -1.1 1.5 -0.6
v -1 1.7 -0.6
v -1 1.8 -0.6
v -0.9 0.9 -0.6
v -0.9 1 -0.6
v -0.9 1.7 -0.6
v -0.9 1.8 -0.6
v -0.8 0.9 -0.6
v -0.8 1 -0.6
v -0.7 1 -0.6
v -0.7 1.1 -0.6
v -0.6 1 -0.6
v -0.6 1.1 -0.6
v -0.6 1.2 -0.6
v -0.5 1.1 -0.6
v -0.5 1.2 -0.6
v -0.4 1.1 -0.6
v -0.4 1.2 -0.6
v -0.4 1.3 -0.6
v -0.3 1.1 -0.6
v -0.3 1.2 -0.6
v -0.3 1.3 -0.6
v -0.1 1.2 -0.6
v -0.1 1.3 -0.6
v -1.19209e-07 1.1 -0.6
v -1.19209e-07 1.2 -0.6
v -1.19209e-07 1.3 -0.6
v 0.0999999 0.8 -0.6
v 0.0999999 0.9 -0.6
v 0.0999999 1 -0.6
v 0.0999999 1.1 -0.6
v 0.0999999 1.2 -0.6
v 0.2 0.8 -0.6
v 0.2 0.9 -0.6
v 0.2 1 -0.6
v 0.2 1.1 -0.6
v 0.2 4.9 -0.6
v 0.2 5.1 -0.6
v 0.2 5.3 -0.6
v 0.2 5.4 -0.6
v 0.3 4.4 -0.6
v 0.3 4.7 -0.6
v 0.3 4.9 -0.6
v 0.3 5.1 -0.6
v 0.3 5.3 -0.6
v 0.3 5.4 -0.6
v 0.3 5.5 -0.6
v 0.4 1 -0.6
v 0.4 1.1 -0.6
v 0.4 1.2 -0.6
v 0.4 1.3 -0.6
v 0.4 1.4 -0.6
v 0.4 4.2 -0.6
v 0.4 4.3 -0.6
v 0.4 4.4 -0.6
v 0.4 4.5 -0.6
v 0.4 4.7 -0.6
v 0.4 5.4 -0.6
v 0.4 5.5 -0.6
v 0.5 0.9 -0.6
v 0.5 1 -0.6
v 0.5 1.1 -0.6
v 0.5 1.2 -0.6
v 0.5 1.4 -0.6
v 0.5 1.6 -0.6
v 0.5 4.2 -0.6
v 0.5 4.3 -0.6
v 0.6 1.4 -0.6
v 0.6 1.6 -0.6
v -1.3 1.4 -0.7
v -1.3 1.5 -0.7
v -1.2 1.4 -0.7
v -1.2 1.5 -0.7
v -0.9 0.8 -0.7
v -0.9 0.9 -0.7
v -0.8 0.8 -0.7
v -0.8 0.9 -0.7
v -0.8 1 -0.7
v -0.7 0.9 -0.7
v -0.7 1 -0.7
v -0.6 1 -0.7
v -0.6 1.1 -0.7
v -0.5 1.1 -0.7
v -0.4 1 -0.7
v -0.4 1.1 -0.7
v -0.2 1.2 -0.7
v -0.2 1.3 -0.7
v -0.1 1.1 -0.7
v -0.1 1.2 -0.7
v -0.1 1.3 -0.7
v -1.19209e-07 0.8 -0.7
v -1.19209e-07 0.9 -0.7
v -1.19209e-07 1.1 -0.7
v -1.19209e-07 1.2 -0.7
v 0.0999999 0.8 -0.7
v 0.0999999 0.9 -0.7
v 0.0999999 1.1 -0.7
v 0.2 0.8 -0.7
v 0.2 0.9 -0.7
v 0.2 5.1 -0.7
v 0.2 5.2 -0.7
v 0.2 5.3 -0.7
v 0.3 0.8 -0.7
v 0.3 0.9 -0.7
v 0.3 5.1 -0.7
v 0.3 5.2 -0.7
v 0.3 5.3 -0.7
v 0.4 1.6 -0.7
v 0.4 1.7 -0.7
v 0.4 5.4 -0.7
v 0.4 5.5 -0.7
v 0.5 1 -0.7
v 0.5 1.1 -0.7
v 0.5 1.4 -0.7
v 0.5 1.6 -0.7
v 0.5 1.7 -0.7
v 0.5 5.4 -0.7
v 0.5 5.5 -0.7
v 0.6 1 -0.7
v 0.6 1.1 -0.7
v 0.6 1.4 -0.7
v 0.6 1.6 -0.7
v 0.6 1.7 -0.7
v -1.1 1.6 -0.8
v -1.1 1.7 -0.8
v -1 1.6 -0.8
v -1 1.7 -0.8
v -0.1 0.9 -0.8
v -0.1 1 -0.8
v -0.1 1.1 -0.8
v -1.19209e-07 0.9 -0.8
v -1.19209e-07 1 -0.8
v -1.19209e-07 1.1 -0.8
v 0.3 1.6 -0.8
v 0.3 1.7 -0.8
v 0.4 1.6 -0.8
v 0.4 1.7 -0.8
v 0.6 0.9 -0.8
v 0.6 1 -0.8
v 0.6 1.1 -0.8
v 0.7 0.9 -0.8
v 0.7 1.1 -0.8
v -1.2 1.5 -0.9
v -1.2 1.6 -0.9
v -1.1 1.5 -0.9
v -1.1 1.6 -0.9
v 0.2 1.6 -0.9
v 0.2 1.7 -0.9
v 0.3 1.6 -0.9
v 0.3 1.7 -0.9
v -1.2 1.5 0.9
v -1.2 1.6 0.9
v -1.1 1.5 0.9
v -1.1 1.6 0.9
v -0.9 0.8 0.9
v -0.9 0.9 0.9
v -0.8 0.8 0.9
v -0.8 0.9 0.9
v -1.3 1.3 0.8
v -1.3 1.4 0.8
v -1.2 1.3 0.8
v -1.2 1.4 0.8
v -1.1 1.6 0.8
v -1.1 1.7 0.8
v -1 0.8 0.8
v -1 0.9 0.8
v -1 1.6 0.8
v -1 1.7 0.8
v -0.9 0.8 0.8
v -0.9 0.9 0.8
v -0.8 0.9 0.8
v -0.8 1 0.8
v -0.7 0.9 0.8
v -0.7 1 0.8
v 0.7 1.1 0.8
v 0.7 1.2 0.8
v 0.8 1.1 0.8
v 0.8 1.2 0.8
v -1.3 1.2 0.7
v -1.3 1.3 0.7
v -1.3 1.4 0.7
v -1.3 1.5 0.7
v -1.2 1.2 0.7
v -1.2 1.3 0.7
v -1.2 1.4 0.7
v -1.1 0.9 0.7
v -1.1 1.1 0.7
v -1.1 1.4 0.7
v -1.1 1.5 0.7
v -1 0.9 0.7
v -1 1 0.7
v -1 1.1 0.7
v -1 1.7 0.7
v -1 1.8 0.7
v -0.9 0.9 0.7
v -0.9 1 0.7
v -0.9 1.7 0.7
v -0.9 1.8 0.7
v -0.8 0.9 0.7
v -0.8 1 0.7
v -0.6 1 0.7
v -0.6 1.1 0.7
v -0.5 1 0.7
v -0.5 1.1 0.7
v 0.3 5 0.7
v 0.3 5.1 0.7
v 0.4 5 0.7
v 0.4 5.1 0.7
v 0.5 5.3 0.7
v 0.5 5.4 0.7
v 0.6 1.3 0.7
v 0.6 1.4 0.7
v 0.6 5.3 0.7
v 0.6 5.4 0.7
v 0.7 1.3 0.7
v 0.7 1.4 0.7
v 0.8 1.3 0.7
v 0.8 1.4 0.7
v -1.2 1.1 0.6
v -1.2 1.4 0.6
v -1.1 1.1 0.6
v -1.1 1.2 0.6
v -1.1 1.4 0.6
v -1.1 1.5 0.6
v -1.1 1.6 0.6
v -1 0.9 0.6
v -1 1 0.6
v -1 1.1 0.6
v -1 1.2 0.6
v -1 1.5 0.6
v -1 1.6 0.6
v -0.9 0.9 0.6
v -0.9 1 0.6
v -0.9 1.1 0.6
v -0.7 1 0.6
v -0.7 1.1 0.6
v -0.6 1 0.6
v -0.6 1.1 0.6
v -0.5 1 0.6
v -0.5 1.1 0.6
v -0.4 1 0.6
v -0.4 1.1 0.6
v -0.4 1.2 0.6
v -0.4 1.3 0.6
v -0.3 1.1 0.6
v -0.3 1.2 0.6
v -0.3 1.3 0.6
v -1.19209e-07 0.9 0.6
v -1.19209e-07 1.1 0.6
v 0.0999999 0.9 0.6
v 0.0999999 1.1 0.6
v 0.4 5 0.6
v 0.4 5.5 0.6
v 0.5 5 0.6
v 0.5 5.3 0.6
v 0.5 5.5 0.6
v 0.6 1.5 0.6
v 0.6 1.6 0.6
v 0.6 4.3 0.6
v 0.6 4.4 0.6
v 0.6 5 0.6
v 0.6 5.3 0.6
v 0.7 0.9 0.6
v 0.7 1 0.6
v 0.7 1.1 0.6
v 0.7 1.5 0.6
v 0.7 1.6 0.6
v 0.7 4.3 0.6
v 0.7 4.4 0.6
v 0.7 5 0.6
v 0.7 5.3 0.6
v 0.8 0.9 0.6
v 0.8 1 0.6
v 0.8 1.1 0.6
v -1.1 1.2 0.5
v -1.1 1.5 0.5
v -1 1.1 0.5
v -1 1.2 0.5
v -1 1.5 0.5
v -1 1.6 0.5
v -0.9 1 0.5
v -0.9 1.1 0.5
v -0.9 1.2 0.5
v -0.9 1.5 0.5
v -0.9 1.6 0.5
v -0.8 1.1 0.5
v -0.8 1.2 0.5
v -0.7 1 0.5
v -0.7 1.1 0.5
v -0.6 1.1 0.5
v -0.6 1.2 0.5
v -0.5 1.2 0.5
v -0.4 1.1 0.5
v -0.4 1.2 0.5
v -0.1 1.1 0.5
v -0.1 1.3 0.5
v -1.19209e-07 0.8 0.5
v -1.19209e-07 0.9 0.5
v -1.19209e-07 1.1 0.5
v -1.19209e-07 1.2 0.5
v -1.19209e-07 1.3 0.5
v 0.0999999 0.8 0.5
v 0.0999999 0.9 0.5
v 0.0999999 1 0.5
v 0.2 0.9 0.5
v 0.2 1 0.5
v 0.4 3.9 0.5
v 0.4 4 0.5
v 0.4 4.3 0.5
v 0.4 4.4 0.5
v 0.4 4.6 0.5
v 0.4 4.7 0.5
v 0.4 5 0.5
v 0.5 3.9 0.5
v 0.5 4 0.5
v 0.5 4.3 0.5
v 0.5 4.4 0.5
v 0.5 4.6 0.5
v 0.5 4.7 0.5
v 0.5 4.8 0.5
v 0.5 5 0.5
v 0.5 5.3 0.5
v 0.6 0.8 0.5
v 0.6 0.9 0.5
v 0.6 1 0.5
v 0.6 1.3 0.5
v 0.6 3.9 0.5
v 0.6 4 0.5
v 0.6 4.2 0.5
v 0.6 4.3 0.5
v 0.6 4.4 0.5
v 0.6 4.5 0.5
v 0.6 4.7 0.5
v 0.6 4.8 0.5
v 0.6 5 0.5
v 0.6 5.3 0.5
v 0.7 0.8 0.5
v 0.7 0.9 0.5
v 0.7 1 0.5
v 0.7 1.3 0.5
v 0.7 4 0.5
v 0.7 4.2 0.5
v 0.7 4.3 0.5
v 0.7 4.4 0.5
v 0.7 4.5 0.5
v 0.7 4.6 0.5
v 0.7 4.7 0.5
v 0.7 5 0.5
v 0.8 4.6 0.5
v 0.8 4.7 0.5
v -1 1.2 0.4
v -1 1.5 0.4
v -0.9 1.2 0.4
v -0.9 1.3 0.4
v -0.9 1.4 0.4
v -0.9 1.5 0.4
v -0.8 1.1 0.4
v -0.8 1.2 0.4
v -0.8 1.3 0.4
v -0.7 1.1 0.4
v -0.7 1.2 0.4
v -0.7 1.3 0.4
v -0.6 1.1 0.4
v -0.6 1.2 0.4
v -0.6 1.3 0.4
v -0.5 1.2 0.4
v -0.5 1.3 0.4
v -1.19209e-07 1.1 0.4
v -1.19209e-07 1.2 0.4
v -1.19209e-07 1.3 0.4
v 0.0999999 0.8 0.4
v 0.0999999 0.9 0.4
v 0.0999999 1.1 0.4
v 0.0999999 1.2 0.4
v 0.0999999 1.3 0.4
v 0.2 0.8 0.4
v 0.2 0.9 0.4
v 0.2 1 0.4
v 0.3 1 0.4
v 0.3 1.1 0.4
v 0.4 4.4 0.4
v 0.4 4.5 0.4
v 0.5 0.9 0.4
v 0.5 1 0.4
v 0.5 1.1 0.4
v 0.5 1.3 0.4
v 0.5 1.4 0.4
v 0.5 4.3 0.4
v 0.5 4.4 0.4
v 0.5 4.5 0.4
v 0.5 4.8 0.4
v 0.5 5 0.4
v 0.6 0.8 0.4
v 0.6 0.9 0.4
v 0.6 1 0.4
v 0.6 1.4 0.4
v 0.6 1.5 0.4
v 0.6 4.3 0.4
v 0.6 4.5 0.4
v 0.6 4.6 0.4
v 0.6 4.7 0.4
v 0.6 4.8 0.4
v 0.6 5 0.4
v 0.7 1.4 0.4
v 0.7 1.5 0.4
v 0.7 4.5 0.4
v 0.7 4.6 0.4
v 0.7 4.7 0.4
v 0.8 4.5 0.4
v 0.8 4.6 0.4
v -0.9 1.3 0.3
v -0.9 1.4 0.3
v -0.8 1.3 0.3
v -0.8 1.4 0.3
v -0.7 1.2 0.3
v -0.7 1.3 0.3
v -0.6 1.2 0.3
v -0.6 1.3 0.3
v 0.0999999 1 0.3
v 0.0999999 1.1 0.3
v 0.0999999 1.2 0.3
v 0.2 1 0.3
v 0.2 1.1 0.3
v 0.2 1.2 0.3
v 0.2 1.3 0.3
v 0.3 1 0.3
v 0.3 1.1 0.3
v 0.4 1.3 0.3
v 0.4 1.4 0.3
v 0.5 1.1 0.3
v 0.5 1.3 0.3
v 0.5 1.4 0.3
v 0.6 4.5 0.3
v 0.6 4.6 0.3
v 0.7 4.5 0.3
v 0.7 4.6 0.3
v 0.3 4 0.1
v 0.3 4.1 0.1
v 0.3 4.3 0.1
v 0.3 4.4 0.1
v 0.3 4.5 0.1
v 0.4 4 0.1
v 0.4 4.1 0.1
v 0.4 4.3 0.1
v 0.4 4.4 0.1
v 0.4 4.5 0.1
v 0.4 4.6 0.1
v 0.5 4.5 0.1
v 0.5 4.6 0.1
v -1.3 1.8 -0.2
v -1.3 1.9 -0.2
v -1.2 1.8 -0.2
v -1.2 1.9 -0.2
v -1.1 1.6 -0.2
v -1.1 1.7 -0.2
v -1.1 3.8 -0.2
v -1.1 3.9 -0.2
v -1 1.6 -0.2
v -1 1.7 -0.2
v -1 3.8 -0.2
v -1 3.9 -0.2
v -0.9 1.3 -0.2
v -0.9 1.4 -0.2
v -0.9 4 -0.2
v -0.9 4.1 -0.2
v -0.8 1.3 -0.2
v -0.8 1.4 -0.2
v -0.8 4 -0.2
v -0.8 4.1 -0.2
v -0.3 4.1 -0.2
v -0.3 4.2 -0.2
v -0.2 4.1 -0.2
v -0.2 4.2 -0.2
v -1.19209e-07 1.2 -0.2
v -1.19209e-07 1.3 -0.2
v 0.0999999 1.2 -0.2
v 0.0999999 1.3 -0.2
v 0.2 4.1 -0.2
v 0.2 4.5 -0.2
v 0.3 1.3 -0.2
v 0.3 1.4 -0.2
v 0.3 4.1 -0.2
v 0.3 4.5 -0.2
v 0.3 4.6 -0.2
v 0.3 4.9 -0.2
v 0.3 5.1 -0.2
v 0.4 1.3 -0.2
v 0.4 1.4 -0.2
v 0.4 4.5 -0.2
v 0.4 4.6 -0.2
v 0.4 4.9 -0.2
v 0.4 5 -0.2
v 0.4 5.1 -0.2
v 0.4 5.2 -0.2
v 0.4 5.4 -0.2
v 0.4 5.6 -0.2
v 0.5 3.9 -0.2
v 0.5 4 -0.2
v 0.5 5 -0.2
v 0.5 5.1 -0.2
v 0.5 5.2 -0.2
v 0.5 5.4 -0.2
v 0.5 5.6 -0.2
v 0.6 1.4 -0.2
v 0.6 1.5 -0.2
v 0.6 3.9 -0.2
v 0.6 4 -0.2
v 0.7 1.4 -0.2
v 0.7 1.5 -0.2
v 1 3.6 -0.2
v 1 3.7 -0.2
v 1.1 3.6 -0.2
v 1.1 3.7 -0.2
v 1.2 3.4 -0.2
v 1.2 3.5 -0.2
v 1.3 3.4 -0.2
v 1.3 3.5 -0.2
v -1.2 1.7 -0.3
v -1.2 1.8 -0.3
v -1.1 1.7 -0.3
v -1.1 1.8 -0.3
v -1 1.4 -0.3
v -1 1.5 -0.3
v -1 3.9 -0.3
v -1 4 -0.3
v -0.9 1.4 -0.3
v -0.9 1.5 -0.3
v -0.9 3.9 -0.3
v -0.9 4 -0.3
v -0.7 4 -0.3
v -0.7 4.1 -0.3
v -0.6 4 -0.3
v -0.6 4.1 -0.3
v 0.0999999 1.2 -0.3
v 0.0999999 1.3 -0.3
v 0.2 1.2 -0.3
v 0.2 1.3 -0.3
v 0.5 1.4 -0.3
v 0.5 1.5 -0.3
v 0.5 5.6 -0.3
v 0.5 5.7 -0.3
v 0.6 1.4 -0.3
v 0.6 1.5 -0.3
v 0.6 5.6 -0.3
v 0.6 5.7 -0.3
v 0.8 3.7 -0.3
v 0.8 3.8 -0.3
v 0.9 3.7 -0.3
v 0.9 3.8 -0.3
v 1.1 3.5 -0.3
v 1.1 3.6 -0.3
v 1.2 3.5 -0.3
v 1.2 3.6 -0.3
v -1.3 1.9 -0.4
v -1.3 2.1 -0.4
v -1.3 2.2 -0.4
v -1.3 2.3 -0.4
v -1.3 2.4 -0.4
v -1.3 2.5 -0.4
v -1.3 2.6 -0.4
v -1.2 1.9 -0.4
v -1.2 2.1 -0.4
v -1.2 2.2 -0.4
v -1.2 2.3 -0.4
v -1.2 2.4 -0.4
v -1.2 2.5 -0.4
v -1.2 2.6 -0.4
v -1.2 2.8 -0.4
v -1.2 2.9 -0.4
v -1.2 3 -0.4
v -1.2 3.1 -0.4
v -1.2 3.4 -0.4
v -1.2 3.5 -0.4
v -1.2 3.6 -0.4
v -1.1 2.1 -0.4
v -1.1 2.2 -0.4
v -1.1 2.6 -0.4
v -1.1 2.7 -0.4
v -1.1 2.8 -0.4
v -1.1 2.9 -0.4
v -1.1 3 -0.4
v -1.1 3.1 -0.4
v -1.1 3.2 -0.4
v -1.1 3.3 -0.4
v -1.1 3.4 -0.4
v -1.1 3.5 -0.4
v -1.1 3.6 -0.4
v -1.1 3.7 -0.4
v -1.1 3.8 -0.4
v -1 3.1 -0.4
v -1 3.2 -0.4
v -1 3.3 -0.4
v -1 3.6 -0.4
v -1 3.7 -0.4
v -1 3.8 -0.4
v -0.2 1.2 -0.4
v -0.2 1.3 -0.4
v -0.2 4 -0.4
v -0.2 4.1 -0.4
v -1.19209e-07 1.2 -0.4
v -1.19209e-07 1.3 -0.4
v -1.19209e-07 4 -0.4
v -1.19209e-07 4.1 -0.4
v 0.3 3.9 -0.4
v 0.3 4 -0.4
v 0.4 3.9 -0.4
v 0.4 4 -0.4
v 0.5 3.9 -0.4
v 0.5 4 -0.4
v 0.6 1.5 -0.4
v 0.6 1.8 -0.4
v 0.6 1.9 -0.4
v 0.7 1.5 -0.4
v 0.7 1.8 -0.4
v 0.7 1.9 -0.4
v 0.8 1.8 -0.4
v 0.8 1.9 -0.4
v 0.8 2 -0.4
v 0.8 2.1 -0.4
v 0.8 2.4 -0.4
v 0.9 1.9 -0.4
v 0.9 2.1 -0.4
v 0.9 2.4 -0.4
v 0.9 2.5 -0.4
v 0.9 2.7 -0.4
v 1 2.4 -0.4
v 1 2.5 -0.4
v 1 2.7 -0.4
v 1 2.9 -0.4
v 1.1 2.7 -0.4
v 1.1 2.9 -0.4
v 1.1 3 -0.4
v 1.1 3.2 -0.4
v 1.1 3.3 -0.4
v 1.1 3.4 -0.4
v 1.2 2.9 -0.4
v 1.2 3 -0.4
v 1.2 3.2 -0.4
v 1.2 3.3 -0.4
v 1.2 3.4 -0.4
v -1.2 1.8 -0.5
v -1.2 1.9 -0.5
v -1.1 1.7 -0.5
v -1.1 1.8 -0.5
v -1.1 1.9 -0.5
v -1 1.7 -0.5
v -1 1.8 -0.5
v -1 1.9 -0.5
v -1 3.8 -0.5
v -1 3.9 -0.5
v -0.9 1.7 -0.5
v -0.9 1.8 -0.5
v -0.9 3.8 -0.5
v -0.9 3.9 -0.5
v -0.8 4 -0.5
v -0.8 4.1 -0.5
v -0.7 4 -0.5
v -0.7 4.1 -0.5
v -0.6 4 -0.5
v -0.6 4.1 -0.5
v -0.5 4 -0.5
v -0.5 4.1 -0.5
v -0.4 1.2 -0.5
v -0.4 1.3 -0.5
v -0.3 1.3 -0.5
v -0.2 1.2 -0.5
v -0.2 1.3 -0.5
v -1.19209e-07 4 -0.5
v -1.19209e-07 4.1 -0.5
v 0.0999999 4 -0.5
v 0.2 4 -0.5
v 0.2 4.1 -0.5
v 0.3 4 -0.5
v 0.3 4.1 -0.5
v 0.5 1.5 -0.5
v 0.5 1.6 -0.5
v 0.6 1.5 -0.5
v 0.6 1.6 -0.5
v 0.7 3.8 -0.5
v 0.7 3.9 -0.5
v 0.7 4.5 -0.5
v 0.7 4.6 -0.5
v 0.8 3.8 -0.5
v 0.8 3.9 -0.5
v 0.8 4.5 -0.5
v 0.8 4.6 -0.5
v 0.9 3.6 -0.5
v 0.9 3.7 -0.5
v 1 3.6 -0.5
v 1 3.7 -0.5
v 1.1 3.4 -0.5
v 1.1 3.5 -0.5
v 1.2 3.4 -0.5
v 1.2 3.5 -0.5
v -1.2 1.1 -0.6
v -1.2 1.2 -0.6
v -1.2 1.9 -0.6
v -1.2 2 -0.6
v -1.2 2.1 -0.6
v -1.2 2.2 -0.6
v -1.2 2.3 -0.6
v -1.2 2.4 -0.6
v -1.2 2.5 -0.6
v -1.2 2.6 -0.6
v -1.1 1.1 -0.6
v -1.1 1.2 -0.6
v -1.1 1.9 -0.6
v -1.1 2 -0.6
v -1.1 2.1 -0.6
v -1.1 2.2 -0.6
v -1.1 2.3 -0.6
v -1.1 2.4 -0.6
v -1.1 2.5 -0.6
v -1.1 2.6 -0.6
v -1.1 3.4 -0.6
v -1.1 3.6 -0.6
v -1 2 -0.6
v -1 2.1 -0.6
v -1 2.2 -0.6
v -1 2.6 -0.6
v -1 2.9 -0.6
v -1 3.4 -0.6
v -1 3.6 -0.6
v -1 3.7 -0.6
v -1 3.8 -0.6
v -0.9 3.6 -0.6
v -0.9 3.7 -0.6
v -0.9 3.8 -0.6
v -0.9 3.9 -0.6
v -0.9 4 -0.6
v -0.8 3.9 -0.6
v -0.8 4 -0.6
v -0.5 4 -0.6
v -0.5 4.1 -0.6
v -0.4 4 -0.6
v -0.4 4.1 -0.6
v -0.3 1.3 -0.6
v -0.3 1.4 -0.6
v -0.2 1.3 -0.6
v -0.2 1.4 -0.6
v 0.4 1.6 -0.6
v 0.4 1.7 -0.6
v 0.4 5.4 -0.6
v 0.4 5.5 -0.6
v 0.5 1.6 -0.6
v 0.5 1.7 -0.6
v 0.5 1.9 -0.6
v 0.5 4.3 -0.6
v 0.5 4.4 -0.6
v 0.5 5.4 -0.6
v 0.5 5.5 -0.6
v 0.6 1.6 -0.6
v 0.6 1.9 -0.6
v 0.6 3.8 -0.6
v 0.6 3.9 -0.6
v 0.6 4.3 -0.6
v 0.6 4.4 -0.6
v 0.6 4.6 -0.6
v 0.6 4.7 -0.6
v 0.6 4.8 -0.6
v 0.6 5 -0.6
v 0.6 5.2 -0.6
v 0.7 1.9 -0.6
v 0.7 2 -0.6
v 0.7 2.1 -0.6
v 0.7 2.2 -0.6
v 0.7 2.3 -0.6
v 0.7 2.4 -0.6
v 0.7 3.8 -0.6
v 0.7 3.9 -0.6
v 0.7 4.6 -0.6
v 0.7 4.7 -0.6
v 0.7 4.8 -0.6
v 0.7 5 -0.6
v 0.7 5.2 -0.6
v 0.8 1.9 -0.6
v 0.8 2 -0.6
v 0.8 2.1 -0.6
v 0.8 2.4 -0.6
v 0.8 2.7 -0.6
v 0.9 2.4 -0.6
v 0.9 2.7 -0.6
v 0.9 2.8 -0.6
v 0.9 2.9 -0.6
v 1 2.7 -0.6
v 1 2.9 -0.6
v 1 3 -0.6
v 1 3.2 -0.6
v 1 3.3 -0.6
v 1 3.4 -0.6
v 1 3.5 -0.6
v 1 3.6 -0.6
v 1.1 2.9 -0.6
v 1.1 3 -0.6
v 1.1 3.2 -0.6
v 1.1 3.3 -0.6
v 1.1 3.4 -0.6
v 1.1 3.5 -0.6
v 1.1 3.6 -0.6
v -1.1 1.1 -0.7
v -1.1 1.2 -0.7
v -1 1.1 -0.7
v -1 1.2 -0.7
v -0.9 3.8 -0.7
v -0.9 3.9 -0.7
v -0.8 3.8 -0.7
v -0.8 3.9 -0.7
v -0.8 4 -0.7
v -0.7 3.9 -0.7
v -0.6 3.9 -0.7
v -0.6 4 -0.7
v -0.4 1.1 -0.7
v -0.4 1.2 -0.7
v -0.4 4 -0.7
v -0.4 4.1 -0.7
v -0.3 1.1 -0.7
v -0.3 1.2 -0.7
v -0.3 4 -0.7
v -0.3 4.1 -0.7
v 0.3 1.6 -0.7
v 0.3 1.7 -0.7
v 0.3 4.5 -0.7
v 0.3 4.8 -0.7
v 0.3 5.4 -0.7
v 0.3 5.5 -0.7
v 0.4 1.6 -0.7
v 0.4 1.7 -0.7
v 0.4 3.9 -0.7
v 0.4 4 -0.7
v 0.4 4.2 -0.7
v 0.4 4.3 -0.7
v 0.4 4.4 -0.7
v 0.4 4.5 -0.7
v 0.4 4.7 -0.7
v 0.4 4.8 -0.7
v 0.4 5.4 -0.7
v 0.4 5.5 -0.7
v 0.5 3.8 -0.7
v 0.5 3.9 -0.7
v 0.5 4 -0.7
v 0.5 4.2 -0.7
v 0.5 4.3 -0.7
v 0.5 4.4 -0.7
v 0.5 4.5 -0.7
v 0.5 4.8 -0.7
v 0.5 5 -0.7
v 0.5 5.2 -0.7
v 0.5 5.3 -0.7
v 0.6 3.8 -0.7
v 0.6 3.9 -0.7
v 0.6 4 -0.7
v 0.6 4.2 -0.7
v 0.6 4.3 -0.7
v 0.6 4.4 -0.7
v 0.6 4.5 -0.7
v 0.6 4.6 -0.7
v 0.6 4.8 -0.7
v 0.6 5 -0.7
v 0.6 5.2 -0.7
v 0.6 5.3 -0.7
v 0.7 4 -0.7
v 0.7 4.2 -0.7
v 0.7 4.3 -0.7
v 0.7 4.5 -0.7
v 0.7 4.6 -0.7
v 0.8 3.6 -0.7
v 0.8 3.7 -0.7
v 0.9 3.5 -0.7
v 0.9 3.6 -0.7
v 0.9 3.7 -0.7
v 1 3.4 -0.7
v 1 3.5 -0.7
v 1 3.6 -0.7
v 1.1 3.4 -0.7
v 1.1 3.5 -0.7
v -1.2 1.2 -0.8
v -1.2 1.3 -0.8
v -1.1 1.2 -0.8
v -1.1 1.3 -0.8
v -1.1 1.9 -0.8
v -1.1 2 -0.8
v -1.1 2.2 -0.8
v -1.1 2.3 -0.8
v -1.1 2.4 -0.8
v -1.1 2.6 -0.8
v -1 1.8 -0.8
v -1 1.9 -0.8
v -1 2 -0.8
v -1 2.1 -0.8
v -1 2.2 -0.8
v -1 2.3 -0.8
v -1 2.4 -0.8
v -1 2.6 -0.8
v -1 3.3 -0.8
v -1 3.4 -0.8
v -1 3.5 -0.8
v -1 3.6 -0.8
v -0.9 0.8 -0.8
v -0.9 0.9 -0.8
v -0.9 1.8 -0.8
v -0.9 1.9 -0.8
v -0.9 2 -0.8
v -0.9 2.1 -0.8
v -0.9 2.2 -0.8
v -0.9 2.6 -0.8
v -0.9 2.7 -0.8
v -0.9 3.3 -0.8
v -0.9 3.4 -0.8
v -0.9 3.5 -0.8
v -0.9 3.6 -0.8
v -0.9 3.7 -0.8
v -0.9 3.8 -0.8
v -0.8 0.8 -0.8
v -0.8 0.9 -0.8
v -0.8 3.6 -0.8
v -0.8 3.7 -0.8
v -0.8 3.8 -0.8
v -0.6 3.9 -0.8
v -0.6 4 -0.8
v -0.5 1 -0.8
v -0.5 1.1 -0.8
v -0.5 3.9 -0.8
v -0.5 4 -0.8
v -0.4 1 -0.8
v -0.4 1.1 -0.8
v -0.3 4 -0.8
v -0.3 4.1 -0.8
v -0.2 3.9 -0.8
v -0.2 4 -0.8
v -0.2 4.1 -0.8
v -0.1 3.9 -0.8
v -1.19209e-07 3.9 -0.8
v -1.19209e-07 4 -0.8
v 0.2 0.8 -0.8
v 0.2 0.9 -0.8
v 0.2 1.6 -0.8
v 0.2 1.7 -0.8
v 0.2 3.9 -0.8
v 0.2 4 -0.8
v 0.2 4.9 -0.8
v 0.2 5 -0.8
v 0.2 5.1 -0.8
v 0.2 5.2 -0.8
v 0.2 5.4 -0.8
v 0.3 0.8 -0.8
v 0.3 0.9 -0.8
v 0.3 1.6 -0.8
v 0.3 1.7 -0.8
v 0.3 3.8 -0.8
v 0.3 3.9 -0.8
v 0.3 4 -0.8
v 0.3 4.4 -0.8
v 0.3 4.5 -0.8
v 0.3 4.9 -0.8
v 0.3 5 -0.8
v 0.3 5.1 -0.8
v 0.3 5.2 -0.8
v 0.3 5.4 -0.8
v 0.4 1.7 -0.8
v 0.4 1.8 -0.8
v 0.4 1.9 -0.8
v 0.4 3.8 -0.8
v 0.4 4.4 -0.8
v 0.4 4.5 -0.8
v 0.4 4.7 -0.8
v 0.4 4.8 -0.8
v 0.4 4.9 -0.8
v 0.4 5 -0.8
v 0.4 5.1 -0.8
v 0.5 1.7 -0.8
v 0.5 1.9 -0.8
v 0.5 3.8 -0.8
v 0.5 3.9 -0.8
v 0.5 4.5 -0.8
v 0.5 4.7 -0.8
v 0.5 4.8 -0.8
v 0.5 4.9 -0.8
v 0.5 5 -0.8
v 0.5 5.2 -0.8
v 0.6 1.9 -0.8
v 0.6 2 -0.8
v 0.6 2.1 -0.8
v 0.6 2.2 -0.8
v 0.6 2.3 -0.8
v 0.6 2.4 -0.8
v 0.6 4.5 -0.8
v 0.6 4.8 -0.8
v 0.6 5 -0.8
v 0.6 5.2 -0.8
v 0.7 1.9 -0.8
v 0.7 2 -0.8
v 0.7 2.1 -0.8
v 0.7 2.2 -0.8
v 0.7 2.3 -0.8
v 0.7 2.4 -0.8
v 0.7 2.7 -0.8
v 0.7 3.7 -0.8
v 0.7 3.8 -0.8
v 0.8 2.4 -0.8
v 0.8 2.7 -0.8
v 0.8 2.8 -0.8
v 0.8 2.9 -0.8
v 0.8 3.7 -0.8
v 0.8 3.8 -0.8
v 0.9 2.7 -0.8
v 0.9 2.9 -0.8
v 0.9 3 -0.8
v 0.9 3.2 -0.8
v 0.9 3.3 -0.8
v 0.9 3.4 -0.8
v 1 2.9 -0.8
v 1 3 -0.8
v 1 3.2 -0.8
v 1 3.3 -0.8
v 1 3.4 -0.8
v -1.3 1.3 -0.9
v -1.3 1.4 -0.9
v -1.2 1.3 -0.9
v -1.2 1.4 -0.9
v -1.1 1.6 -0.9
v -1.1 1.7 -0.9
v -1 0.9 -0.9
v -1 1.1 -0.9
v -1 1.6 -0.9
v -1 1.7 -0.9
v -1 1.8 -0.9
v -1 1.9 -0.9
v -1 2 -0.9
v -1 2.2 -0.9
v -1 2.3 -0.9
v -1 2.4 -0.9
v -1 2.6 -0.9
v -0.9 0.9 -0.9
v -0.9 1.1 -0.9
v -0.9 1.8 -0.9
v -0.9 1.9 -0.9
v -0.9 2 -0.9
v -0.9 2.1 -0.9
v -0.9 2.2 -0.9
v -0.9 2.3 -0.9
v -0.9 2.4 -0.9
v -0.9 2.5 -0.9
v -0.9 2.6 -0.9
v -0.9 2.7 -0.9
v -0.9 3.4 -0.9
v -0.9 3.5 -0.9
v -0.9 3.6 -0.9
v -0.8 1.7 -0.9
v -0.8 1.8 -0.9
v -0.8 2 -0.9
v -0.8 2.1 -0.9
v -0.8 2.5 -0.9
v -0.8 2.7 -0.9
v -0.8 2.9 -0.9
v -0.8 3.1 -0.9
v -0.8 3.3 -0.9
v -0.8 3.4 -0.9
v -0.8 3.5 -0.9
v -0.8 3.6 -0.9
v -0.8 3.7 -0.9
v -0.8 3.8 -0.9
v -0.8 3.9 -0.9
v -0.7 3.6 -0.9
v -0.7 3.7 -0.9
v -0.7 3.8 -0.9
v -0.6 3.8 -0.9
v -0.6 3.9 -0.9
v -0.5 3.8 -0.9
v -0.5 3.9 -0.9
v -0.5 4 -0.9
v -0.4 1.2 -0.9
v -0.4 1.3 -0.9
v -0.4 3.9 -0.9
v -0.4 4 -0.9
v -0.3 1.2 -0.9
v -0.3 1.3 -0.9
v -0.3 1.4 -0.9
v -0.3 1.5 -0.9
v -0.3 3.9 -0.9
v -0.3 4 -0.9
v -0.2 1.4 -0.9
v -0.2 1.5 -0.9
v -1.19209e-07 3.9 -0.9
v -1.19209e-07 4 -0.9
v 0.0999999 0.8 -0.9
v 0.0999999 0.9 -0.9
v 0.2 0.8 -0.9
v 0.2 0.9 -0.9
v 0.2 1.7 -0.9
v 0.2 1.8 -0.9
v 0.2 1.9 -0.9
v 0.2 3.9 -0.9
v 0.2 4 -0.9
v 0.2 5 -0.9
v 0.2 5.1 -0.9
v 0.3 1.9 -0.9
v 0.3 4.8 -0.9
v 0.3 5 -0.9
v 0.3 5.1 -0.9
v 0.3 5.2 -0.9
v 0.3 5.4 -0.9
v 0.4 0.9 -0.9
v 0.4 1 -0.9
v 0.4 1.7 -0.9
v 0.4 1.8 -0.9
v 0.4 1.9 -0.9
v 0.4 4.8 -0.9
v 0.4 4.9 -0.9
v 0.4 5 -0.9
v 0.4 5.1 -0.9
v 0.4 5.2 -0.9
v 0.4 5.4 -0.9
v 0.4 5.5 -0.9
v 0.5 0.9 -0.9
v 0.5 1 -0.9
v 0.5 1.9 -0.9
v 0.5 2 -0.9
v 0.5 2.1 -0.9
v 0.5 2.3 -0.9
v 0.5 2.4 -0.9
v 0.5 3.7 -0.9
v 0.5 3.8 -0.9
v 0.5 4.9 -0.9
v 0.5 5.5 -0.9
v 0.6 1.9 -0.9
v 0.6 2 -0.9
v 0.6 2.1 -0.9
v 0.6 2.3 -0.9
v 0.6 2.4 -0.9
v 0.6 2.7 -0.9
v 0.6 2.8 -0.9
v 0.7 2.4 -0.9
v 0.7 2.7 -0.9
v 0.7 2.8 -0.9
v 0.7 2.9 -0.9
v 0.7 3.6 -0.9
v 0.7 3.7 -0.9
v 0.7 3.8 -0.9
v 0.8 2.7 -0.9
v 0.8 2.8 -0.9
v 0.8 2.9 -0.9
v 0.8 3 -0.9
v 0.8 3.2 -0.9
v 0.8 3.3 -0.9
v 0.8 3.4 -0.9
v 0.8 3.5 -0.9
v 0.8 3.6 -0.9
v 0.8 3.7 -0.9
v 0.9 2.9 -0.9
v 0.9 3 -0.9
v 0.9 3.2 -0.9
v 0.9 3.3 -0.9
v 0.9 3.4 -0.9
v 0.9 3.5 -0.9
v 0.9 3.6 -0.9
v 1 3.4 -0.9
v 1 3.5 -0.9
v -1.3 1.4 -1
v -1.3 1.5 -1
v -1.2 1.3 -1
v -1.2 1.4 -1
v -1.2 1.5 -1
v -1.2 1.6 -1
v -1.1 1.2 -1
v -1.1 1.3 -1
v -1.1 1.4 -1
v -1.1 1.5 -1
v -1.1 1.6 -1
v -1 1.2 -1
v -1 1.3 -1
v -1 1.6 -1
v -1 1.7 -1
v -0.9 0.9 -1
v -0.9 1 -1
v -0.9 1.8 -1
v -0.9 1.9 -1
v -0.9 2 -1
v -0.9 2.1 -1
v -0.9 2.2 -1
v -0.9 2.3 -1
v -0.9 2.4 -1
v -0.9 2.5 -1
v -0.8 0.9 -1
v -0.8 1 -1
v -0.8 1.6 -1
v -0.8 1.7 -1
v -0.8 1.8 -1
v -0.8 2 -1
v -0.8 2.1 -1
v -0.8 2.2 -1
v -0.8 2.3 -1
v -0.8 2.4 -1
v -0.8 2.5 -1
v -0.8 2.7 -1
v -0.8 2.9 -1
v -0.8 3 -1
v -0.8 3.1 -1
v -0.8 3.3 -1
v -0.8 3.4 -1
v -0.8 3.5 -1
v -0.8 3.6 -1
v -0.7 1.7 -1
v -0.7 1.8 -1
v -0.7 2 -1
v -0.7 2.1 -1
v -0.7 2.5 -1
v -0.7 2.7 -1
v -0.7 2.9 -1
v -0.7 3 -1
v -0.7 3.1 -1
v -0.7 3.2 -1
v -0.7 3.3 -1
v -0.7 3.4 -1
v -0.7 3.5 -1
v -0.7 3.6 -1
v -0.7 3.7 -1
v -0.7 3.8 -1
v -0.6 1 -1
v -0.6 1.1 -1
v -0.6 1.8 -1
v -0.6 1.9 -1
v -0.6 2 -1
v -0.6 3.6 -1
v -0.6 3.7 -1
v -0.5 1 -1
v -0.5 1.1 -1
v -0.5 1.2 -1
v -0.5 1.4 -1
v -0.5 1.7 -1
v -0.5 1.8 -1
v -0.5 2 -1
v -0.5 2.1 -1
v -0.5 3.7 -1
v -0.5 3.8 -1
v -0.5 3.9 -1
v -0.4 1.2 -1
v -0.4 1.3 -1
v -0.4 1.4 -1
v -0.4 1.5 -1
v -0.4 1.7 -1
v -0.4 1.8 -1
v -0.4 3.8 -1
v -0.4 3.9 -1
v -0.3 1.3 -1
v -0.3 1.5 -1
v -0.3 1.6 -1
v -0.3 3.9 -1
v -0.3 4 -1
v -0.2 1.4 -1
v -0.2 1.5 -1
v -0.2 1.6 -1
v -0.2 1.7 -1
v -0.2 3.8 -1
v -0.2 3.9 -1
v -0.2 4 -1
v -0.1 1.4 -1
v -0.1 1.5 -1
v -0.1 1.6 -1
v -0.1 3.8 -1
v -1.19209e-07 0.8 -1
v -1.19209e-07 0.9 -1
v -1.19209e-07 1.6 -1
v -1.19209e-07 1.7 -1
v -1.19209e-07 1.8 -1
v -1.19209e-07 1.9 -1
v -1.19209e-07 3.8 -1
v -1.19209e-07 3.9 -1
v 0.0999999 0.8 -1
v 0.0999999 0.9 -1
v 0.0999999 1.7 -1
v 0.0999999 1.8 -1
v 0.0999999 1.9 -1
v 0.2 1.7 -1
v 0.2 1.8 -1
v 0.2 1.9 -1
v 0.2 3.8 -1
v 0.2 3.9 -1
v 0.3 0.9 -1
v 0.3 1 -1
v 0.3 1.9 -1
v 0.3 2 -1
v 0.3 2.1 -1
v 0.3 2.4 -1
v 0.3 3.7 -1
v 0.3 3.8 -1
v 0.3 3.9 -1
v 0.3 5.1 -1
v 0.3 5.2 -1
v 0.4 0.9 -1
v 0.4 1 -1
v 0.4 2.3 -1
v 0.4 2.4 -1
v 0.4 2.8 -1
v 0.4 3.7 -1
v 0.4 5.1 -1
v 0.4 5.2 -1
v 0.5 1 -1
v 0.5 1.1 -1
v 0.5 1.5 -1
v 0.5 1.7 -1
v 0.5 1.9 -1
v 0.5 2 -1
v 0.5 2.3 -1
v 0.5 2.4 -1
v 0.5 3.7 -1
v 0.5 3.8 -1
v 0.6 0.9 -1
v 0.6 1 -1
v 0.6 1.1 -1
v 0.6 1.5 -1
v 0.6 1.7 -1
v 0.6 2.4 -1
v 0.6 2.8 -1
v 0.6 2.9 -1
v 0.6 3.6 -1
v 0.6 3.7 -1
v 0.7 0.9 -1
v 0.7 1 -1
v 0.7 2.8 -1
v 0.7 2.9 -1
v 0.7 3 -1
v 0.7 3.2 -1
v 0.7 3.3 -1
v 0.7 3.4 -1
v 0.7 3.5 -1
v 0.7 3.6 -1
v 0.7 3.7 -1
v 0.8 2.9 -1
v 0.8 3 -1
v 0.8 3.2 -1
v 0.8 3.3 -1
v 0.8 3.4 -1
v 0.8 3.5 -1
v 0.8 3.6 -1
v 0.9 3.4 -1
v 0.9 3.5 -1
v -1.2 1.4 -1.1
v -1.2 1.5 -1.1
v -1.1 1.4 -1.1
v -1.1 1.5 -1.1
v -1.1 1.6 -1.1
v -1 1.1 -1.1
v -1 1.2 -1.1
v -1 1.5 -1.1
v -1 1.6 -1.1
v -0.9 1 -1.1
v -0.9 1.1 -1.1
v -0.9 1.2 -1.1
v -0.8 0.9 -1.1
v -0.8 1 -1.1
v -0.8 1.1 -1.1
v -0.8 1.6 -1.1
v -0.8 1.7 -1.1
v -0.8 2.1 -1.1
v -0.8 2.2 -1.1
v -0.8 2.4 -1.1
v -0.8 2.5 -1.1
v -0.8 3 -1.1
v -0.8 3.1 -1.1
v -0.7 0.9 -1.1
v -0.7 1 -1.1
v -0.7 1.1 -1.1
v -0.7 1.2 -1.1
v -0.7 1.5 -1.1
v -0.7 1.6 -1.1
v -0.7 1.7 -1.1
v -0.7 1.8 -1.1
v -0.7 2.3 -1.1
v -0.7 2.4 -1.1
v -0.7 2.5 -1.1
v -0.7 2.7 -1.1
v -0.7 3 -1.1
v -0.7 3.1 -1.1
v -0.7 3.2 -1.1
v -0.7 3.5 -1.1
v -0.7 3.6 -1.1
v -0.6 1 -1.1
v -0.6 1.1 -1.1
v -0.6 1.2 -1.1
v -0.6 1.4 -1.1
v -0.6 1.5 -1.1
v -0.6 1.8 -1.1
v -0.6 1.9 -1.1
v -0.6 2 -1.1
v -0.6 3.1 -1.1
v -0.6 3.2 -1.1
v -0.6 3.3 -1.1
v -0.6 3.5 -1.1
v -0.6 3.6 -1.1
v -0.6 3.7 -1.1
v -0.5 1.2 -1.1
v -0.5 1.4 -1.1
v -0.5 1.7 -1.1
v -0.5 1.8 -1.1
v -0.5 1.9 -1.1
v -0.5 2 -1.1
v -0.5 2.1 -1.1
v -0.5 2.2 -1.1
v -0.5 2.3 -1.1
v -0.5 2.5 -1.1
v -0.5 2.8 -1.1
v -0.5 2.9 -1.1
v -0.5 3.6 -1.1
v -0.5 3.7 -1.1
v -0.5 3.8 -1.1
v -0.4 1.1 -1.1
v -0.4 1.2 -1.1
v -0.4 1.4 -1.1
v -0.4 1.5 -1.1
v -0.4 1.6 -1.1
v -0.4 1.7 -1.1
v -0.4 1.8 -1.1
v -0.4 2 -1.1
v -0.4 2.1 -1.1
v -0.4 2.5 -1.1
v -0.4 2.7 -1.1
v -0.4 2.8 -1.1
v -0.4 2.9 -1.1
v -0.4 3 -1.1
v -0.4 3.7 -1.1
v -0.4 3.8 -1.1
v -0.4 3.9 -1.1
v -0.3 1.5 -1.1
v -0.3 1.6 -1.1
v -0.3 1.8 -1.1
v -0.3 3.8 -1.1
v -0.2 1.2 -1.1
v -0.2 1.3 -1.1
v -0.2 1.4 -1.1
v -0.2 1.6 -1.1
v -0.2 1.7 -1.1
v -0.2 1.8 -1.1
v -0.2 1.9 -1.1
v -0.2 3.8 -1.1
v -0.2 3.9 -1.1
v -0.1 0.9 -1.1
v -0.1 1 -1.1
v -0.1 1.2 -1.1
v -0.1 1.3 -1.1
v -0.1 1.4 -1.1
v -0.1 1.6 -1.1
v -0.1 1.8 -1.1
v -0.1 1.9 -1.1
v -0.1 2 -1.1
v -1.19209e-07 0.9 -1.1
v -1.19209e-07 1 -1.1
v -1.19209e-07 1.4 -1.1
v -1.19209e-07 1.6 -1.1
v -1.19209e-07 1.7 -1.1
v -1.19209e-07 1.8 -1.1
v -1.19209e-07 1.9 -1.1
v -1.19209e-07 3.8 -1.1
v -1.19209e-07 3.9 -1.1
v 0.0999999 1.6 -1.1
v 0.0999999 1.7 -1.1
v 0.0999999 1.9 -1.1
v 0.0999999 2 -1.1
v 0.0999999 2.1 -1.1
v 0.0999999 2.2 -1.1
v 0.0999999 2.4 -1.1
v 0.0999999 3.8 -1.1
v 0.0999999 3.9 -1.1
v 0.2 0.9 -1.1
v 0.2 1 -1.1
v 0.2 1.6 -1.1
v 0.2 1.7 -1.1
v 0.2 2.1 -1.1
v 0.2 2.2 -1.1
v 0.2 2.4 -1.1
v 0.2 2.8 -1.1
v 0.2 3.8 -1.1
v 0.2 3.9 -1.1
v 0.3 0.9 -1.1
v 0.3 1 -1.1
v 0.3 1.6 -1.1
v 0.3 1.7 -1.1
v 0.3 1.9 -1.1
v 0.3 2 -1.1
v 0.3 2.1 -1.1
v 0.3 2.4 -1.1
v 0.4 1 -1.1
v 0.4 1.1 -1.1
v 0.4 1.5 -1.1
v 0.4 1.6 -1.1
v 0.4 2.4 -1.1
v 0.4 2.8 -1.1
v 0.4 3.6 -1.1
v 0.4 3.7 -1.1
v 0.5 1 -1.1
v 0.5 1.1 -1.1
v 0.5 1.3 -1.1
v 0.5 1.5 -1.1
v 0.5 1.7 -1.1
v 0.5 2.8 -1.1
v 0.5 2.9 -1.1
v 0.6 1.3 -1.1
v 0.6 1.5 -1.1
v 0.6 2.8 -1.1
v 0.6 2.9 -1.1
v 0.6 3 -1.1
v 0.6 3.1 -1.1
v 0.6 3.2 -1.1
v 0.6 3.3 -1.1
v 0.6 3.4 -1.1
v 0.6 3.5 -1.1
v 0.6 3.6 -1.1
v 0.6 3.7 -1.1
v 0.7 2.9 -1.1
v 0.7 3 -1.1
v 0.7 3.2 -1.1
v 0.7 3.3 -1.1
v 0.7 3.4 -1.1
v 0.7 3.5 -1.1
v 0.7 3.6 -1.1
v 0.8 3.4 -1.1
v 0.8 3.5 -1.1
v -1.1 1.3 -1.2
v -1.1 1.4 -1.2
v -1.1 1.5 -1.2
v -1 1.3 -1.2
v -1 1.4 -1.2
v -1 1.5 -1.2
v -1 1.6 -1.2
v -0.9 1.3 -1.2
v -0.9 1.4 -1.2
v -0.9 1.5 -1.2
v -0.9 1.6 -1.2
v -0.8 1.1 -1.2
v -0.8 1.2 -1.2
v -0.8 1.5 -1.2
v -0.8 1.6 -1.2
v -0.7 1.1 -1.2
v -0.7 1.2 -1.2
v -0.7 1.3 -1.2
v -0.7 1.5 -1.2
v -0.7 1.6 -1.2
v -0.7 3 -1.2
v -0.7 3.1 -1.2
v -0.6 1.2 -1.2
v -0.6 1.4 -1.2
v -0.6 1.5 -1.2
v -0.6 3.1 -1.2
v -0.6 3.3 -1.2
v -0.6 3.5 -1.2
v -0.6 3.6 -1.2
v -0.5 2.1 -1.2
v -0.5 2.2 -1.2
v -0.5 2.3 -1.2
v -0.5 2.5 -1.2
v -0.5 3.6 -1.2
v -0.5 3.7 -1.2
v -0.4 2 -1.2
v -0.4 2.1 -1.2
v -0.4 2.2 -1.2
v -0.4 2.5 -1.2
v -0.4 2.8 -1.2
v -0.4 3 -1.2
v -0.4 3.4 -1.2
v -0.4 3.5 -1.2
v -0.4 3.7 -1.2
v -0.4 3.8 -1.2
v -0.3 2.2 -1.2
v -0.3 2.3 -1.2
v -0.3 2.9 -1.2
v -0.3 3.3 -1.2
v -0.3 3.4 -1.2
v -0.3 3.5 -1.2
v -0.3 3.7 -1.2
v -0.3 3.8 -1.2
v -0.2 2.8 -1.2
v -0.2 2.9 -1.2
v -0.2 3.5 -1.2
v -0.2 3.6 -1.2
v -0.1 1 -1.2
v -0.1 1.2 -1.2
v -0.1 1.3 -1.2
v -0.1 1.4 -1.2
v -0.1 2 -1.2
v -0.1 2.1 -1.2
v -0.1 3.6 -1.2
v -0.1 3.7 -1.2
v -0.1 3.8 -1.2
v -1.19209e-07 1 -1.2
v -1.19209e-07 1.2 -1.2
v -1.19209e-07 1.3 -1.2
v -1.19209e-07 1.4 -1.2
v -1.19209e-07 1.5 -1.2
v -1.19209e-07 1.7 -1.2
v -1.19209e-07 3.6 -1.2
v -1.19209e-07 3.7 -1.2
v -1.19209e-07 3.8 -1.2
v 0.0999999 0.9 -1.2
v 0.0999999 1 -1.2
v 0.0999999 1.4 -1.2
v 0.0999999 1.5 -1.2
v 0.0999999 1.6 -1.2
v 0.0999999 1.7 -1.2
v 0.0999999 2 -1.2
v 0.0999999 2.1 -1.2
v 0.0999999 2.2 -1.2
v 0.0999999 2.4 -1.2
v 0.0999999 2.9 -1.2
v 0.2 0.9 -1.2
v 0.2 1 -1.2
v 0.2 1.4 -1.2
v 0.2 1.6 -1.2
v 0.2 1.7 -1.2
v 0.2 2.4 -1.2
v 0.2 2.8 -1.2
v 0.2 2.9 -1.2
v 0.2 3 -1.2
v 0.2 3.6 -1.2
v 0.2 3.7 -1.2
v 0.3 1 -1.2
v 0.3 1.1 -1.2
v 0.3 1.4 -1.2
v 0.3 1.5 -1.2
v 0.3 1.6 -1.2
v 0.3 1.7 -1.2
v 0.3 3 -1.2
v 0.3 3.1 -1.2
v 0.3 3.2 -1.2
v 0.3 3.3 -1.2
v 0.3 3.4 -1.2
v 0.3 3.5 -1.2
v 0.3 3.6 -1.2
v 0.3 3.7 -1.2
v 0.3 3.8 -1.2
v 0.4 1 -1.2
v 0.4 1.1 -1.2
v 0.4 1.3 -1.2
v 0.4 1.5 -1.2
v 0.4 1.6 -1.2
v 0.4 3.4 -1.2
v 0.4 3.5 -1.2
v 0.4 3.6 -1.2
v 0.4 3.7 -1.2
v 0.5 1.1 -1.2
v 0.5 1.2 -1.2
v 0.5 1.3 -1.2
v 0.5 1.5 -1.2
v 0.5 2.8 -1.2
v 0.5 2.9 -1.2
v 0.5 3 -1.2
v 0.5 3.1 -1.2
v 0.6 1 -1.2
v 0.6 1.1 -1.2
v 0.6 1.2 -1.2
v 0.6 1.3 -1.2
v 0.6 2.9 -1.2
v 0.6 3 -1.2
v 0.6 3.1 -1.2
v 0.6 3.2 -1.2
v 0.6 3.3 -1.2
v 0.6 3.4 -1.2
v 0.6 3.5 -1.2
v 0.6 3.6 -1.2
v 0.7 1 -1.2
v 0.7 1.1 -1.2
v 0.7 3.4 -1.2
v 0.7 3.5 -1.2
v -1 1.2 -1.3
v -1 1.3 -1.3
v -0.9 1.1 -1.3
v -0.9 1.2 -1.3
v -0.9 1.3 -1.3
v -0.8 1 -1.3
v -0.8 1.1 -1.3
v -0.8 1.2 -1.3
v -0.7 1 -1.3
v -0.7 1.1 -1.3
v -0.7 1.2 -1.3
v -0.7 1.3 -1.3
v -0.3 2.9 -1.3
v -0.3 3.3 -1.3
v -0.3 3.4 -1.3
v -0.3 3.5 -1.3
v -0.2 2.9 -1.3
v -0.2 3.1 -1.3
v -0.2 3.2 -1.3
v -0.2 3.3 -1.3
v -0.2 3.4 -1.3
v -0.2 3.5 -1.3
v -0.2 3.6 -1.3
v -1.19209e-07 0.9 -1.3
v -1.19209e-07 1 -1.3
v -1.19209e-07 1.2 -1.3
v -1.19209e-07 1.3 -1.3
v -1.19209e-07 1.5 -1.3
v -1.19209e-07 3 -1.3
v -1.19209e-07 3.1 -1.3
v -1.19209e-07 3.6 -1.3
v -1.19209e-07 3.7 -1.3
v 0.0999999 0.9 -1.3
v 0.0999999 1 -1.3
v 0.0999999 1.1 -1.3
v 0.0999999 1.2 -1.3
v 0.0999999 1.3 -1.3
v 0.0999999 1.4 -1.3
v 0.0999999 1.5 -1.3
v 0.0999999 2.9 -1.3
v 0.0999999 3 -1.3
v 0.2 1 -1.3
v 0.2 1.1 -1.3
v 0.2 1.2 -1.3
v 0.2 1.3 -1.3
v 0.2 1.4 -1.3
v 0.2 2.9 -1.3
v 0.2 3 -1.3
v 0.2 3.1 -1.3
v 0.2 3.2 -1.3
v 0.2 3.5 -1.3
v 0.2 3.6 -1.3
v 0.2 3.7 -1.3
v 0.3 1 -1.3
v 0.3 1.1 -1.3
v 0.3 1.3 -1.3
v 0.3 1.4 -1.3
v 0.3 1.5 -1.3
v 0.3 3 -1.3
v 0.3 3.1 -1.3
v 0.3 3.3 -1.3
v 0.3 3.4 -1.3
v 0.3 3.5 -1.3
v 0.3 3.6 -1.3
v 0.4 1.1 -1.3
v 0.4 1.2 -1.3
v 0.4 1.3 -1.3
v 0.4 1.5 -1.3
v 0.5 1.1 -1.3
v 0.5 1.2 -1.3
v 0.5 1.3 -1.3
v -1.19209e-07 1.2 -1.4
v -1.19209e-07 1.3 -1.4
v 0.0999999 1 -1.4
v 0.0999999 1.1 -1.4
v 0.0999999 1.2 -1.4
v 0.0999999 1.3 -1.4
v 0.2 1 -1.4
v 0.2 1.1 -1.4
v 0.2 1.2 -1.4
v 0.2 1.3 -1.4
v 0.3 1.2 -1.4
v 0.3 1.3 -1.4
v 0.4 1.1 -1.4
v 0.4 1.2 -1.4
v 0.4 1.3 -1.4
v -0.9 0.8 1
v -0.8 0.8 1
v -1 0.8 0.9
v -0.9 0.8 0.9
v -0.8 0.8 0.9
v -1.19209e-07 0.8 0.9
v 0.0999999 0.8 0.9
v -1 0.8 0.8
v -0.9 0.8 0.8
v 0.0999999 0.8 0.8
v 0.2 0.8 0.8
v 0.2 0.8 0.7
v 0.3 0.8 0.7
v 0.3 0.8 0.6
v 0.5 0.8 0.6
v 0.6 0.8 0.6
v 0.7 0.8 0.6
v -1.19209e-07 0.8 0.5
v 0.0999999 0.8 0.5
v 0.2 0.8 0.5
v 0.5 0.8 0.5
v 0.6 0.8 0.5
v 0.7 0.8 0.5
v 0.0999999 0.8 0.4
v 0.2 0.8 0.4
v 0.6 0.8 0.4
v 0.0999999 0.8 -0.6
v 0.2 0.8 -0.6
v -0.9 0.8 -0.7
v -0.8 0.8 -0.7
v -1.19209e-07 0.8 -0.7
v 0.0999999 0.8 -0.7
v 0.2 0.8 -0.7
v 0.3 0.8 -0.7
v -0.9 0.8 -0.8
v -0.8 0.8 -0.8
v 0.2 0.8 -0.8
v 0.3 0.8 -0.8
v 0.0999999 0.8 -0.9
v 0.2 0.8 -0.9
v -1.19209e-07 0.8 -1
v 0.0999999 0.8 -1
v -0.9 0.9 1.1
v -0.8 0.9 1.1
v 0.0999999 0.9 1.1
v 0.2 0.9 1.1
v -1 0.9 1
v -0.9 0.9 1
v -0.8 0.9 1
v -0.7 0.9 1
v -1.19209e-07 0.9 1
v 0.0999999 0.9 1
v 0.2 0.9 1
v 0.3 0.9 1
v -1 0.9 0.9
v -0.9 0.9 0.9
v -0.8 0.9 0.9
v -1.19209e-07 0.9 0.9
v 0.0999999 0.9 0.9
v 0.3 0.9 0.9
v 0.4 0.9 0.9
v -1.1 0.9 0.8
v -1 0.9 0.8
v -0.9 0.9 0.8
v -0.8 0.9 0.8
v -0.7 0.9 0.8
v 0.0999999 0.9 0.8
v 0.2 0.9 0.8
v 0.4 0.9 0.8
v 0.5 0.9 0.8
v 0.6 0.9 0.8
v 0.7 0.9 0.8
v -1.1 0.9 0.7
v -1 0.9 0.7
v -0.9 0.9 0.7
v -0.8 0.9 0.7
v 0.2 0.9 0.7
v 0.3 0.9 0.7
v 0.5 0.9 0.7
v 0.6 0.9 0.7
v 0.7 0.9 0.7
v 0.8 0.9 0.7
v -1 0.9 0.6
v -0.9 0.9 0.6
v 0.3 0.9 0.6
v 0.5 0.9 0.6
v 0.6 0.9 0.6
v 0.7 0.9 0.6
v 0.8 0.9 0.6
v 0.5 0.9 0.5
v 0.6 0.9 0.5
v -1 0.9 -0.5
v -0.9 0.9 -0.5
v -1 0.9 -0.6
v -0.9 0.9 -0.6
v -0.8 0.9 -0.6
v 0.2 0.9 -0.6
v 0.5 0.9 -0.6
v -0.9 0.9 -0.7
v -0.8 0.9 -0.7
v -0.7 0.9 -0.7
v 0.2 0.9 -0.7
v 0.3 0.9 -0.7
v -0.9 0.9 -0.8
v -0.8 0.9 -0.8
v -0.1 0.9 -0.8
v -1.19209e-07 0.9 -0.8
v 0.2 0.9 -0.8
v 0.3 0.9 -0.8
v 0.6 0.9 -0.8
v 0.7 0.9 -0.8
v -1 0.9 -0.9
v -0.9 0.9 -0.9
v 0.0999999 0.9 -0.9
v 0.2 0.9 -0.9
v 0.4 0.9 -0.9
v 0.5 0.9 -0.9
v -0.9 0.9 -1
v -0.8 0.9 -1
v -1.19209e-07 0.9 -1
v 0.0999999 0.9 -1
v 0.3 0.9 -1
v 0.4 0.9 -1
v 0.6 0.9 -1
v 0.7 0.9 -1
v -0.8 0.9 -1.1
v -0.7 0.9 -1.1
v -0.1 0.9 -1.1
v -1.19209e-07 0.9 -1.1
v 0.2 0.9 -1.1
v 0.3 0.9 -1.1
v 0.0999999 0.9 -1.2
v 0.2 0.9 -1.2
v -1.19209e-07 0.9 -1.3
v 0.0999999 0.9 -1.3
v -0.8 1 1.2
v -0.7 1 1.2
v -0.6 1 1.2
v 0.2 1 1.2
v 0.3 1 1.2
v -0.8 1 1.1
v -0.7 1 1.1
v -0.6 1 1.1
v 0.2 1 1.1
v 0.3 1 1.1
v 0.4 1 1.1
v -0.8 1 1
v -0.7 1 1
v 0.2 1 1
v 0.3 1 1
v 0.4 1 1
v 0.5 1 1
v 0.6 1 1
v 0.7 1 1
v -0.6 1 0.9
v -0.5 1 0.9
v 0.3 1 0.9
v 0.4 1 0.9
v 0.5 1 0.9
v 0.6 1 0.9
v 0.7 1 0.9
v 0.8 1 0.9
v -0.8 1 0.8
v -0.7 1 0.8
v -0.6 1 0.8
v -0.5 1 0.8
v -0.4 1 0.8
v 0.4 1 0.8
v 0.5 1 0.8
v 0.6 1 0.8
v 0.7 1 0.8
v -0.9 1 0.7
v -0.8 1 0.7
v -0.6 1 0.7
v -0.5 1 0.7
v 0.5 1 0.7
v 0.6 1 0.7
v 0.7 1 0.7
v 0.8 1 0.7
v -0.9 1 0.6
v -0.8 1 0.6
v -0.7 1 0.6
v -0.6 1 0.6
v -0.5 1 0.6
v -0.4 1 0.6
v -0.9 1 0.5
v -0.7 1 0.5
v 0.0999999 1 0.5
v 0.2 1 0.5
v 0.2 1 0.4
v 0.3 1 0.4
v 0.0999999 1 0.3
v 0.2 1 0.3
v 0.3 1 0.3
v -0.9 1 -0.5
v -0.8 1 -0.5
v -0.7 1 -0.5
v 0.0999999 1 -0.5
v 0.2 1 -0.5
v -0.9 1 -0.6
v -0.8 1 -0.6
v -0.7 1 -0.6
v -0.6 1 -0.6
v 0.0999999 1 -0.6
v 0.2 1 -0.6
v -0.8 1 -0.7
v -0.7 1 -0.7
v -0.6 1 -0.7
v -0.4 1 -0.7
v 0.5 1 -0.7
v 0.6 1 -0.7
v -0.5 1 -0.8
v -0.4 1 -0.8
v 0.6 1 -0.8
v 0.4 1 -0.9
v 0.5 1 -0.9
v -0.9 1 -1
v -0.8 1 -1
v -0.6 1 -1
v -0.5 1 -1
v 0.3 1 -1
v 0.4 1 -1
v 0.5 1 -1
v 0.6 1 -1
v 0.7 1 -1
v -0.9 1 -1.1
v -0.8 1 -1.1
v -0.7 1 -1.1
v -0.6 1 -1.1
v -0.1 1 -1.1
v -1.19209e-07 1 -1.1
v 0.2 1 -1.1
v 0.3 1 -1.1
v 0.4 1 -1.1
v 0.5 1 -1.1
v -0.1 1 -1.2
v -1.19209e-07 1 -1.2
v 0.0999999 1 -1.2
v 0.2 1 -1.2
v 0.3 1 -1.2
v 0.4 1 -1.2
v 0.6 1 -1.2
v 0.7 1 -1.2
v -0.8 1 -1.3
v -0.7 1 -1.3
v 0.0999999 1 -1.3
v 0.2 1 -1.3
v 0.3 1 -1.3
v 0.0999999 1 -1.4
v 0.2 1 -1.4
v -0.8 1.1 1.3
v -0.7 1.1 1.3
v -0.9 1.1 1.2
v -0.8 1.1 1.2
v -0.7 1.1 1.2
v 0.3 1.1 1.2
v 0.5 1.1 1.2
v -1 1.1 1.1
v -0.9 1.1 1.1
v -0.8 1.1 1.1
v -0.6 1.1 1.1
v -0.5 1.1 1.1
v 0.3 1.1 1.1
v 0.4 1.1 1.1
v 0.5 1.1 1.1
v 0.6 1.1 1.1
v -1 1.1 1
v -0.9 1.1 1
v -0.6 1.1 1
v -0.5 1.1 1
v -0.4 1.1 1
v 0.4 1.1 1
v 0.5 1.1 1
v 0.6 1.1 1
v -1.1 1.1 0.9
v -1 1.1 0.9
v -0.6 1.1 0.9
v -0.5 1.1 0.9
v 0.5 1.1 0.9
v 0.6 1.1 0.9
v -1.2 1.1 0.8
v -1.1 1.1 0.8
v -1 1.1 0.8
v -0.5 1.1 0.8
v -0.4 1.1 0.8
v -1.2 1.1 0.7
v -1.1 1.1 0.7
v -1 1.1 0.7
v -0.6 1.1 0.7
v -0.5 1.1 0.7
v -0.4 1.1 0.7
v -0.3 1.1 0.7
v -0.1 1.1 0.7
v -1.19209e-07 1.1 0.7
v -1.2 1.1 0.6
v -1.1 1.1 0.6
v -1 1.1 0.6
v -0.9 1.1 0.6
v -0.7 1.1 0.6
v -0.6 1.1 0.6
v -0.5 1.1 0.6
v -0.4 1.1 0.6
v -0.3 1.1 0.6
v -1.19209e-07 1.1 0.6
v 0.0999999 1.1 0.6
v -1 1.1 0.5
v -0.9 1.1 0.5
v -0.8 1.1 0.5
v -0.7 1.1 0.5
v -0.6 1.1 0.5
v -0.4 1.1 0.5
v -0.1 1.1 0.5
v -1.19209e-07 1.1 0.5
v 0.0999999 1.1 0.5
v -0.8 1.1 0.4
v -0.7 1.1 0.4
v -0.6 1.1 0.4
v -1.19209e-07 1.1 0.4
v 0.0999999 1.1 0.4
v 0.3 1.1 0.4
v 0.5 1.1 0.4
v 0.3 1.1 0.3
v 0.5 1.1 0.3
v -0.8 1.1 -0.4
v -0.6 1.1 -0.4
v -1.2 1.1 -0.5
v -1.1 1.1 -0.5
v -1 1.1 -0.5
v -0.8 1.1 -0.5
v -0.7 1.1 -0.5
v -0.5 1.1 -0.5
v -0.4 1.1 -0.5
v 0.2 1.1 -0.5
v 0.5 1.1 -0.5
v -1.2 1.1 -0.6
v -1.1 1.1 -0.6
v -1 1.1 -0.6
v -0.7 1.1 -0.6
v -0.6 1.1 -0.6
v -0.5 1.1 -0.6
v -0.4 1.1 -0.6
v -0.3 1.1 -0.6
v -1.19209e-07 1.1 -0.6
v 0.0999999 1.1 -0.6
v 0.2 1.1 -0.6
v 0.4 1.1 -0.6
v 0.5 1.1 -0.6
v -1.1 1.1 -0.7
v -1 1.1 -0.7
v -0.6 1.1 -0.7
v -0.5 1.1 -0.7
v -0.4 1.1 -0.7
v -0.3 1.1 -0.7
v -0.1 1.1 -0.7
v -1.19209e-07 1.1 -0.7
v 0.0999999 1.1 -0.7
v -0.5 1.1 -0.8
v -0.4 1.1 -0.8
v -0.1 1.1 -0.8
v -1.19209e-07 1.1 -0.8
v -1 1.1 -0.9
v -0.9 1.1 -0.9
v -0.6 1.1 -1
v -0.5 1.1 -1
v 0.5 1.1 -1
v 0.6 1.1 -1
v -1 1.1 -1.1
v -0.9 1.1 -1.1
v -0.8 1.1 -1.1
v -0.6 1.1 -1.1
v -0.4 1.1 -1.1
v 0.4 1.1 -1.1
v 0.5 1.1 -1.1
v 0.3 1.1 -1.2
v 0.4 1.1 -1.2
v 0.5 1.1 -1.2
v 0.6 1.1 -1.2
v -0.9 1.1 -1.3
v -0.8 1.1 -1.3
v 0.2 1.1 -1.3
v 0.3 1.1 -1.3
v 0.4 1.1 -1.3
v 0.5 1.1 -1.3
v 0.2 1.1 -1.4
v 0.4 1.1 -1.4
v -0.9 1.2 1.3
v -0.8 1.2 1.3
v -1 1.2 1.2
v -0.9 1.2 1.2
v -0.8 1.2 1.2
v 0.5 1.2 1.2
v 0.6 1.2 1.2
v -1 1.2 1.1
v -0.9 1.2 1.1
v 0.5 1.2 1.1
v 0.6 1.2 1.1
v -1.1 1.2 1
v -1 1.2 1
v -1.2 1.2 0.9
v -1.1 1.2 0.9
v -1 1.2 0.9
v -0.4 1.2 0.9
v -0.3 1.2 0.9
v -0.1 1.2 0.9
v -1.19209e-07 1.2 0.9
v -1.3 1.2 0.8
v -1.2 1.2 0.8
v -1.1 1.2 0.8
v -0.4 1.2 0.8
v -0.3 1.2 0.8
v -1.19209e-07 1.2 0.8
v -1.3 1.2 0.7
v -1.2 1.2 0.7
v -0.4 1.2 0.7
v -0.3 1.2 0.7
v -0.1 1.2 0.7
v -1.19209e-07 1.2 0.7
v -1.1 1.2 0.6
v -1 1.2 0.6
v -1.1 1.2 0.5
v -1 1.2 0.5
v -0.9 1.2 0.5
v -0.8 1.2 0.5
v -0.6 1.2 0.5
v -0.5 1.2 0.5
v -0.4 1.2 0.5
v -0.2 1.2 0.5
v -1 1.2 0.4
v -0.9 1.2 0.4
v -0.8 1.2 0.4
v -0.7 1.2 0.4
v -0.6 1.2 0.4
v -0.5 1.2 0.4
v -0.2 1.2 0.4
v -0.1 1.2 0.4
v -1.19209e-07 1.2 0.4
v -0.7 1.2 0.3
v -0.6 1.2 0.3
v -0.5 1.2 0.3
v -0.4 1.2 0.3
v -0.1 1.2 0.3
v -1.19209e-07 1.2 0.3
v 0.0999999 1.2 0.3
v 0.2 1.2 0.3
v -1.19209e-07 1.2 0.2
v 0.0999999 1.2 0.2
v 0.2 1.2 0.2
v -1.19209e-07 1.2 -0.2
v 0.0999999 1.2 -0.2
v 0.0999999 1.2 -0.3
v 0.2 1.2 -0.3
v -1 1.2 -0.4
v -0.8 1.2 -0.4
v -0.6 1.2 -0.4
v -0.5 1.2 -0.4
v -0.2 1.2 -0.4
v -1.19209e-07 1.2 -0.4
v 0.0999999 1.2 -0.4
v 0.2 1.2 -0.4
v -1 1.2 -0.5
v -0.8 1.2 -0.5
v -0.6 1.2 -0.5
v -0.5 1.2 -0.5
v -0.4 1.2 -0.5
v -0.2 1.2 -0.5
v -1.19209e-07 1.2 -0.5
v 0.0999999 1.2 -0.5
v 0.2 1.2 -0.5
v -1.2 1.2 -0.6
v -1.1 1.2 -0.6
v -0.6 1.2 -0.6
v -0.5 1.2 -0.6
v -0.1 1.2 -0.6
v -1.19209e-07 1.2 -0.6
v 0.0999999 1.2 -0.6
v -1.1 1.2 -0.7
v -1 1.2 -0.7
v -0.4 1.2 -0.7
v -0.3 1.2 -0.7
v -0.2 1.2 -0.7
v -0.1 1.2 -0.7
v -1.19209e-07 1.2 -0.7
v -1.2 1.2 -0.8
v -1.1 1.2 -0.8
v -0.4 1.2 -0.8
v -0.3 1.2 -0.8
v -0.4 1.2 -0.9
v -0.3 1.2 -0.9
v -1.1 1.2 -1
v -1 1.2 -1
v -1 1.2 -1.1
v -0.9 1.2 -1.1
v -0.7 1.2 -1.1
v -0.6 1.2 -1.1
v -0.2 1.2 -1.1
v -0.1 1.2 -1.1
v -0.8 1.2 -1.2
v -0.7 1.2 -1.2
v -0.6 1.2 -1.2
v -1 1.2 -1.3
v -0.9 1.2 -1.3
v -0.8 1.2 -1.3
v -0.7 1.2 -1.3
v -1.19209e-07 1.2 -1.3
v 0.0999999 1.2 -1.3
v -1.19209e-07 1.2 -1.4
v 0.0999999 1.2 -1.4
v -1 1.3 1.3
v -0.9 1.3 1.3
v -1 1.3 1.2
v -0.9 1.3 1.2
v -1.1 1.3 1.1
v -1 1.3 1.1
v -1.2 1.3 1
v -1.1 1.3 1
v -1 1.3 1
v -1.3 1.3 0.9
v -1.2 1.3 0.9
v -1.1 1.3 0.9
v 0.7 1.3 0.9
v 0.8 1.3 0.9
v -1.3 1.3 0.8
v -1.2 1.3 0.8
v 0.7 1.3 0.8
v 0.7 1.3 0.7
v 0.8 1.3 0.7
v -0.4 1.3 0.6
v -0.3 1.3 0.6
v -0.1 1.3 0.6
v -0.4 1.3 0.5
v -0.2 1.3 0.5
v -0.1 1.3 0.5
v -1.19209e-07 1.3 0.5
v -0.9 1.3 0.4
v -0.8 1.3 0.4
v -0.7 1.3 0.4
v -0.6 1.3 0.4
v -0.5 1.3 0.4
v -0.2 1.3 0.4
v -0.1 1.3 0.4
v -1.19209e-07 1.3 0.4
v 0.0999999 1.3 0.4
v -0.9 1.3 0.3
v -0.8 1.3 0.3
v -0.7 1.3 0.3
v -0.6 1.3 0.3
v -0.5 1.3 0.3
v -1.19209e-07 1.3 0.3
v 0.2 1.3 0.3
v 0.4 1.3 0.3
v -0.9 1.3 0.2
v -0.8 1.3 0.2
v -0.5 1.3 0.2
v -1.19209e-07 1.3 0.2
v 0.0999999 1.3 0.2
v 0.2 1.3 0.2
v 0.4 1.3 0.2
v -0.9 1.3 -0.2
v -0.8 1.3 -0.2
v -1.19209e-07 1.3 -0.2
v 0.0999999 1.3 -0.2
v 0.3 1.3 -0.2
v 0.4 1.3 -0.2
v -0.8 1.3 -0.3
v -0.6 1.3 -0.3
v 0.0999999 1.3 -0.3
v 0.2 1.3 -0.3
v 0.3 1.3 -0.3
v -0.8 1.3 -0.4
v -0.7 1.3 -0.4
v -0.6 1.3 -0.4
v -0.5 1.3 -0.4
v -0.2 1.3 -0.4
v -1.19209e-07 1.3 -0.4
v 0.0999999 1.3 -0.4
v 0.2 1.3 -0.4
v 0.3 1.3 -0.4
v 0.4 1.3 -0.4
v -1.2 1.3 -0.5
v -1.1 1.3 -0.5
v -0.4 1.3 -0.5
v -0.3 1.3 -0.5
v -0.2 1.3 -0.5
v -0.1 1.3 -0.5
v -1.19209e-07 1.3 -0.5
v 0.0999999 1.3 -0.5
v 0.2 1.3 -0.5
v 0.4 1.3 -0.5
v -1.3 1.3 -0.6
v -1.2 1.3 -0.6
v -1.1 1.3 -0.6
v -0.4 1.3 -0.6
v -0.3 1.3 -0.6
v -0.2 1.3 -0.6
v -0.1 1.3 -0.6
v -1.19209e-07 1.3 -0.6
v -1.3 1.3 -0.7
v -1.2 1.3 -0.7
v -0.2 1.3 -0.7
v -0.1 1.3 -0.7
v -1.2 1.3 -0.8
v -1.1 1.3 -0.8
v -1.3 1.3 -0.9
v -1.2 1.3 -0.9
v -0.4 1.3 -0.9
v -0.3 1.3 -0.9
v -1.2 1.3 -1
v -1.1 1.3 -1
v -1 1.3 -1
v -0.4 1.3 -1
v -0.3 1.3 -1
v -1.1 1.3 -1.2
v -1 1.3 -1.2
v -1.1 1.4 1.2
v -1 1.4 1.2
v -1.2 1.4 1.1
v -1.1 1.4 1.1
v -1 1.4 1.1
v 0.5 1.4 1.1
v 0.6 1.4 1.1
v -1.3 1.4 1
v -1.2 1.4 1
v -1.1 1.4 1
v -0.5 1.4 1
v -0.3 1.4 1
v 0.5 1.4 1
v 0.6 1.4 1
v -1.3 1.4 0.9
v -1.2 1.4 0.9
v -0.5 1.4 0.9
v -0.4 1.4 0.9
v -0.3 1.4 0.9
v -0.2 1.4 0.9
v -1.3 1.4 0.8
v -1.2 1.4 0.8
v -0.4 1.4 0.8
v -0.3 1.4 0.8
v -0.2 1.4 0.8
v -0.1 1.4 0.8
v -1.3 1.4 0.7
v -1.2 1.4 0.7
v -0.3 1.4 0.7
v -0.2 1.4 0.7
v -0.1 1.4 0.7
v 0.6 1.4 0.7
v 0.7 1.4 0.7
v -0.3 1.4 0.6
v -0.1 1.4 0.6
v 0.6 1.4 0.6
v 0.7 1.4 0.6
v 0.5 1.4 0.4
v 0.6 1.4 0.4
v 0.7 1.4 0.4
v -1 1.4 0.3
v -0.9 1.4 0.3
v -0.8 1.4 0.3
v 0.4 1.4 0.3
v 0.5 1.4 0.3
v 0.6 1.4 0.3
v -1 1.4 0.2
v -0.9 1.4 0.2
v -0.8 1.4 0.2
v 0.4 1.4 0.2
v 0.5 1.4 0.2
v 0.6 1.4 0.2
v 0.7 1.4 0.2
v 0.5 1.4 0.1
v 0.6 1.4 0.1
v 0.7 1.4 0.1
v 0.6 1.4 -0.0999999
v 0.7 1.4 -0.0999999
v -1 1.4 -0.2
v -0.9 1.4 -0.2
v -0.8 1.4 -0.2
v 0.3 1.4 -0.2
v 0.4 1.4 -0.2
v 0.6 1.4 -0.2
v 0.7 1.4 -0.2
v -1 1.4 -0.3
v -0.9 1.4 -0.3
v -0.8 1.4 -0.3
v 0.3 1.4 -0.3
v 0.5 1.4 -0.3
v 0.6 1.4 -0.3
v -0.9 1.4 -0.4
v -0.8 1.4 -0.4
v 0.3 1.4 -0.4
v 0.4 1.4 -0.4
v 0.5 1.4 -0.4
v 0.4 1.4 -0.5
v -0.3 1.4 -0.6
v -0.2 1.4 -0.6
v 0.4 1.4 -0.6
v 0.5 1.4 -0.6
v 0.6 1.4 -0.6
v -0.2 1.4 -0.7
v 0.5 1.4 -0.7
v 0.6 1.4 -0.7
v -1.3 1.4 -0.9
v -1.2 1.4 -0.9
v -0.3 1.4 -0.9
v -0.2 1.4 -0.9
v -1.3 1.4 -1
v -1.2 1.4 -1
v -1.1 1.4 -1
v -0.5 1.4 -1
v -0.4 1.4 -1
v -1.2 1.4 -1.1
v -1.1 1.4 -1.1
v -0.5 1.4 -1.1
v -0.4 1.4 -1.1
v -0.5 1.5 1.1
v -0.4 1.5 1.1
v -0.5 1.5 1
v -0.4 1.5 1
v -0.3 1.5 1
v -1.19209e-07 1.5 1
v -0.3 1.5 0.9
v -0.2 1.5 0.9
v -1.19209e-07 1.5 0.9
v -0.2 1.5 0.8
v -0.1 1.5 0.8
v -1.19209e-07 1.5 0.8
v 0.6 1.5 0.4
v 0.7 1.5 0.4
v 0.6 1.5 0.3
v 0.7 1.5 0.3
v 0.6 1.5 0.2
v 0.7 1.5 0.2
v 0.6 1.5 -0.2
v 0.7 1.5 -0.2
v 0.5 1.5 -0.3
v 0.6 1.5 -0.3
v 0.5 1.5 -0.4
v 0.6 1.5 -0.4
v 0.7 1.5 -0.4
v 0.5 1.5 -0.5
v 0.6 1.5 -0.5
v -0.3 1.5 -0.9
v -0.2 1.5 -0.9
v -0.4 1.5 -1
v -0.3 1.5 -1
v -0.2 1.5 -1
v -0.4 1.5 -1.1
v -0.3 1.5 -1.1
v -0.4 1.6 1.1
v -0.2 1.6 1.1
v -0.4 1.6 1
v -0.3 1.6 1
v -0.2 1.6 1
v -1.19209e-07 1.6 1
v 0.0999999 1.6 1
v -1.19209e-07 1.6 0.9
v 0.0999999 1.6 0.9
v -1 1.6 0.5
v -0.9 1.6 0.5
v -1 1.6 0.4
v -0.9 1.6 0.4
v -1.1 1.6 0.2
v -1 1.6 0.2
v -0.9 1.6 0.2
v -1.1 1.6 0.1
v -1 1.6 0.1
v -0.9 1.6 1.19209e-07
v -1.1 1.6 -0.2
v -1 1.6 -0.2
v -0.9 1.6 -0.3
v -0.9 1.6 -0.4
v -1 1.6 -0.5
v -0.9 1.6 -0.5
v 0.5 1.6 -0.5
v 0.6 1.6 -0.5
v 0.5 1.6 -0.6
v 0.6 1.6 -0.6
v -0.3 1.6 -1
v -0.2 1.6 -1
v -0.3 1.6 -1.1
v -0.2 1.6 -1.1
v -0.2 1.7 1.1
v -1.19209e-07 1.7 1.1
v -0.2 1.7 1
v -1.19209e-07 1.7 1
v -1.1 1.7 0.6
v -1 1.7 0.6
v -1.1 1.7 0.5
v -1 1.7 0.5
v -1 1.7 0.4
v -1.2 1.7 0.3
v -1.1 1.7 0.3
v -1 1.7 0.3
v -1.1 1.7 0.2
v -1 1.7 0.2
v -1.1 1.7 0.1
v -1.2 1.7 -0.2
v -1.1 1.7 -0.2
v -1 1.7 -0.2
v -1.2 1.7 -0.3
v -1.1 1.7 -0.3
v -1.1 1.7 -0.4
v -1 1.7 -0.4
v -1.1 1.7 -0.5
v -1 1.7 -0.5
v 0.4 1.7 -0.6
v 0.5 1.7 -0.6
v 0.3 1.7 -0.7
v 0.4 1.7 -0.7
v 0.5 1.7 -0.7
v 0.2 1.7 -0.8
v 0.3 1.7 -0.8
v 0.4 1.7 -0.8
v 0.2 1.7 -0.9
v 0.3 1.7 -0.9
v -0.2 1.7 -1
v -1.19209e-07 1.7 -1
v -0.2 1.7 -1.1
v -1.19209e-07 1.7 -1.1
v -0.6 1.8 1.1
v -0.4 1.8 1.1
v -0.9 1.8 1
v -0.7 1.8 1
v -0.6 1.8 1
v -0.5 1.8 1
v -0.4 1.8 1
v -0.9 1.8 0.9
v -0.8 1.8 0.9
v -0.7 1.8 0.9
v -0.9 1.8 0.8
v -0.8 1.8 0.8
v -1.1 1.8 0.7
v -1 1.8 0.7
v -0.9 1.8 0.7
v -1.1 1.8 0.6
v -1 1.8 0.6
v -0.9 1.8 0.6
v -1.2 1.8 0.5
v -1.1 1.8 0.5
v 0.7 1.8 0.4
v 0.8 1.8 0.4
v -1.2 1.8 0.3
v -1.1 1.8 0.3
v -1.3 1.8 0.2
v -1.2 1.8 0.2
v -1.3 1.8 0.1
v -1.2 1.8 0.1
v -1.3 1.8 1.19209e-07
v -1.2 1.8 1.19209e-07
v -1.3 1.8 -0.0999999
v -1.2 1.8 -0.0999999
v -1.3 1.8 -0.2
v -1.2 1.8 -0.2
v -1.2 1.8 -0.3
v -1.1 1.8 -0.3
v -1.1 1.8 -0.4
v 0.7 1.8 -0.4
v 0.8 1.8 -0.4
v -1.2 1.8 -0.5
v -1.1 1.8 -0.5
v -1 1.8 -0.5
v -0.9 1.8 -0.5
v -1 1.8 -0.6
v -0.9 1.8 -0.6
v -0.9 1.8 -0.9
v -0.8 1.8 -0.9
v -0.9 1.8 -1
v -0.8 1.8 -1
v -0.5 1.8 -1
v -0.4 1.8 -1
v -0.5 1.8 -1.1
v -0.4 1.8 -1.1
v -1.19209e-07 1.9 1.1
v 0.0999999 1.9 1.1
v 0.4 1.9 1.1
v -1.19209e-07 1.9 1
v 0.0999999 1.9 1
v 0.3 1.9 1
v 0.4 1.9 1
v 0.5 1.9 1
v -1 1.9 0.9
v -0.9 1.9 0.9
v 0.3 1.9 0.9
v 0.4 1.9 0.9
v 0.5 1.9 0.9
v 0.6 1.9 0.9
v -1.1 1.9 0.8
v -1 1.9 0.8
v -0.9 1.9 0.8
v 0.4 1.9 0.8
v 0.5 1.9 0.8
v 0.6 1.9 0.8
v 0.7 1.9 0.8
v -1.1 1.9 0.7
v -1 1.9 0.7
v -0.9 1.9 0.7
v -1.2 1.9 0.6
v -1.1 1.9 0.6
v 0.5 1.9 0.6
v 0.6 1.9 0.6
v 0.7 1.9 0.6
v 0.8 1.9 0.6
v -1.2 1.9 0.5
v -1.1 1.9 0.5
v -1.3 1.9 0.4
v -1.2 1.9 0.4
v 0.6 1.9 0.4
v 0.7 1.9 0.4
v 0.8 1.9 0.4
v 0.9 1.9 0.4
v -1.2 1.9 0.3
v -1.3 1.9 0.2
v -1.2 1.9 0.2
v -1.3 1.9 -0.2
v -1.2 1.9 -0.2
v -1.3 1.9 -0.4
v -1.2 1.9 -0.4
v 0.6 1.9 -0.4
v 0.7 1.9 -0.4
v 0.8 1.9 -0.4
v 0.9 1.9 -0.4
v -1.2 1.9 -0.5
v -1.1 1.9 -0.5
v -1 1.9 -0.5
v 0.6 1.9 -0.5
v -1.2 1.9 -0.6
v -1.1 1.9 -0.6
v -1 1.9 -0.6
v 0.5 1.9 -0.6
v 0.6 1.9 -0.6
v 0.7 1.9 -0.6
v 0.8 1.9 -0.6
v -1 1.9 -0.7
v -1.1 1.9 -0.8
v -1 1.9 -0.8
v -0.9 1.9 -0.8
v 0.4 1.9 -0.8
v 0.5 1.9 -0.8
v 0.6 1.9 -0.8
v 0.7 1.9 -0.8
v -1 1.9 -0.9
v -0.9 1.9 -0.9
v 0.2 1.9 -0.9
v 0.3 1.9 -0.9
v 0.4 1.9 -0.9
v 0.5 1.9 -0.9
v 0.6 1.9 -0.9
v -1.19209e-07 1.9 -1
v 0.0999999 1.9 -1
v 0.2 1.9 -1
v 0.3 1.9 -1
v 0.5 1.9 -1
v -1.19209e-07 1.9 -1.1
v 0.0999999 1.9 -1.1
v 0.3 1.9 -1.1
v -0.4 2 1.2
v 0.0999999 2 1.2
v -0.4 2 1.1
v -0.2 2 1.1
v 0.0999999 2 1.1
v -0.4 2 -1.1
v -0.1 2 -1.1
v 0.0999999 2 -1.1
v -0.4 2 -1.2
v -0.1 2 -1.2
v 0.0999999 2 -1.2
v -0.5 2.1 1.2
v -0.4 2.1 1.2
v -0.8 2.1 1.1
v -0.5 2.1 1.1
v -0.4 2.1 1.1
v -0.9 2.1 1
v -0.8 2.1 1
v -0.7 2.1 1
v -0.5 2.1 1
v -0.9 2.1 0.9
v -0.8 2.1 0.9
v -0.9 2.1 -0.9
v -0.8 2.1 -0.9
v -0.9 2.1 -1
v -0.8 2.1 -1
v -0.7 2.1 -1
v -0.5 2.1 -1
v -0.8 2.1 -1.1
v -0.5 2.1 -1.1
v -0.4 2.1 -1.1
v -0.5 2.1 -1.2
v -0.4 2.1 -1.2
v -1 2.2 0.9
v -0.9 2.2 0.9
v -1.1 2.2 0.8
v -1 2.2 0.8
v -0.9 2.2 0.8
v -1.2 2.2 0.6
v -1.1 2.2 0.6
v -1 2.2 0.6
v -1.1 2.2 0.5
v -1.3 2.2 0.4
v -1.2 2.2 0.4
v -1.1 2.2 0.4
v -1.2 2.2 0.2
v -1.2 2.2 -0.2
v -1.2 2.2 -0.3
v -1.3 2.2 -0.4
v -1.2 2.2 -0.4
v -1.1 2.2 -0.4
v -1.1 2.2 -0.5
v -1.2 2.2 -0.6
v -1.1 2.2 -0.6
v -1 2.2 -0.6
v -1.1 2.2 -0.8
v -1 2.2 -0.8
v -0.9 2.2 -0.8
v -1 2.2 -0.9
v -0.9 2.2 -0.9
v 0.0999999 2.4 1.2
v 0.2 2.4 1.2
v 0.0999999 2.4 1.1
v 0.2 2.4 1.1
v 0.4 2.4 1.1
v 0.5 2.4 1.1
v 0.4 2.4 1
v 0.5 2.4 1
v 0.6 2.4 1
v 0.5 2.4 0.9
v 0.6 2.4 0.9
v 0.7 2.4 0.9
v 0.6 2.4 0.8
v 0.7 2.4 0.8
v 0.8 2.4 0.8
v 0.7 2.4 0.7
v 0.7 2.4 0.6
v 0.8 2.4 0.6
v 0.9 2.4 0.6
v 0.8 2.4 0.5
v 0.9 2.4 0.5
v 0.8 2.4 0.4
v 0.9 2.4 0.4
v 1 2.4 0.4
v 0.8 2.4 -0.4
v 0.9 2.4 -0.4
v 1 2.4 -0.4
v 0.7 2.4 -0.6
v 0.8 2.4 -0.6
v 0.9 2.4 -0.6
v 0.6 2.4 -0.8
v 0.7 2.4 -0.8
v 0.8 2.4 -0.8
v 0.5 2.4 -0.9
v 0.6 2.4 -0.9
v 0.7 2.4 -0.9
v 0.3 2.4 -1
v 0.4 2.4 -1
v 0.5 2.4 -1
v 0.6 2.4 -1
v 0.0999999 2.4 -1.1
v 0.2 2.4 -1.1
v 0.3 2.4 -1.1
v 0.4 2.4 -1.1
v 0.0999999 2.4 -1.2
v 0.2 2.4 -1.2
v 0.7 2.7 0.9
v 0.8 2.7 0.9
v 0.7 2.7 0.8
v 0.8 2.7 0.8
v 0.9 2.7 0.8
v 0.8 2.7 0.6
v 0.9 2.7 0.6
v 1 2.7 0.6
v 0.9 2.7 0.5
v 1 2.7 0.5
v 0.9 2.7 0.4
v 1 2.7 0.4
v 1.1 2.7 0.4
v 1 2.7 -0.0999999
v 1.1 2.7 -0.0999999
v 0.9 2.7 -0.4
v 1 2.7 -0.4
v 1.1 2.7 -0.4
v 0.8 2.7 -0.6
v 0.9 2.7 -0.6
v 1 2.7 -0.6
v 0.7 2.7 -0.8
v 0.8 2.7 -0.8
v 0.9 2.7 -0.8
v 0.7 2.7 -0.9
v 0.8 2.7 -0.9
v 0.2 2.8 1.2
v 0.5 2.8 1.2
v 0.2 2.8 1.1
v 0.5 2.8 1.1
v 0.6 2.8 1.1
v 0.5 2.8 1
v 0.6 2.8 1
v 0.7 2.8 1
v 0.6 2.8 0.9
v 0.7 2.8 0.9
v 0.6 2.8 -0.9
v 0.7 2.8 -0.9
v 0.4 2.8 -1
v 0.6 2.8 -1
v 0.7 2.8 -1
v 0.2 2.8 -1.1
v 0.4 2.8 -1.1
v 0.5 2.8 -1.1
v 0.6 2.8 -1.1
v 0.2 2.8 -1.2
v 0.5 2.8 -1.2
v -0.3 2.9 1.3
v -0.1 2.9 1.3
v 0.0999999 2.9 1.3
v 0.2 2.9 1.3
v -0.3 2.9 1.2
v -0.1 2.9 1.2
v -1.19209e-07 2.9 1.2
v 0.0999999 2.9 1.2
v 0.2 2.9 1.2
v 0.5 2.9 1.2
v 0.6 2.9 1.2
v 0.5 2.9 1.1
v 0.6 2.9 1.1
v 0.7 2.9 1.1
v 0.6 2.9 1
v 0.7 2.9 1
v 0.8 2.9 1
v 0.7 2.9 0.9
v 0.8 2.9 0.9
v 0.9 2.9 0.9
v 0.8 2.9 0.8
v 0.9 2.9 0.8
v 1 2.9 0.8
v 0.9 2.9 0.7
v 1 2.9 0.7
v 0.9 2.9 0.6
v 1 2.9 0.6
v 1.1 2.9 0.6
v 1 2.9 0.5
v 1 2.9 0.4
v 1.1 2.9 0.4
v 1.2 2.9 0.4
v 1 2.9 -0.4
v 1.1 2.9 -0.4
v 1.2 2.9 -0.4
v 0.9 2.9 -0.6
v 1 2.9 -0.6
v 1.1 2.9 -0.6
v 0.9 2.9 -0.7
v 0.8 2.9 -0.8
v 0.9 2.9 -0.8
v 1 2.9 -0.8
v 0.7 2.9 -0.9
v 0.8 2.9 -0.9
v 0.9 2.9 -0.9
v 0.6 2.9 -1
v 0.7 2.9 -1
v 0.8 2.9 -1
v 0.5 2.9 -1.1
v 0.6 2.9 -1.1
v 0.7 2.9 -1.1
v -0.3 2.9 -1.2
v -0.2 2.9 -1.2
v 0.0999999 2.9 -1.2
v 0.2 2.9 -1.2
v 0.5 2.9 -1.2
v 0.6 2.9 -1.2
v -0.3 2.9 -1.3
v -0.2 2.9 -1.3
v 0.0999999 2.9 -1.3
v 0.2 2.9 -1.3
v 0.2 3 1.3
v 0.3 3 1.3
v -0.7 3 1.2
v -0.5 3 1.2
v -0.4 3 1.2
v 0.2 3 1.2
v 0.3 3 1.2
v -0.8 3 1.1
v -0.7 3 1.1
v -0.6 3 1.1
v -0.5 3 1.1
v -0.4 3 1.1
v -0.8 3 1
v -0.7 3 1
v -0.8 3 -1
v -0.7 3 -1
v -0.8 3 -1.1
v -0.7 3 -1.1
v -0.4 3 -1.1
v -0.7 3 -1.2
v -0.4 3 -1.2
v 0.2 3 -1.2
v 0.3 3 -1.2
v 0.2 3 -1.3
v 0.3 3 -1.3
v -0.8 3.2 1
v -0.7 3.2 1
v -0.8 3.2 0.9
v -0.7 3.2 0.9
v -1.1 3.3 -0.4
v -1 3.3 -0.4
v -1.1 3.3 -0.5
v -1 3.3 -0.5
v 0.6 3.4 1.2
v 0.7 3.4 1.2
v 0.6 3.4 1.1
v 0.7 3.4 1.1
v 0.8 3.4 1.1
v 0.7 3.4 1
v 0.8 3.4 1
v 0.9 3.4 1
v -0.9 3.4 0.9
v -0.8 3.4 0.9
v 0.8 3.4 0.9
v 0.9 3.4 0.9
v 1 3.4 0.9
v -1 3.4 0.8
v -0.9 3.4 0.8
v -0.8 3.4 0.8
v 0.9 3.4 0.8
v 1 3.4 0.8
v -1 3.4 0.7
v -0.9 3.4 0.7
v 1 3.4 0.7
v 1.1 3.4 0.7
v -1.1 3.4 0.6
v -1 3.4 0.6
v -0.9 3.4 0.6
v 1 3.4 0.6
v 1.1 3.4 0.6
v 1.1 3.4 0.5
v 1.2 3.4 0.5
v -1.2 3.4 0.4
v -1.1 3.4 0.4
v -1 3.4 0.4
v 1.1 3.4 0.4
v 1.2 3.4 0.4
v 1.2 3.4 0.2
v 1.3 3.4 0.2
v 1.2 3.4 1.19209e-07
v 1.3 3.4 1.19209e-07
v 1.2 3.4 -0.2
v 1.3 3.4 -0.2
v -1.2 3.4 -0.4
v -1.1 3.4 -0.4
v 1.1 3.4 -0.4
v 1.2 3.4 -0.4
v 1.1 3.4 -0.5
v 1.2 3.4 -0.5
v 1 3.4 -0.6
v 1.1 3.4 -0.6
v 1 3.4 -0.7
v 1.1 3.4 -0.7
v 0.9 3.4 -0.8
v 1 3.4 -0.8
v 0.8 3.4 -0.9
v 0.9 3.4 -0.9
v 1 3.4 -0.9
v 0.7 3.4 -1
v 0.8 3.4 -1
v 0.9 3.4 -1
v 0.6 3.4 -1.1
v 0.7 3.4 -1.1
v 0.8 3.4 -1.1
v 0.6 3.4 -1.2
v 0.7 3.4 -1.2
v 0.6 4 0.7
v 0.7 4 0.7
v 0.6 4 0.5
v 0.7 4 0.5
v 0.6 4 -0.5
v 0.7 4 -0.5
v 0.6 4 -0.7
v 0.7 4 -0.7
v 0.6 4.2 0.8
v 0.7 4.2 0.8
v 0.6 4.2 0.7
v 0.7 4.2 0.7
v 0.4 4.2 -0.6
v 0.5 4.2 -0.6
v 0.4 4.2 -0.7
v 0.5 4.2 -0.7
v 0.5 4.3 0.8
v 0.6 4.3 0.8
v 0.4 4.3 0.7
v 0.5 4.3 0.7
v 0.6 4.3 0.7
v 0.4 4.3 0.5
v 0.5 4.3 0.5
v 0.6 4.3 0.5
v 0.5 4.3 0.4
v 0.6 4.3 0.4
v 0.5 4.3 -0.3
v 0.6 4.3 -0.3
v 0.4 4.3 -0.4
v 0.5 4.3 -0.4
v 0.5 4.3 -0.5
v 0.6 4.3 -0.5
v 0.4 4.3 -0.6
v 0.5 4.3 -0.6
v 0.5 4.4 0.9
v 0.6 4.4 0.9
v 0.4 4.4 0.8
v 0.5 4.4 0.8
v 0.6 4.4 0.8
v 0.7 4.4 0.8
v 0.4 4.4 0.7
v 0.5 4.4 0.7
v 0.6 4.4 0.7
v 0.7 4.4 0.7
v 0.6 4.4 0.6
v 0.7 4.4 0.6
v 0.4 4.4 0.5
v 0.5 4.4 0.5
v 0.6 4.4 0.5
v 0.7 4.4 0.5
v 0.4 4.4 0.4
v 0.5 4.4 0.4
v 0.3 4.4 -0.6
v 0.4 4.4 -0.6
v 0.5 4.4 -0.6
v 0.6 4.4 -0.6
v 0.3 4.4 -0.7
v 0.4 4.4 -0.7
v 0.5 4.4 -0.7
v 0.6 4.4 -0.7
v 0.3 4.4 -0.8
v 0.4 4.4 -0.8
v 0.6 4.5 0.9
v 0.7 4.5 0.9
v 0.6 4.5 0.8
v 0.7 4.5 0.8
v 0.8 4.5 0.8
v 0.7 4.5 0.7
v 0.7 4.5 0.6
v 0.8 4.5 0.6
v 0.6 4.5 0.5
v 0.7 4.5 0.5
v 0.8 4.5 0.5
v 0.6 4.5 0.4
v 0.7 4.5 0.4
v 0.8 4.5 0.4
v 0.6 4.5 0.3
v 0.7 4.5 0.3
v 0.4 4.5 0.2
v 0.5 4.5 0.2
v 0.4 4.5 0.1
v 0.5 4.5 0.1
v 0.3 4.5 -0.0999999
v 0.4 4.5 -0.0999999
v 0.3 4.5 -0.2
v 0.4 4.5 -0.2
v 0.6 4.5 -0.2
v 0.7 4.5 -0.2
v 0.6 4.5 -0.3
v 0.6 4.5 -0.4
v 0.7 4.5 -0.4
v 0.8 4.5 -0.4
v 0.6 4.5 -0.5
v 0.7 4.5 -0.5
v 0.8 4.5 -0.5
v 0.4 4.5 -0.7
v 0.5 4.5 -0.7
v 0.6 4.5 -0.7
v 0.7 4.5 -0.7
v 0.4 4.5 -0.8
v 0.5 4.5 -0.8
v 0.6 4.5 -0.8
v 0.5 4.6 1
v 0.6 4.6 1
v 0.4 4.6 0.9
v 0.5 4.6 0.9
v 0.6 4.6 0.9
v 0.4 4.6 0.8
v 0.5 4.6 0.8
v 0.6 4.6 0.8
v 0.4 4.6 0.7
v 0.5 4.6 0.7
v 0.4 4.6 0.6
v 0.5 4.6 0.6
v 0.4 4.6 0.5
v 0.5 4.6 0.5
v 0.4 4.6 -0.3
v 0.5 4.6 -0.3
v 0.4 4.6 -0.4
v 0.5 4.6 -0.4
v 0.5 4.7 -0.3
v 0.6 4.7 -0.3
v 0.5 4.7 -0.4
v 0.6 4.7 -0.4
v 0.3 4.7 -0.5
v 0.4 4.7 -0.5
v 0.3 4.7 -0.6
v 0.4 4.7 -0.6
v 0.3 4.8 -0.7
v 0.4 4.8 -0.7
v 0.3 4.8 -0.8
v 0.4 4.8 -0.8
v 0.3 4.8 -0.9
v 0.4 4.8 -0.9
v 0.4 4.9 1
v 0.5 4.9 1
v 0.4 4.9 0.9
v 0.5 4.9 0.9
v 0.3 4.9 -0.4
v 0.4 4.9 -0.4
v 0.3 4.9 -0.5
v 0.4 4.9 -0.5
v 0.2 4.9 -0.6
v 0.3 4.9 -0.6
v 0.2 4.9 -0.8
v 0.3 4.9 -0.8
v 0.4 4.9 -0.8
v 0.5 4.9 -0.8
v 0.4 4.9 -0.9
v 0.5 4.9 -0.9
v 0.5 5 1.1
v 0.6 5 1.1
v 0.5 5 1
v 0.6 5 1
v 0.7 5 1
v 0.3 5 0.9
v 0.4 5 0.9
v 0.6 5 0.9
v 0.7 5 0.9
v 0.3 5 0.7
v 0.4 5 0.7
v 0.4 5 -0.0999999
v 0.5 5 -0.0999999
v 0.4 5 -0.2
v 0.5 5 -0.2
v 0.5 5 -0.4
v 0.6 5 -0.4
v 0.5 5 -0.5
v 0.6 5 -0.5
v 0.7 5 -0.5
v 0.6 5 -0.6
v 0.7 5 -0.6
v 0.5 5 -0.7
v 0.6 5 -0.7
v 0.2 5 -0.8
v 0.3 5 -0.8
v 0.5 5 -0.8
v 0.6 5 -0.8
v 0.2 5 -0.9
v 0.3 5 -0.9
v 0.3 5.1 -0.8
v 0.4 5.1 -0.8
v 0.3 5.1 -0.9
v 0.4 5.1 -0.9
v 0.3 5.1 -1
v 0.4 5.1 -1
v 0.4 5.3 -0.4
v 0.5 5.3 -0.4
v 0.4 5.3 -0.5
v 0.5 5.3 -0.5
v 0.2 5.3 -0.6
v 0.3 5.3 -0.6
v 0.2 5.3 -0.7
v 0.3 5.3 -0.7
v 0.5 5.6 1.19209e-07
v 0.6 5.6 1.19209e-07
v 0.5 5.6 -0.0999999
v 0.5 5.6 -0.2
v 0.5 5.6 -0.3
v 0.6 5.6 -0.3
v -1.19209e-07 0.9 0.6
v 0.0999999 0.9 0.6
v -1.19209e-07 0.9 0.5
v 0.0999999 0.9 0.5
v 0.2 0.9 0.5
v 0.0999999 0.9 0.4
v 0.2 0.9 0.4
v 0.7 1.1 0.8
v 0.8 1.1 0.8
v 0.7 1.1 0.7
v 0.8 1.1 0.7
v 0.7 1.1 0.6
v 0.8 1.1 0.6
v 0.6 1.1 -0.8
v 0.7 1.1 -0.8
v 0.6 1.1 -0.9
v 0.6 1.1 -1
v -0.8 1.1 -1.2
v -0.7 1.1 -1.2
v 0.6 1.1 -1.2
v 0.7 1.1 -1.2
v -0.8 1.1 -1.3
v -0.7 1.1 -1.3
v 0.2 1.2 1.2
v 0.3 1.2 1.2
v 0.5 1.2 1.2
v 0.2 1.2 1.1
v 0.3 1.2 1.1
v 0.4 1.2 1.1
v 0.5 1.2 1.1
v -0.5 1.2 1
v -0.4 1.2 1
v 0.6 1.2 1
v 0.7 1.2 1
v -0.5 1.2 0.9
v -0.4 1.2 0.9
v 0.6 1.2 0.9
v 0.7 1.2 0.9
v 0.8 1.2 0.9
v 0.7 1.2 0.8
v 0.8 1.2 0.8
v -1.2 1.2 -0.5
v -1.1 1.2 -0.5
v 0.4 1.2 -0.5
v 0.5 1.2 -0.5
v -1.2 1.2 -0.6
v -1.1 1.2 -0.6
v 0.4 1.2 -0.6
v 0.5 1.2 -0.6
v -0.5 1.2 -1
v -0.4 1.2 -1
v -0.5 1.2 -1.1
v -0.4 1.2 -1.1
v 0.0999999 1.2 -1.3
v 0.2 1.2 -1.3
v 0.0999999 1.2 -1.4
v 0.2 1.2 -1.4
v 0.5 1.3 1.2
v 0.6 1.3 1.2
v 0.5 1.3 1.1
v 0.5 1.3 1
v 0.6 1.3 1
v -0.4 1.3 0.9
v -0.3 1.3 0.9
v -1.3 1.3 0.8
v -1.2 1.3 0.8
v -0.4 1.3 0.8
v -0.3 1.3 0.8
v -1.3 1.3 0.7
v -1.2 1.3 0.7
v 0.6 1.3 0.7
v 0.7 1.3 0.7
v 0.6 1.3 0.5
v 0.7 1.3 0.5
v 0.5 1.3 -1.1
v 0.6 1.3 -1.1
v -1 1.3 -1.2
v -0.9 1.3 -1.2
v -0.7 1.3 -1.2
v 0.4 1.3 -1.2
v 0.5 1.3 -1.2
v 0.6 1.3 -1.2
v -1 1.3 -1.3
v -0.9 1.3 -1.3
v -0.7 1.3 -1.3
v -1.19209e-07 1.3 -1.3
v 0.0999999 1.3 -1.3
v 0.2 1.3 -1.3
v 0.3 1.3 -1.3
v 0.4 1.3 -1.3
v 0.5 1.3 -1.3
v -1.19209e-07 1.3 -1.4
v 0.0999999 1.3 -1.4
v 0.2 1.3 -1.4
v 0.3 1.3 -1.4
v 0.4 1.3 -1.4
v -0.9 1.4 1.3
v -0.8 1.4 1.3
v -0.7 1.4 1.3
v -0.9 1.4 1.2
v -0.8 1.4 1.2
v -0.7 1.4 1.2
v 0.0999999 1.4 1.1
v 0.4 1.4 1.1
v -1.19209e-07 1.4 1
v 0.0999999 1.4 1
v 0.4 1.4 1
v -0.1 1.4 0.9
v -1.19209e-07 1.4 0.9
v 0.0999999 1.4 0.9
v 0.6 1.4 0.9
v 0.8 1.4 0.9
v -0.1 1.4 0.8
v -1.19209e-07 1.4 0.8
v 0.6 1.4 0.8
v 0.7 1.4 0.8
v -1.2 1.4 0.7
v -1.1 1.4 0.7
v 0.7 1.4 0.7
v 0.8 1.4 0.7
v -1.2 1.4 0.6
v -1.1 1.4 0.6
v -1.2 1.4 -0.5
v -1.1 1.4 -0.5
v -1.3 1.4 -0.6
v -1.2 1.4 -0.6
v -1.1 1.4 -0.6
v -1.3 1.4 -0.7
v -1.2 1.4 -0.7
v -0.2 1.4 -1
v -0.1 1.4 -1
v -0.2 1.4 -1.1
v -0.1 1.4 -1.1
v -1.19209e-07 1.4 -1.1
v -0.1 1.4 -1.2
v -1.19209e-07 1.4 -1.2
v 0.0999999 1.4 -1.2
v 0.2 1.4 -1.2
v 0.3 1.4 -1.2
v 0.0999999 1.4 -1.3
v 0.2 1.4 -1.3
v 0.3 1.4 -1.3
v -1 1.5 1.3
v -0.9 1.5 1.3
v -1.1 1.5 1.2
v -1 1.5 1.2
v -0.9 1.5 1.2
v -0.7 1.5 1.2
v -0.6 1.5 1.2
v -1.2 1.5 1.1
v -1.1 1.5 1.1
v -1 1.5 1.1
v -0.7 1.5 1.1
v -0.6 1.5 1.1
v 0.4 1.5 1.1
v 0.6 1.5 1.1
v -1.3 1.5 1
v -1.2 1.5 1
v -1.1 1.5 1
v 0.4 1.5 1
v 0.5 1.5 1
v 0.6 1.5 1
v -1.3 1.5 0.9
v -1.2 1.5 0.9
v -1.1 1.5 0.9
v 0.5 1.5 0.9
v 0.6 1.5 0.9
v -1.3 1.5 0.7
v -1.1 1.5 0.7
v -1.1 1.5 0.6
v -1 1.5 0.6
v 0.6 1.5 0.6
v 0.7 1.5 0.6
v -1.1 1.5 0.5
v -1 1.5 0.5
v -0.9 1.5 0.5
v 0.6 1.5 0.5
v -1 1.5 0.4
v -0.9 1.5 0.4
v 0.6 1.5 0.4
v 0.7 1.5 0.4
v -1 1.5 0.3
v -0.9 1.5 0.3
v -1 1.5 0.2
v -0.9 1.5 0.2
v -0.9 1.5 1.19209e-07
v -1 1.5 -0.2
v -0.9 1.5 -0.2
v -1 1.5 -0.3
v -0.9 1.5 -0.3
v -1 1.5 -0.4
v -0.9 1.5 -0.4
v -1 1.5 -0.5
v -0.9 1.5 -0.5
v -1.2 1.5 -0.6
v -1.1 1.5 -0.6
v -1.3 1.5 -0.7
v -1.2 1.5 -0.7
v -1.1 1.5 -0.7
v -1.3 1.5 -0.9
v -1.2 1.5 -0.9
v -1.1 1.5 -0.9
v -1.3 1.5 -1
v -1.2 1.5 -1
v -1.1 1.5 -1
v 0.5 1.5 -1
v 0.6 1.5 -1
v -1.2 1.5 -1.1
v -1.1 1.5 -1.1
v -1 1.5 -1.1
v -0.7 1.5 -1.1
v -0.6 1.5 -1.1
v 0.4 1.5 -1.1
v 0.5 1.5 -1.1
v 0.6 1.5 -1.1
v -1.1 1.5 -1.2
v -1 1.5 -1.2
v -0.7 1.5 -1.2
v -0.6 1.5 -1.2
v -1.19209e-07 1.5 -1.2
v 0.0999999 1.5 -1.2
v 0.3 1.5 -1.2
v 0.4 1.5 -1.2
v 0.5 1.5 -1.2
v -1.19209e-07 1.5 -1.3
v 0.0999999 1.5 -1.3
v 0.3 1.5 -1.3
v 0.4 1.5 -1.3
v -1 1.6 1.2
v -0.7 1.6 1.2
v -1.1 1.6 1.1
v -1 1.6 1.1
v -0.9 1.6 1.1
v -0.8 1.6 1.1
v -0.7 1.6 1.1
v -0.6 1.6 1.1
v -0.4 1.6 1.1
v -1.2 1.6 1
v -1.1 1.6 1
v -1 1.6 1
v -0.9 1.6 1
v -0.8 1.6 1
v -0.6 1.6 1
v -0.4 1.6 1
v -1.2 1.6 0.9
v -1.1 1.6 0.9
v -1.1 1.6 0.8
v -1 1.6 0.8
v 0.6 1.6 0.8
v 0.7 1.6 0.8
v -1.1 1.6 0.6
v -1 1.6 0.6
v 0.6 1.6 0.6
v 0.7 1.6 0.6
v -1.1 1.6 -0.5
v -1 1.6 -0.5
v -1.1 1.6 -0.6
v -1 1.6 -0.6
v 0.4 1.6 -0.6
v 0.5 1.6 -0.6
v 0.6 1.6 -0.6
v 0.3 1.6 -0.7
v 0.4 1.6 -0.7
v 0.5 1.6 -0.7
v 0.6 1.6 -0.7
v -1.1 1.6 -0.8
v -1 1.6 -0.8
v 0.2 1.6 -0.8
v 0.3 1.6 -0.8
v 0.4 1.6 -0.8
v -1.2 1.6 -0.9
v -1.1 1.6 -0.9
v -1 1.6 -0.9
v 0.2 1.6 -0.9
v 0.3 1.6 -0.9
v -1.2 1.6 -1
v -1.1 1.6 -1
v -1 1.6 -1
v -0.8 1.6 -1
v -0.1 1.6 -1
v -1.19209e-07 1.6 -1
v -1.1 1.6 -1.1
v -1 1.6 -1.1
v -0.9 1.6 -1.1
v -0.8 1.6 -1.1
v -0.7 1.6 -1.1
v -0.1 1.6 -1.1
v -1.19209e-07 1.6 -1.1
v 0.0999999 1.6 -1.1
v 0.2 1.6 -1.1
v 0.3 1.6 -1.1
v 0.4 1.6 -1.1
v -1 1.6 -1.2
v -0.9 1.6 -1.2
v -0.8 1.6 -1.2
v -0.7 1.6 -1.2
v 0.0999999 1.6 -1.2
v 0.2 1.6 -1.2
v 0.3 1.6 -1.2
v 0.4 1.6 -1.2
v -1 1.7 1.1
v -0.9 1.7 1.1
v -0.8 1.7 1.1
v -0.6 1.7 1.1
v -1.1 1.7 1
v -1 1.7 1
v -0.9 1.7 1
v -0.8 1.7 1
v -0.7 1.7 1
v -0.6 1.7 1
v 0.3 1.7 1
v 0.5 1.7 1
v -1 1.7 0.9
v -0.9 1.7 0.9
v -0.8 1.7 0.9
v -0.7 1.7 0.9
v 0.3 1.7 0.9
v 0.4 1.7 0.9
v 0.5 1.7 0.9
v 0.6 1.7 0.9
v -1.1 1.7 0.8
v -1 1.7 0.8
v -0.9 1.7 0.8
v -0.8 1.7 0.8
v 0.4 1.7 0.8
v 0.5 1.7 0.8
v 0.6 1.7 0.8
v -1 1.7 0.7
v -0.9 1.7 0.7
v 0.5 1.7 0.7
v -1 1.7 0.6
v -0.9 1.7 0.6
v 0.5 1.7 0.6
v 0.6 1.7 0.6
v -1 1.7 -0.5
v -0.9 1.7 -0.5
v -1 1.7 -0.6
v -0.9 1.7 -0.6
v 0.5 1.7 -0.7
v 0.6 1.7 -0.7
v -1.1 1.7 -0.8
v -1 1.7 -0.8
v 0.4 1.7 -0.8
v 0.5 1.7 -0.8
v -1.1 1.7 -0.9
v -1 1.7 -0.9
v -0.8 1.7 -0.9
v 0.2 1.7 -0.9
v 0.4 1.7 -0.9
v -1 1.7 -1
v -0.8 1.7 -1
v -0.7 1.7 -1
v -0.5 1.7 -1
v -0.4 1.7 -1
v -1.19209e-07 1.7 -1
v 0.0999999 1.7 -1
v 0.2 1.7 -1
v 0.5 1.7 -1
v 0.6 1.7 -1
v -0.8 1.7 -1.1
v -0.7 1.7 -1.1
v -0.5 1.7 -1.1
v -0.4 1.7 -1.1
v -1.19209e-07 1.7 -1.1
v 0.0999999 1.7 -1.1
v 0.2 1.7 -1.1
v 0.3 1.7 -1.1
v 0.5 1.7 -1.1
v -1.19209e-07 1.7 -1.2
v 0.0999999 1.7 -1.2
v 0.2 1.7 -1.2
v 0.3 1.7 -1.2
v -1 1.8 0.9
v -0.9 1.8 0.9
v -1 1.8 0.8
v -0.9 1.8 0.8
v -1 1.8 0.7
v -0.9 1.8 0.7
v -1 1.8 -0.8
v -0.9 1.8 -0.8
v -1 1.8 -0.9
v -0.9 1.8 -0.9
v -0.7 1.8 -1
v -0.6 1.8 -1
v -0.7 1.8 -1.1
v -0.6 1.8 -1.1
v -0.6 2 1.1
v -0.5 2 1.1
v -0.9 2 1
v -0.8 2 1
v -0.6 2 1
v -0.5 2 1
v -1 2 0.9
v -0.9 2 0.9
v -0.8 2 0.9
v -1.1 2 0.8
v -1 2 0.8
v -0.9 2 0.8
v -1.1 2 0.7
v -1 2 0.7
v -1.1 2 0.6
v -1 2 0.6
v -1.1 2 -0.6
v -1 2 -0.6
v -1.1 2 -0.8
v -1 2 -0.8
v -0.9 2 -0.8
v -1 2 -0.9
v -0.9 2 -0.9
v -0.8 2 -0.9
v -0.9 2 -1
v -0.8 2 -1
v -0.6 2 -1
v -0.5 2 -1
v -0.6 2 -1.1
v -0.5 2 -1.1
v -1.2 2.1 0.6
v -1.1 2.1 0.6
v -1.1 2.1 0.5
v -1.3 2.1 0.4
v -1.2 2.1 0.4
v -1.1 2.1 0.4
v -1.2 2.1 0.2
v -1.3 2.1 0.1
v -1.2 2.1 0.1
v -1.2 2.1 -0.2
v -1.2 2.1 -0.3
v -1.3 2.1 -0.4
v -1.2 2.1 -0.4
v -1.1 2.1 -0.4
v -1.1 2.1 -0.5
v -1.2 2.1 -0.6
v -1.1 2.1 -0.6
v -0.5 2.5 1.2
v -0.4 2.5 1.2
v -0.8 2.5 1.1
v -0.7 2.5 1.1
v -0.5 2.5 1.1
v -0.4 2.5 1.1
v -0.9 2.5 1
v -0.8 2.5 1
v -0.7 2.5 1
v -0.9 2.5 0.9
v -0.8 2.5 0.9
v -0.9 2.5 -0.9
v -0.8 2.5 -0.9
v -0.9 2.5 -1
v -0.8 2.5 -1
v -0.7 2.5 -1
v -0.8 2.5 -1.1
v -0.7 2.5 -1.1
v -0.5 2.5 -1.1
v -0.4 2.5 -1.1
v -0.5 2.5 -1.2
v -0.4 2.5 -1.2
v -1 2.6 0.9
v -0.9 2.6 0.9
v -1.1 2.6 0.8
v -1 2.6 0.8
v -0.9 2.6 0.8
v -1.2 2.6 0.6
v -1.1 2.6 0.6
v -1 2.6 0.6
v -1.2 2.6 0.5
v -1.1 2.6 0.5
v -1.3 2.6 0.4
v -1.2 2.6 0.4
v -1.1 2.6 0.4
v -1.3 2.6 -0.0999999
v -1.2 2.6 -0.0999999
v -1.3 2.6 -0.4
v -1.2 2.6 -0.4
v -1.1 2.6 -0.4
v -1.2 2.6 -0.5
v -1.1 2.6 -0.5
v -1.2 2.6 -0.6
v -1.1 2.6 -0.6
v -1 2.6 -0.6
v -1.1 2.6 -0.8
v -1 2.6 -0.8
v -0.9 2.6 -0.8
v -1 2.6 -0.9
v -0.9 2.6 -0.9
v -0.7 3.1 1.2
v -0.6 3.1 1.2
v -0.8 3.1 1.1
v -0.7 3.1 1.1
v -0.6 3.1 1.1
v -0.8 3.1 1
v -0.7 3.1 1
v -0.9 3.1 0.9
v -0.8 3.1 0.9
v -0.7 3.1 0.9
v -1 3.1 0.8
v -0.9 3.1 0.8
v -0.8 3.1 0.8
v -1.1 3.1 0.6
v -1 3.1 0.6
v -0.9 3.1 0.6
v -1 3.1 0.5
v -1.2 3.1 0.4
v -1.1 3.1 0.4
v -1 3.1 0.4
v -1.1 3.1 1.19209e-07
v -1.2 3.1 -0.0999999
v -1.1 3.1 -0.0999999
v -1.2 3.1 -0.3
v -1.1 3.1 -0.3
v -1.2 3.1 -0.4
v -1.1 3.1 -0.4
v -1 3.1 -0.4
v -1.1 3.1 -0.5
v -1 3.1 -0.5
v -0.8 3.1 -1
v -0.7 3.1 -1
v -0.8 3.1 -1.1
v -0.7 3.1 -1.1
v -0.6 3.1 -1.1
v -0.7 3.1 -1.2
v -0.6 3.1 -1.2
v -0.3 3.5 1.3
v -0.2 3.5 1.3
v -0.3 3.5 1.2
v -0.2 3.5 1.2
v 0.6 3.5 1.2
v 0.7 3.5 1.2
v 0.6 3.5 1.1
v 0.7 3.5 1.1
v 0.8 3.5 1.1
v 0.7 3.5 1
v 0.8 3.5 1
v 0.9 3.5 1
v 0.8 3.5 0.9
v 0.9 3.5 0.9
v 1 3.5 0.9
v 0.9 3.5 0.7
v 1 3.5 0.7
v 1.1 3.5 0.7
v 1 3.5 0.6
v 1.1 3.5 0.6
v 1.1 3.5 0.5
v 1.2 3.5 0.5
v 1.1 3.5 0.4
v 1.2 3.5 0.4
v 1.1 3.5 0.3
v 1.2 3.5 0.3
v 1.2 3.5 0.2
v 1.3 3.5 0.2
v 1.2 3.5 1.19209e-07
v 1.3 3.5 1.19209e-07
v 1.2 3.5 -0.2
v 1.3 3.5 -0.2
v 1.1 3.5 -0.3
v 1.2 3.5 -0.3
v 1.1 3.5 -0.4
v 1.2 3.5 -0.4
v 1.1 3.5 -0.5
v 1.2 3.5 -0.5
v 1 3.5 -0.6
v 1.1 3.5 -0.6
v 0.9 3.5 -0.7
v 1 3.5 -0.7
v 1.1 3.5 -0.7
v 0.9 3.5 -0.8
v 0.8 3.5 -0.9
v 0.9 3.5 -0.9
v 1 3.5 -0.9
v 0.7 3.5 -1
v 0.8 3.5 -1
v 0.9 3.5 -1
v 0.6 3.5 -1.1
v 0.7 3.5 -1.1
v 0.8 3.5 -1.1
v -0.3 3.5 -1.2
v -0.2 3.5 -1.2
v 0.6 3.5 -1.2
v 0.7 3.5 -1.2
v -0.3 3.5 -1.3
v -0.2 3.5 -1.3
v -0.2 3.6 1.3
v -1.19209e-07 3.6 1.3
v 0.2 3.6 1.3
v 0.3 3.6 1.3
v -0.6 3.6 1.2
v -0.5 3.6 1.2
v -0.2 3.6 1.2
v -1.19209e-07 3.6 1.2
v 0.2 3.6 1.2
v 0.3 3.6 1.2
v 0.4 3.6 1.2
v 0.5 3.6 1.2
v 0.6 3.6 1.2
v -0.7 3.6 1.1
v -0.6 3.6 1.1
v -0.5 3.6 1.1
v 0.4 3.6 1.1
v 0.5 3.6 1.1
v 0.6 3.6 1.1
v 0.7 3.6 1.1
v -0.8 3.6 1
v -0.7 3.6 1
v -0.6 3.6 1
v 0.6 3.6 1
v 0.7 3.6 1
v 0.8 3.6 1
v -0.9 3.6 0.9
v -0.8 3.6 0.9
v -0.7 3.6 0.9
v 0.7 3.6 0.9
v 0.8 3.6 0.9
v 0.9 3.6 0.9
v -1 3.6 0.8
v -0.9 3.6 0.8
v -0.8 3.6 0.8
v 0.8 3.6 0.7
v 0.9 3.6 0.7
v 1 3.6 0.7
v -1.1 3.6 0.6
v -1 3.6 0.6
v -0.9 3.6 0.6
v 0.9 3.6 0.6
v 1 3.6 0.6
v 1.1 3.6 0.6
v 0.9 3.6 0.5
v 1 3.6 0.5
v -1.2 3.6 0.4
v -1.1 3.6 0.4
v -1 3.6 0.4
v 1 3.6 0.4
v 1.1 3.6 0.4
v 1 3.6 0.3
v 1.1 3.6 0.3
v 1.2 3.6 0.3
v -1.2 3.6 0.2
v -1.1 3.6 0.2
v 1 3.6 0.2
v 1.1 3.6 0.2
v 1 3.6 -0.2
v 1.1 3.6 -0.2
v 1.1 3.6 -0.3
v 1.2 3.6 -0.3
v -1.2 3.6 -0.4
v -1.1 3.6 -0.4
v -1 3.6 -0.4
v -1.1 3.6 -0.5
v -1 3.6 -0.5
v 0.9 3.6 -0.5
v 1 3.6 -0.5
v -1.1 3.6 -0.6
v -1 3.6 -0.6
v -0.9 3.6 -0.6
v 0.9 3.6 -0.6
v 1 3.6 -0.6
v 1.1 3.6 -0.6
v -1 3.6 -0.7
v -0.9 3.6 -0.7
v 0.8 3.6 -0.7
v 0.9 3.6 -0.7
v 1 3.6 -0.7
v -1 3.6 -0.8
v -0.9 3.6 -0.8
v -0.8 3.6 -0.8
v 0.8 3.6 -0.8
v 0.9 3.6 -0.8
v -0.9 3.6 -0.9
v -0.8 3.6 -0.9
v -0.7 3.6 -0.9
v 0.7 3.6 -0.9
v 0.8 3.6 -0.9
v 0.9 3.6 -0.9
v -0.8 3.6 -1
v -0.7 3.6 -1
v -0.6 3.6 -1
v 0.6 3.6 -1
v 0.7 3.6 -1
v 0.8 3.6 -1
v -0.7 3.6 -1.1
v -0.6 3.6 -1.1
v -0.5 3.6 -1.1
v 0.4 3.6 -1.1
v 0.6 3.6 -1.1
v 0.7 3.6 -1.1
v -0.6 3.6 -1.2
v -0.5 3.6 -1.2
v -0.2 3.6 -1.2
v -0.1 3.6 -1.2
v -1.19209e-07 3.6 -1.2
v 0.2 3.6 -1.2
v 0.3 3.6 -1.2
v 0.4 3.6 -1.2
v 0.6 3.6 -1.2
v -0.2 3.6 -1.3
v -1.19209e-07 3.6 -1.3
v 0.2 3.6 -1.3
v 0.3 3.6 -1.3
v -1.19209e-07 3.7 1.3
v 0.0999999 3.7 1.3
v 0.2 3.7 1.3
v -0.5 3.7 1.2
v -0.4 3.7 1.2
v -1.19209e-07 3.7 1.2
v 0.0999999 3.7 1.2
v 0.2 3.7 1.2
v 0.3 3.7 1.2
v 0.4 3.7 1.2
v -0.6 3.7 1.1
v -0.5 3.7 1.1
v -0.4 3.7 1.1
v 0.4 3.7 1.1
v 0.6 3.7 1.1
v -0.6 3.7 1
v -0.5 3.7 1
v 0.3 3.7 1
v 0.4 3.7 1
v 0.5 3.7 1
v 0.6 3.7 1
v 0.7 3.7 1
v 0.5 3.7 0.9
v 0.6 3.7 0.9
v 0.7 3.7 0.9
v 0.8 3.7 0.9
v 0.7 3.7 0.8
v 0.8 3.7 0.8
v 0.8 3.7 0.7
v 0.9 3.7 0.7
v 0.8 3.7 0.6
v 0.9 3.7 0.6
v 0.8 3.7 0.5
v 0.9 3.7 0.5
v 1 3.7 0.5
v 0.8 3.7 0.4
v 0.9 3.7 0.4
v 1 3.7 0.4
v 0.8 3.7 0.3
v 0.9 3.7 0.3
v 1 3.7 0.2
v 1.1 3.7 0.2
v 1 3.7 -0.2
v 1.1 3.7 -0.2
v 0.8 3.7 -0.3
v 0.9 3.7 -0.3
v 0.9 3.7 -0.5
v 1 3.7 -0.5
v 0.8 3.7 -0.7
v 0.9 3.7 -0.7
v 0.7 3.7 -0.8
v 0.8 3.7 -0.8
v 0.5 3.7 -0.9
v 0.7 3.7 -0.9
v 0.8 3.7 -0.9
v -0.6 3.7 -1
v -0.5 3.7 -1
v 0.3 3.7 -1
v 0.4 3.7 -1
v 0.5 3.7 -1
v 0.6 3.7 -1
v 0.7 3.7 -1
v -0.6 3.7 -1.1
v -0.5 3.7 -1.1
v -0.4 3.7 -1.1
v 0.4 3.7 -1.1
v 0.6 3.7 -1.1
v -0.5 3.7 -1.2
v -0.4 3.7 -1.2
v -1.19209e-07 3.7 -1.2
v 0.2 3.7 -1.2
v 0.3 3.7 -1.2
v 0.4 3.7 -1.2
v -1.19209e-07 3.7 -1.3
v 0.2 3.7 -1.3
v -0.4 3.8 1.2
v -0.2 3.8 1.2
v -1.19209e-07 3.8 1.2
v 0.2 3.8 1.2
v 0.3 3.8 1.2
v -0.5 3.8 1.1
v -0.4 3.8 1.1
v -0.3 3.8 1.1
v -0.2 3.8 1.1
v -0.1 3.8 1.1
v -1.19209e-07 3.8 1.1
v 0.2 3.8 1.1
v -0.7 3.8 1
v -0.6 3.8 1
v -0.5 3.8 1
v -0.4 3.8 1
v -0.2 3.8 1
v -0.1 3.8 1
v -1.19209e-07 3.8 1
v 0.2 3.8 1
v 0.3 3.8 1
v 0.4 3.8 1
v 0.5 3.8 1
v -0.7 3.8 0.9
v -0.6 3.8 0.9
v -0.5 3.8 0.9
v 0.4 3.8 0.9
v 0.5 3.8 0.9
v 0.6 3.8 0.9
v 0.7 3.8 0.9
v -0.9 3.8 0.8
v -0.8 3.8 0.8
v 0.3 3.8 0.8
v 0.5 3.8 0.8
v 0.6 3.8 0.8
v 0.7 3.8 0.8
v 0.8 3.8 0.8
v -0.9 3.8 0.7
v -0.8 3.8 0.7
v 0.5 3.8 0.7
v 0.6 3.8 0.7
v -1 3.8 0.6
v -0.9 3.8 0.6
v 0.6 3.8 0.6
v 0.7 3.8 0.6
v 0.8 3.8 0.6
v -1 3.8 0.5
v -0.9 3.8 0.5
v 0.7 3.8 0.5
v 0.8 3.8 0.5
v -1.1 3.8 0.4
v -1 3.8 0.4
v -1 3.8 0.3
v 0.8 3.8 0.3
v 0.9 3.8 0.3
v -1.1 3.8 0.2
v -1 3.8 0.2
v -1.1 3.8 -0.2
v -1 3.8 -0.2
v 0.8 3.8 -0.3
v 0.9 3.8 -0.3
v -1.1 3.8 -0.4
v -1 3.8 -0.4
v -1 3.8 -0.5
v -0.9 3.8 -0.5
v 0.7 3.8 -0.5
v 0.8 3.8 -0.5
v -1 3.8 -0.6
v -0.9 3.8 -0.6
v 0.6 3.8 -0.6
v 0.7 3.8 -0.6
v -0.9 3.8 -0.7
v -0.8 3.8 -0.7
v 0.5 3.8 -0.7
v 0.6 3.8 -0.7
v 0.7 3.8 -0.7
v 0.8 3.8 -0.7
v -0.9 3.8 -0.8
v -0.8 3.8 -0.8
v 0.3 3.8 -0.8
v 0.4 3.8 -0.8
v 0.5 3.8 -0.8
v 0.7 3.8 -0.8
v 0.8 3.8 -0.8
v -0.7 3.8 -0.9
v -0.6 3.8 -0.9
v -0.5 3.8 -0.9
v 0.3 3.8 -0.9
v 0.4 3.8 -0.9
v 0.5 3.8 -0.9
v 0.7 3.8 -0.9
v -0.7 3.8 -1
v -0.5 3.8 -1
v -0.4 3.8 -1
v -0.2 3.8 -1
v -0.1 3.8 -1
v -1.19209e-07 3.8 -1
v 0.2 3.8 -1
v 0.3 3.8 -1
v 0.5 3.8 -1
v -0.5 3.8 -1.1
v -0.4 3.8 -1.1
v -0.3 3.8 -1.1
v -0.2 3.8 -1.1
v -1.19209e-07 3.8 -1.1
v 0.0999999 3.8 -1.1
v 0.2 3.8 -1.1
v -0.4 3.8 -1.2
v -0.3 3.8 -1.2
v -0.1 3.8 -1.2
v -1.19209e-07 3.8 -1.2
v 0.3 3.8 -1.2
v -0.4 3.9 1.1
v -0.3 3.9 1.1
v -0.2 3.9 1.1
v -1.19209e-07 3.9 1.1
v 0.2 3.9 1.1
v -0.5 3.9 1
v -0.4 3.9 1
v -0.3 3.9 1
v -0.2 3.9 1
v -1.19209e-07 3.9 1
v 0.2 3.9 1
v 0.3 3.9 1
v -0.8 3.9 0.9
v -0.5 3.9 0.9
v -0.3 3.9 0.9
v -0.2 3.9 0.9
v -1.19209e-07 3.9 0.9
v 0.2 3.9 0.9
v -0.6 3.9 0.8
v -0.5 3.9 0.8
v -0.2 3.9 0.8
v -1.19209e-07 3.9 0.8
v 0.2 3.9 0.8
v 0.3 3.9 0.8
v 0.5 3.9 0.8
v -0.9 3.9 0.7
v -0.8 3.9 0.7
v -0.6 3.9 0.7
v 0.3 3.9 0.7
v 0.4 3.9 0.7
v 0.5 3.9 0.7
v -0.9 3.9 0.6
v -0.8 3.9 0.6
v 0.3 3.9 0.6
v 0.6 3.9 0.6
v 0.7 3.9 0.6
v -1 3.9 0.5
v -0.9 3.9 0.5
v 0.3 3.9 0.5
v 0.4 3.9 0.5
v 0.5 3.9 0.5
v 0.6 3.9 0.5
v 0.7 3.9 0.5
v 0.8 3.9 0.5
v 0.3 3.9 0.4
v 0.4 3.9 0.4
v 0.5 3.9 0.4
v 0.7 3.9 0.4
v -1 3.9 0.3
v -0.9 3.9 0.3
v 0.5 3.9 0.3
v 0.6 3.9 0.3
v -1.1 3.9 0.2
v -1 3.9 0.2
v 0.5 3.9 0.2
v 0.6 3.9 0.2
v 0.7 3.9 0.2
v -1 3.9 0.1
v -1 3.9 1.19209e-07
v -1 3.9 -0.0999999
v 0.6 3.9 -0.0999999
v 0.7 3.9 -0.0999999
v -1.1 3.9 -0.2
v -1 3.9 -0.2
v 0.5 3.9 -0.2
v 0.6 3.9 -0.2
v 0.7 3.9 -0.2
v -1 3.9 -0.3
v -0.9 3.9 -0.3
v 0.3 3.9 -0.4
v 0.4 3.9 -0.4
v 0.5 3.9 -0.4
v 0.6 3.9 -0.4
v -1 3.9 -0.5
v -0.9 3.9 -0.5
v 0.3 3.9 -0.5
v 0.4 3.9 -0.5
v 0.6 3.9 -0.5
v 0.7 3.9 -0.5
v 0.8 3.9 -0.5
v -0.9 3.9 -0.6
v -0.8 3.9 -0.6
v 0.3 3.9 -0.6
v 0.6 3.9 -0.6
v 0.7 3.9 -0.6
v -0.9 3.9 -0.7
v -0.8 3.9 -0.7
v -0.7 3.9 -0.7
v -0.6 3.9 -0.7
v 0.3 3.9 -0.7
v 0.4 3.9 -0.7
v 0.5 3.9 -0.7
v -0.7 3.9 -0.8
v -0.6 3.9 -0.8
v -0.5 3.9 -0.8
v -0.2 3.9 -0.8
v -0.1 3.9 -0.8
v -1.19209e-07 3.9 -0.8
v 0.2 3.9 -0.8
v 0.3 3.9 -0.8
v 0.5 3.9 -0.8
v -0.8 3.9 -0.9
v -0.6 3.9 -0.9
v -0.5 3.9 -0.9
v -0.4 3.9 -0.9
v -0.3 3.9 -0.9
v -0.2 3.9 -0.9
v -0.1 3.9 -0.9
v -1.19209e-07 3.9 -0.9
v 0.2 3.9 -0.9
v -0.5 3.9 -1
v -0.4 3.9 -1
v -0.3 3.9 -1
v -0.2 3.9 -1
v -1.19209e-07 3.9 -1
v 0.0999999 3.9 -1
v 0.2 3.9 -1
v 0.3 3.9 -1
v -0.4 3.9 -1.1
v -0.2 3.9 -1.1
v -1.19209e-07 3.9 -1.1
v 0.0999999 3.9 -1.1
v 0.2 3.9 -1.1
v -0.3 4 1
v -0.2 4 1
v -0.5 4 0.9
v -0.3 4 0.9
v -0.2 4 0.9
v -1.19209e-07 4 0.9
v 0.2 4 0.9
v -0.6 4 0.8
v -0.5 4 0.8
v -0.3 4 0.8
v -0.2 4 0.8
v -1.19209e-07 4 0.8
v 0.2 4 0.8
v 0.3 4 0.8
v -0.8 4 0.7
v -0.6 4 0.7
v -0.4 4 0.7
v -0.3 4 0.7
v -0.2 4 0.7
v -0.1 4 0.7
v 0.2 4 0.7
v 0.3 4 0.7
v 0.4 4 0.7
v 0.5 4 0.7
v -0.9 4 0.6
v -0.8 4 0.6
v -0.5 4 0.6
v -0.4 4 0.6
v -0.2 4 0.6
v -0.1 4 0.6
v -1.19209e-07 4 0.6
v 0.2 4 0.6
v 0.3 4 0.6
v -0.8 4 0.5
v -0.7 4 0.5
v -0.6 4 0.5
v -0.5 4 0.5
v -0.2 4 0.5
v -0.1 4 0.5
v -1.19209e-07 4 0.5
v 0.3 4 0.5
v 0.4 4 0.5
v 0.5 4 0.5
v -0.7 4 0.4
v -0.6 4 0.4
v -0.2 4 0.4
v -0.1 4 0.4
v -1.19209e-07 4 0.4
v 0.3 4 0.4
v 0.5 4 0.4
v -1 4 0.3
v -0.9 4 0.3
v -0.7 4 0.3
v -0.6 4 0.3
v -0.9 4 0.2
v -0.8 4 0.2
v 0.3 4 0.2
v 0.4 4 0.2
v 0.5 4 0.2
v 0.6 4 0.2
v -1 4 0.1
v -0.9 4 0.1
v 0.3 4 0.1
v 0.4 4 0.1
v 0.5 4 0.1
v -1 4 1.19209e-07
v -0.9 4 1.19209e-07
v 0.3 4 1.19209e-07
v -1 4 -0.0999999
v -0.9 4 -0.0999999
v 0.5 4 -0.0999999
v 0.6 4 -0.0999999
v -0.9 4 -0.2
v -0.8 4 -0.2
v 0.3 4 -0.2
v 0.5 4 -0.2
v 0.6 4 -0.2
v -1 4 -0.3
v -0.9 4 -0.3
v -0.7 4 -0.3
v -0.6 4 -0.3
v 0.3 4 -0.3
v 0.4 4 -0.3
v -0.6 4 -0.4
v -0.2 4 -0.4
v -1.19209e-07 4 -0.4
v 0.3 4 -0.4
v 0.4 4 -0.4
v 0.5 4 -0.4
v -0.8 4 -0.5
v -0.7 4 -0.5
v -0.6 4 -0.5
v -0.5 4 -0.5
v -0.2 4 -0.5
v -1.19209e-07 4 -0.5
v 0.0999999 4 -0.5
v 0.2 4 -0.5
v 0.3 4 -0.5
v 0.4 4 -0.5
v 0.5 4 -0.5
v -0.9 4 -0.6
v -0.8 4 -0.6
v -0.6 4 -0.6
v -0.5 4 -0.6
v -0.4 4 -0.6
v -0.2 4 -0.6
v -0.1 4 -0.6
v -1.19209e-07 4 -0.6
v 0.0999999 4 -0.6
v 0.2 4 -0.6
v 0.3 4 -0.6
v -0.8 4 -0.7
v -0.6 4 -0.7
v -0.4 4 -0.7
v -0.3 4 -0.7
v -0.2 4 -0.7
v -0.1 4 -0.7
v 0.4 4 -0.7
v 0.5 4 -0.7
v -0.6 4 -0.8
v -0.5 4 -0.8
v -0.4 4 -0.8
v -0.3 4 -0.8
v -0.2 4 -0.8
v -1.19209e-07 4 -0.8
v 0.2 4 -0.8
v 0.3 4 -0.8
v -0.5 4 -0.9
v -0.4 4 -0.9
v -0.3 4 -0.9
v -1.19209e-07 4 -0.9
v 0.2 4 -0.9
v -0.3 4 -1
v -0.2 4 -1
v -0.3 4.1 0.8
v -0.2 4.1 0.8
v -0.4 4.1 0.7
v -0.3 4.1 0.7
v -0.5 4.1 0.6
v -0.4 4.1 0.6
v -0.8 4.1 0.5
v -0.7 4.1 0.5
v -0.6 4.1 0.5
v -0.5 4.1 0.5
v -0.3 4.1 0.5
v -0.2 4.1 0.5
v -1.19209e-07 4.1 0.5
v 0.3 4.1 0.5
v -0.6 4.1 0.4
v -0.5 4.1 0.4
v -0.4 4.1 0.4
v -0.3 4.1 0.4
v -0.2 4.1 0.4
v -0.1 4.1 0.4
v -1.19209e-07 4.1 0.4
v 0.2 4.1 0.4
v -0.7 4.1 0.3
v -0.6 4.1 0.3
v -0.5 4.1 0.3
v -0.4 4.1 0.3
v -0.2 4.1 0.3
v -0.1 4.1 0.3
v -0.9 4.1 0.2
v -0.8 4.1 0.2
v -0.6 4.1 0.2
v -0.5 4.1 0.2
v -0.3 4.1 0.2
v -0.2 4.1 0.2
v -0.1 4.1 0.2
v -1.19209e-07 4.1 0.2
v 0.3 4.1 0.2
v -0.7 4.1 0.1
v -0.6 4.1 0.1
v -0.5 4.1 0.1
v -0.4 4.1 0.1
v -0.3 4.1 0.1
v -0.2 4.1 0.1
v -0.1 4.1 0.1
v -1.19209e-07 4.1 0.1
v 0.2 4.1 0.1
v 0.3 4.1 0.1
v -0.8 4.1 1.19209e-07
v -0.6 4.1 1.19209e-07
v -0.5 4.1 1.19209e-07
v -0.2 4.1 1.19209e-07
v -0.1 4.1 1.19209e-07
v 0.0999999 4.1 1.19209e-07
v 0.2 4.1 1.19209e-07
v 0.3 4.1 1.19209e-07
v -0.9 4.1 -0.0999999
v -0.8 4.1 -0.0999999
v -0.2 4.1 -0.0999999
v -0.1 4.1 -0.0999999
v -1.19209e-07 4.1 -0.0999999
v 0.0999999 4.1 -0.0999999
v 0.2 4.1 -0.0999999
v 0.3 4.1 -0.0999999
v -0.9 4.1 -0.2
v -0.8 4.1 -0.2
v -0.3 4.1 -0.2
v -0.2 4.1 -0.2
v -1.19209e-07 4.1 -0.2
v 0.2 4.1 -0.2
v 0.3 4.1 -0.2
v -0.7 4.1 -0.3
v -0.6 4.1 -0.3
v -0.4 4.1 -0.3
v -0.3 4.1 -0.3
v -0.2 4.1 -0.3
v -1.19209e-07 4.1 -0.3
v 0.0999999 4.1 -0.3
v -0.6 4.1 -0.4
v -0.5 4.1 -0.4
v -0.3 4.1 -0.4
v -0.2 4.1 -0.4
v -1.19209e-07 4.1 -0.4
v 0.0999999 4.1 -0.4
v 0.2 4.1 -0.4
v 0.3 4.1 -0.4
v -0.8 4.1 -0.5
v -0.7 4.1 -0.5
v -0.6 4.1 -0.5
v -0.5 4.1 -0.5
v -0.4 4.1 -0.5
v -0.3 4.1 -0.5
v -0.2 4.1 -0.5
v -1.19209e-07 4.1 -0.5
v 0.2 4.1 -0.5
v 0.3 4.1 -0.5
v -0.5 4.1 -0.6
v -0.4 4.1 -0.6
v -0.3 4.1 -0.6
v -0.2 4.1 -0.6
v -0.4 4.1 -0.7
v -0.3 4.1 -0.7
v -0.3 4.1 -0.8
v -0.2 4.1 -0.8
v -0.3 4.2 0.2
v -0.2 4.2 0.2
v -0.3 4.2 0.1
v -0.2 4.2 0.1
v -0.3 4.2 -0.2
v -0.2 4.2 -0.2
v 0.6 4.3 0.8
v 0.7 4.3 0.8
v 0.6 4.3 0.7
v 0.7 4.3 0.7
v 0.6 4.3 0.6
v 0.7 4.3 0.6
v 0.6 4.3 0.5
v 0.7 4.3 0.5
v 0.6 4.3 -0.5
v 0.7 4.3 -0.5
v 0.5 4.3 -0.6
v 0.6 4.3 -0.6
v 0.5 4.3 -0.7
v 0.6 4.3 -0.7
v 0.7 4.3 -0.7
v 0.5 4.5 0.9
v 0.6 4.5 0.9
v 0.4 4.5 0.8
v 0.5 4.5 0.8
v 0.6 4.5 0.8
v 0.5 4.5 0.7
v 0.5 4.5 0.6
v 0.4 4.5 0.5
v 0.5 4.5 0.5
v 0.4 4.5 0.4
v 0.5 4.5 0.4
v 0.3 4.5 0.2
v 0.4 4.5 0.2
v 0.3 4.5 0.1
v 0.4 4.5 0.1
v 0.2 4.5 -0.0999999
v 0.3 4.5 -0.0999999
v 0.2 4.5 -0.2
v 0.3 4.5 -0.2
v 0.3 4.5 -0.7
v 0.4 4.5 -0.7
v 0.3 4.5 -0.8
v 0.4 4.5 -0.8
v 0.7 4.6 0.8
v 0.8 4.6 0.8
v 0.7 4.6 0.7
v 0.8 4.6 0.7
v 0.7 4.6 0.5
v 0.8 4.6 0.5
v 0.6 4.6 0.4
v 0.7 4.6 0.4
v 0.8 4.6 0.4
v 0.6 4.6 0.3
v 0.7 4.6 0.3
v 0.4 4.6 0.2
v 0.5 4.6 0.2
v 0.4 4.6 0.1
v 0.5 4.6 0.1
v 0.6 4.6 -0.2
v 0.7 4.6 -0.2
v 0.5 4.6 -0.3
v 0.6 4.6 -0.3
v 0.7 4.6 -0.3
v 0.5 4.6 -0.4
v 0.6 4.6 -0.4
v 0.7 4.6 -0.4
v 0.8 4.6 -0.4
v 0.7 4.6 -0.5
v 0.8 4.6 -0.5
v 0.6 4.6 -0.6
v 0.7 4.6 -0.6
v 0.6 4.6 -0.7
v 0.7 4.6 -0.7
v 0.7 4.7 0.7
v 0.8 4.7 0.7
v 0.7 4.7 0.6
v 0.8 4.7 0.6
v 0.6 4.7 0.5
v 0.7 4.7 0.5
v 0.8 4.7 0.5
v 0.6 4.7 0.4
v 0.7 4.7 0.4
v 0.4 4.7 -0.3
v 0.5 4.7 -0.3
v 0.6 4.7 -0.3
v 0.7 4.7 -0.3
v 0.4 4.7 -0.4
v 0.5 4.7 -0.4
v 0.6 4.7 -0.4
v 0.7 4.7 -0.4
v 0.6 4.8 -0.4
v 0.7 4.8 -0.4
v 0.6 4.8 -0.5
v 0.7 4.8 -0.5
v 0.6 4.8 -0.6
v 0.7 4.8 -0.6
v 0.5 4.8 -0.7
v 0.6 4.8 -0.7
v 0.5 4.8 -0.8
v 0.6 4.8 -0.8
v 0.5 4.9 -0.3
v 0.6 4.9 -0.3
v 0.5 4.9 -0.4
v 0.5 4.9 -0.5
v 0.6 4.9 -0.5
v 0.4 5 0.6
v 0.5 5 0.6
v 0.6 5 0.6
v 0.7 5 0.6
v 0.4 5 0.5
v 0.5 5 0.5
v 0.6 5 0.5
v 0.7 5 0.5
v 0.5 5 0.4
v 0.6 5 0.4
v 0.3 5 -0.8
v 0.4 5 -0.8
v 0.3 5 -0.9
v 0.4 5 -0.9
v 0.3 5.1 0.9
v 0.4 5.1 0.9
v 0.4 5.1 0.8
v 0.3 5.1 0.7
v 0.4 5.1 0.7
v 0.3 5.1 -0.0999999
v 0.4 5.1 -0.0999999
v 0.3 5.1 -0.2
v 0.4 5.1 -0.2
v 0.3 5.1 -0.4
v 0.4 5.1 -0.4
v 0.5 5.1 -0.4
v 0.3 5.1 -0.5
v 0.4 5.1 -0.5
v 0.5 5.1 -0.5
v 0.2 5.1 -0.6
v 0.3 5.1 -0.6
v 0.2 5.1 -0.7
v 0.3 5.1 -0.7
v 0.2 5.1 -0.8
v 0.3 5.1 -0.8
v 0.2 5.1 -0.9
v 0.3 5.1 -0.9
v 0.5 5.2 1.1
v 0.6 5.2 1.1
v 0.5 5.2 1
v 0.6 5.2 1
v 0.6 5.2 -0.5
v 0.7 5.2 -0.5
v 0.6 5.2 -0.6
v 0.7 5.2 -0.6
v 0.5 5.2 -0.7
v 0.6 5.2 -0.7
v 0.5 5.2 -0.8
v 0.6 5.2 -0.8
v 0.3 5.2 -0.9
v 0.4 5.2 -0.9
v 0.3 5.2 -1
v 0.4 5.2 -1
v 0.4 5.3 1
v 0.7 5.3 1
v 0.4 5.3 0.9
v 0.6 5.3 0.9
v 0.5 5.3 0.7
v 0.6 5.3 0.7
v 0.5 5.3 0.6
v 0.6 5.3 0.6
v 0.7 5.3 0.6
v 0.5 5.3 0.5
v 0.6 5.3 0.5
v 0.5 5.3 -0.4
v 0.6 5.3 -0.4
v 0.5 5.3 -0.7
v 0.6 5.3 -0.7
v 0.4 5.4 0.9
v 0.6 5.4 0.9
v 0.4 5.4 0.8
v 0.5 5.4 0.8
v 0.5 5.4 0.7
v 0.6 5.4 0.7
v 0.4 5.4 -0.4
v 0.5 5.4 -0.4
v 0.3 5.4 -0.5
v 0.4 5.4 -0.5
v 0.5 5.4 -0.5
v 0.2 5.4 -0.6
v 0.3 5.4 -0.6
v 0.4 5.4 -0.6
v 0.5 5.4 -0.6
v 0.3 5.4 -0.7
v 0.4 5.4 -0.7
v 0.5 5.4 -0.7
v 0.2 5.4 -0.8
v 0.3 5.4 -0.8
v 0.3 5.4 -0.9
v 0.4 5.4 -0.9
v 0.4 5.5 0.8
v 0.5 5.5 0.8
v 0.4 5.5 0.6
v 0.5 5.5 0.6
v 0.4 5.5 -0.5
v 0.5 5.5 -0.5
v 0.3 5.5 -0.6
v 0.4 5.5 -0.6
v 0.5 5.5 -0.6
v 0.3 5.5 -0.7
v 0.4 5.5 -0.7
v 0.5 5.5 -0.7
v 0.4 5.5 -0.9
v 0.5 5.5 -0.9
v 0.4 5.6 -0.0999999
v 0.5 5.6 -0.0999999
v 0.4 5.6 -0.2
v 0.5 5.6 -0.2
v 0.5 5.7 1.19209e-07
v 0.6 5.7 1.19209e-07
v 0.5 5.7 -0.3
v 0.6 5.7 -0.3

# faces
f 4/3/1 2/3/1 1/3/1
f 5/3/1 2/3/1 4/3/1
f 10/15/1 4/15/1 3/15/1
f 11/15/1 4/15/1 10/15/1
f 13/3/1 7/3/1 6/3/1
f 14/15/1 8/15/1 7/15/1
f 14/3/1 7/3/1 13/3/1
f 15/15/1 8/15/1 14/15/1
f 17/15/1 10/15/1 9/15/1
f 18/4/1 12/4/1 11/4/1
f 18/15/1 10/15/1 17/15/1
f 18/4/1 11/4/1 10/4/1
f 19/4/1 12/4/1 18/4/1
f 20/3/1 15/3/1 14/3/1
f 21/15/1 16/15/1 15/15/1
f 21/3/1 15/3/1 20/3/1
f 22/15/1 16/15/1 21/15/1
f 29/10/1 24/10/1 23/10/1
f 30/11/1 25/11/1 24/11/1
f 30/10/1 24/10/1 29/10/1
f 31/10/1 26/10/1 25/10/1
f 31/11/1 25/11/1 30/11/1
f 32/11/1 27/11/1 26/11/1
f 32/10/1 26/10/1 31/10/1
f 33/11/1 27/11/1 32/11/1
f 35/11/1 31/11/1 30/11/1
f 35/11/1 29/11/1 28/11/1
f 35/11/1 30/11/1 29/11/1
f 35/11/1 32/11/1 31/11/1
f 36/20/1 34/20/1 33/20/1
f 36/11/1 32/11/1 35/11/1
f 36/20/1 33/20/1 32/20/1
f 37/11/1 35/11/1 28/11/1
f 38/20/1 36/20/1 35/20/1
f 38/11/1 35/11/1 37/11/1
f 39/20/1 34/20/1 36/20/1
f 39/20/1 36/20/1 38/20/1
f 42/2/1 41/2/1 40/2/1
f 43/2/1 41/2/1 42/2/1
f 44/2/1 41/2/1 43/2/1
f 45/2/1 41/2/1 44/2/1
f 46/16/1 43/16/1 42/16/1
f 47/16/1 43/16/1 46/16/1
f 48/6/1 44/6/1 43/6/1
f 48/16/1 43/16/1 47/16/1
f 49/16/1 45/16/1 44/16/1
f 49/6/1 44/6/1 48/6/1
f 50/16/1 45/16/1 49/16/1
f 51/5/1 47/5/1 46/5/1
f 52/6/1 48/6/1 47/6/1
f 52/5/1 47/5/1 51/5/1
f 52/6/1 49/6/1 48/6/1
f 52/6/1 50/6/1 49/6/1
f 53/6/1 50/6/1 52/6/1
f 54/6/1 50/6/1 53/6/1
f 55/24/1 52/24/1 51/24/1
f 55/24/1 53/24/1 52/24/1
f 56/27/1 54/27/1 53/27/1
f 56/24/1 53/24/1 55/24/1
f 57/27/1 54/27/1 56/27/1
f 64/15/1 59/15/1 58/15/1
f 65/4/1 60/4/1 59/4/1
f 65/15/1 59/15/1 64/15/1
f 66/15/1 62/15/1 61/15/1
f 67/15/1 62/15/1 66/15/1
f 70/15/1 64/15/1 63/15/1
f 71/15/1 64/15/1 70/15/1
f 72/4/1 60/4/1 65/4/1
f 74/15/1 68/15/1 67/15/1
f 75/15/1 68/15/1 74/15/1
f 76/15/1 68/15/1 75/15/1
f 80/15/1 70/15/1 69/15/1
f 81/15/1 70/15/1 80/15/1
f 82/4/1 72/4/1 71/4/1
f 83/4/1 60/4/1 72/4/1
f 83/4/1 72/4/1 82/4/1
f 84/4/1 60/4/1 83/4/1
f 85/4/1 74/4/1 73/4/1
f 86/4/1 74/4/1 85/4/1
f 88/15/1 78/15/1 77/15/1
f 89/15/1 78/15/1 88/15/1
f 91/15/1 80/15/1 79/15/1
f 92/15/1 80/15/1 91/15/1
f 94/4/1 87/4/1 86/4/1
f 95/4/1 87/4/1 94/4/1
f 97/15/1 90/15/1 89/15/1
f 98/15/1 90/15/1 97/15/1
f 99/3/1 93/3/1 92/3/1
f 100/3/1 93/3/1 99/3/1
f 101/3/1 97/3/1 96/3/1
f 102/3/1 97/3/1 101/3/1
f 107/10/1 104/10/1 103/10/1
f 108/10/1 104/10/1 107/10/1
f 109/10/1 104/10/1 108/10/1
f 110/10/1 104/10/1 109/10/1
f 111/10/1 104/10/1 110/10/1
f 112/20/1 105/20/1 104/20/1
f 112/10/1 104/10/1 111/10/1
f 113/20/1 105/20/1 112/20/1
f 116/10/1 107/10/1 106/10/1
f 117/10/1 107/10/1 116/10/1
f 118/11/1 108/11/1 107/11/1
f 118/10/1 107/10/1 117/10/1
f 119/11/1 108/11/1 118/11/1
f 120/20/1 114/20/1 113/20/1
f 120/20/1 113/20/1 112/20/1
f 121/20/1 114/20/1 120/20/1
f 122/20/1 114/20/1 121/20/1
f 124/10/1 117/10/1 116/10/1
f 124/10/1 116/10/1 115/10/1
f 125/10/1 117/10/1 124/10/1
f 126/19/1 123/19/1 122/19/1
f 126/20/1 122/20/1 121/20/1
f 127/19/1 123/19/1 126/19/1
f 128/12/1 125/12/1 124/12/1
f 129/12/1 125/12/1 128/12/1
f 134/20/1 126/20/1 121/20/1
f 134/20/1 127/20/1 126/20/1
f 135/20/1 127/20/1 134/20/1
f 137/19/1 130/19/1 129/19/1
f 138/20/1 132/20/1 131/20/1
f 138/20/1 131/20/1 130/20/1
f 138/19/1 130/19/1 137/19/1
f 139/19/1 133/19/1 132/19/1
f 139/20/1 132/20/1 138/20/1
f 140/20/1 134/20/1 133/20/1
f 140/19/1 133/19/1 139/19/1
f 141/20/1 134/20/1 140/20/1
f 143/2/1 137/2/1 136/2/1
f 144/2/1 137/2/1 143/2/1
f 145/2/1 142/2/1 141/2/1
f 146/2/1 142/2/1 145/2/1
f 147/2/1 142/2/1 146/2/1
f 148/16/1 144/16/1 143/16/1
f 149/16/1 144/16/1 148/16/1
f 150/6/1 146/6/1 145/6/1
f 151/16/1 147/16/1 146/16/1
f 151/6/1 146/6/1 150/6/1
f 152/16/1 147/16/1 151/16/1
f 153/5/1 149/5/1 148/5/1
f 154/5/1 149/5/1 153/5/1
f 155/5/1 149/5/1 154/5/1
f 156/6/1 151/6/1 150/6/1
f 156/6/1 152/6/1 151/6/1
f 157/6/1 152/6/1 156/6/1
f 158/6/1 152/6/1 157/6/1
f 159/27/1 154/27/1 153/27/1
f 160/24/1 155/24/1 154/24/1
f 160/27/1 154/27/1 159/27/1
f 161/24/1 155/24/1 160/24/1
f 163/27/1 157/27/1 156/27/1
f 164/5/1 158/5/1 157/5/1
f 164/27/1 157/27/1 163/27/1
f 165/5/1 158/5/1 164/5/1
f 166/9/1 162/9/1 161/9/1
f 166/9/1 163/9/1 162/9/1
f 167/9/1 163/9/1 166/9/1
f 168/3/1 167/3/1 166/3/1
f 169/9/1 163/9/1 167/9/1
f 169/3/1 167/3/1 168/3/1
f 170/9/1 163/9/1 169/9/1
f 171/25/1 169/25/1 168/25/1
f 172/25/1 169/25/1 171/25/1
f 173/3/1 170/3/1 169/3/1
f 174/3/1 170/3/1 173/3/1
f 175/25/1 171/25/1 168/25/1
f 176/3/1 172/3/1 171/3/1
f 176/25/1 171/25/1 175/25/1
f 177/25/1 169/25/1 172/25/1
f 177/3/1 172/3/1 176/3/1
f 178/3/1 173/3/1 169/3/1
f 178/25/1 169/25/1 177/25/1
f 179/3/1 173/3/1 178/3/1
f 180/17/1 174/17/1 173/17/1
f 180/3/1 173/3/1 179/3/1
f 181/17/1 174/17/1 180/17/1
f 182/3/1 176/3/1 175/3/1
f 182/3/1 177/3/1 176/3/1
f 182/3/1 179/3/1 178/3/1
f 182/3/1 178/3/1 177/3/1
f 183/25/1 180/25/1 179/25/1
f 183/3/1 179/3/1 182/3/1
f 184/13/1 181/13/1 180/13/1
f 184/25/1 180/25/1 183/25/1
f 185/13/1 181/13/1 184/13/1
f 188/24/1 187/24/1 186/24/1
f 189/24/1 187/24/1 188/24/1
f 190/24/1 187/24/1 189/24/1
f 191/5/1 189/5/1 188/5/1
f 192/6/1 190/6/1 189/6/1
f 192/5/1 189/5/1 191/5/1
f 193/6/1 190/6/1 192/6/1
f 197/15/1 195/15/1 194/15/1
f 198/15/1 195/15/1 197/15/1
f 202/15/1 197/15/1 196/15/1
f 203/15/1 197/15/1 202/15/1
f 207/15/1 200/15/1 199/15/1
f 208/15/1 200/15/1 207/15/1
f 212/15/1 202/15/1 201/15/1
f 213/15/1 202/15/1 212/15/1
f 214/4/1 207/4/1 206/4/1
f 215/4/1 207/4/1 214/4/1
f 216/15/1 210/15/1 209/15/1
f 217/15/1 210/15/1 216/15/1
f 220/15/1 212/15/1 211/15/1
f 221/15/1 212/15/1 220/15/1
f 223/4/1 205/4/1 204/4/1
f 226/15/1 218/15/1 217/15/1
f 227/15/1 218/15/1 226/15/1
f 228/15/1 218/15/1 227/15/1
f 229/15/1 220/15/1 219/15/1
f 230/15/1 220/15/1 229/15/1
f 233/4/1 223/4/1 222/4/1
f 234/4/1 205/4/1 223/4/1
f 234/4/1 223/4/1 233/4/1
f 235/4/1 205/4/1 234/4/1
f 236/4/1 225/4/1 224/4/1
f 240/3/1 228/3/1 227/3/1
f 241/3/1 228/3/1 240/3/1
f 242/3/1 231/3/1 230/3/1
f 243/3/1 231/3/1 242/3/1
f 244/4/1 233/4/1 232/4/1
f 244/4/1 234/4/1 233/4/1
f 245/4/1 234/4/1 244/4/1
f 246/4/1 234/4/1 245/4/1
f 250/4/1 236/4/1 224/4/1
f 251/3/1 238/3/1 237/3/1
f 251/4/1 236/4/1 250/4/1
f 251/3/1 237/3/1 236/3/1
f 252/3/1 238/3/1 251/3/1
f 253/3/1 238/3/1 252/3/1
f 254/3/1 240/3/1 239/3/1
f 255/3/1 240/3/1 254/3/1
f 256/3/1 244/3/1 243/3/1
f 256/3/1 245/3/1 244/3/1
f 257/3/1 245/3/1 256/3/1
f 261/10/1 248/10/1 247/10/1
f 262/20/1 249/20/1 248/20/1
f 262/10/1 248/10/1 261/10/1
f 263/20/1 249/20/1 262/20/1
f 267/3/1 253/3/1 252/3/1
f 268/3/1 253/3/1 267/3/1
f 270/11/1 259/11/1 258/11/1
f 271/10/1 260/10/1 259/10/1
f 271/11/1 259/11/1 270/11/1
f 272/10/1 260/10/1 271/10/1
f 273/11/1 265/11/1 264/11/1
f 274/10/1 266/10/1 265/10/1
f 274/11/1 265/11/1 273/11/1
f 275/10/1 266/10/1 274/10/1
f 277/11/1 270/11/1 269/11/1
f 278/10/1 271/10/1 270/10/1
f 278/11/1 270/11/1 277/11/1
f 279/10/1 271/10/1 278/10/1
f 282/12/1 277/12/1 276/12/1
f 283/10/1 278/10/1 277/10/1
f 283/12/1 277/12/1 282/12/1
f 284/10/1 278/10/1 283/10/1
f 285/19/1 281/19/1 280/19/1
f 286/19/1 281/19/1 285/19/1
f 294/19/1 288/19/1 287/19/1
f 295/20/1 289/20/1 288/20/1
f 295/19/1 288/19/1 294/19/1
f 296/20/1 289/20/1 295/20/1
f 297/20/1 291/20/1 290/20/1
f 298/24/1 292/24/1 291/24/1
f 298/20/1 291/20/1 297/20/1
f 299/24/1 292/24/1 298/24/1
f 301/2/1 294/2/1 293/2/1
f 302/2/1 294/2/1 301/2/1
f 303/2/1 300/2/1 299/2/1
f 304/2/1 300/2/1 303/2/1
f 305/2/1 300/2/1 304/2/1
f 306/16/1 302/16/1 301/16/1
f 307/16/1 302/16/1 306/16/1
f 308/6/1 304/6/1 303/6/1
f 309/16/1 305/16/1 304/16/1
f 309/6/1 304/6/1 308/6/1
f 310/16/1 305/16/1 309/16/1
f 311/5/1 307/5/1 306/5/1
f 312/5/1 307/5/1 311/5/1
f 313/6/1 309/6/1 308/6/1
f 313/6/1 310/6/1 309/6/1
f 314/27/1 312/27/1 311/27/1
f 315/27/1 312/27/1 314/27/1
f 320/6/1 310/6/1 313/6/1
f 321/6/1 310/6/1 320/6/1
f 322/9/1 316/9/1 315/9/1
f 322/9/1 317/9/1 316/9/1
f 323/9/1 317/9/1 322/9/1
f 324/13/1 319/13/1 318/13/1
f 325/27/1 320/27/1 319/27/1
f 325/13/1 319/13/1 324/13/1
f 326/3/1 323/3/1 322/3/1
f 327/17/1 325/17/1 324/17/1
f 328/17/1 325/17/1 327/17/1
f 329/3/1 326/3/1 322/3/1
f 330/17/1 325/17/1 328/17/1
f 331/27/1 320/27/1 325/27/1
f 331/17/1 325/17/1 330/17/1
f 332/3/1 329/3/1 322/3/1
f 333/3/1 329/3/1 332/3/1
f 337/13/1 331/13/1 330/13/1
f 338/27/1 320/27/1 331/27/1
f 338/13/1 331/13/1 337/13/1
f 339/3/1 334/3/1 333/3/1
f 340/3/1 334/3/1 339/3/1
f 341/3/1 334/3/1 340/3/1
f 342/13/1 335/13/1 334/13/1
f 342/3/1 334/3/1 341/3/1
f 343/25/1 336/25/1 335/25/1
f 343/13/1 335/13/1 342/13/1
f 344/13/1 337/13/1 336/13/1
f 344/25/1 336/25/1 343/25/1
f 345/13/1 337/13/1 344/13/1
f 346/3/1 341/3/1 340/3/1
f 346/17/1 340/17/1 339/17/1
f 347/14/1 342/14/1 341/14/1
f 347/3/1 341/3/1 346/3/1
f 348/13/1 343/13/1 342/13/1
f 348/14/1 342/14/1 347/14/1
f 348/13/1 344/13/1 343/13/1
f 349/17/1 345/17/1 344/17/1
f 349/13/1 344/13/1 348/13/1
f 350/17/1 345/17/1 349/17/1
f 351/27/1 320/27/1 338/27/1
f 353/17/1 347/17/1 346/17/1
f 353/17/1 346/17/1 339/17/1
f 353/17/1 350/17/1 349/17/1
f 353/17/1 349/17/1 348/17/1
f 353/17/1 348/17/1 347/17/1
f 354/27/1 351/27/1 350/27/1
f 354/17/1 350/17/1 353/17/1
f 355/27/1 320/27/1 351/27/1
f 355/27/1 351/27/1 354/27/1
f 356/27/1 320/27/1 355/27/1
f 357/24/1 353/24/1 352/24/1
f 358/24/1 353/24/1 357/24/1
f 359/27/1 355/27/1 354/27/1
f 360/16/1 356/16/1 355/16/1
f 360/27/1 355/27/1 359/27/1
f 361/5/1 358/5/1 357/5/1
f 362/5/1 358/5/1 361/5/1
f 364/6/1 360/6/1 359/6/1
f 365/16/1 356/16/1 360/16/1
f 365/6/1 360/6/1 364/6/1
f 366/16/1 356/16/1 365/16/1
f 367/2/1 364/2/1 363/2/1
f 367/2/1 363/2/1 362/2/1
f 368/2/1 364/2/1 367/2/1
f 369/24/1 368/24/1 367/24/1
f 370/24/1 368/24/1 369/24/1
f 371/24/1 368/24/1 370/24/1
f 372/24/1 368/24/1 371/24/1
f 373/24/1 371/24/1 370/24/1
f 374/24/1 371/24/1 373/24/1
f 378/15/1 376/15/1 375/15/1
f 379/15/1 376/15/1 378/15/1
f 385/5/1 381/5/1 380/5/1
f 386/5/1 381/5/1 385/5/1
f 388/15/1 378/15/1 377/15/1
f 388/15/1 379/15/1 378/15/1
f 389/15/1 379/15/1 388/15/1
f 390/15/1 379/15/1 389/15/1
f 391/4/1 386/4/1 385/4/1
f 392/4/1 386/4/1 391/4/1
f 394/5/1 383/5/1 382/5/1
f 395/15/1 384/15/1 383/15/1
f 395/5/1 383/5/1 394/5/1
f 396/15/1 384/15/1 395/15/1
f 397/15/1 384/15/1 396/15/1
f 400/15/1 388/15/1 387/15/1
f 400/15/1 389/15/1 388/15/1
f 401/15/1 389/15/1 400/15/1
f 402/15/1 389/15/1 401/15/1
f 403/4/1 393/4/1 392/4/1
f 404/4/1 393/4/1 403/4/1
f 408/15/1 398/15/1 397/15/1
f 408/15/1 397/15/1 396/15/1
f 409/15/1 398/15/1 408/15/1
f 410/15/1 398/15/1 409/15/1
f 413/15/1 400/15/1 399/15/1
f 413/15/1 401/15/1 400/15/1
f 414/15/1 401/15/1 413/15/1
f 415/15/1 401/15/1 414/15/1
f 416/5/1 407/5/1 406/5/1
f 417/5/1 407/5/1 416/5/1
f 418/15/1 411/15/1 410/15/1
f 418/15/1 410/15/1 409/15/1
f 419/15/1 411/15/1 418/15/1
f 420/15/1 411/15/1 419/15/1
f 421/15/1 413/15/1 412/15/1
f 421/15/1 414/15/1 413/15/1
f 422/15/1 414/15/1 421/15/1
f 427/15/1 421/15/1 412/15/1
f 428/15/1 421/15/1 427/15/1
f 431/4/1 405/4/1 404/4/1
f 432/4/1 405/4/1 431/4/1
f 433/11/1 424/11/1 423/11/1
f 434/20/1 425/20/1 424/20/1
f 434/11/1 424/11/1 433/11/1
f 435/12/1 426/12/1 425/12/1
f 435/20/1 425/20/1 434/20/1
f 436/12/1 426/12/1 435/12/1
f 437/4/1 417/4/1 416/4/1
f 438/4/1 417/4/1 437/4/1
f 441/3/1 429/3/1 428/3/1
f 442/3/1 429/3/1 441/3/1
f 445/4/1 431/4/1 430/4/1
f 446/4/1 431/4/1 445/4/1
f 455/3/1 440/3/1 439/3/1
f 456/3/1 440/3/1 455/3/1
f 457/3/1 443/3/1 442/3/1
f 458/3/1 443/3/1 457/3/1
f 460/4/1 445/4/1 444/4/1
f 460/4/1 446/4/1 445/4/1
f 461/4/1 446/4/1 460/4/1
f 462/4/1 446/4/1 461/4/1
f 463/11/1 447/11/1 446/11/1
f 463/4/1 446/4/1 462/4/1
f 464/10/1 448/10/1 447/10/1
f 464/11/1 447/11/1 463/11/1
f 465/10/1 448/10/1 464/10/1
f 466/10/1 448/10/1 465/10/1
f 467/11/1 450/11/1 449/11/1
f 468/11/1 450/11/1 467/11/1
f 469/3/1 451/3/1 450/3/1
f 469/11/1 450/11/1 468/11/1
f 469/3/1 452/3/1 451/3/1
f 470/3/1 452/3/1 469/3/1
f 471/3/1 452/3/1 470/3/1
f 472/3/1 454/3/1 453/3/1
f 473/3/1 454/3/1 472/3/1
f 474/3/1 460/3/1 459/3/1
f 475/4/1 461/4/1 460/4/1
f 475/3/1 460/3/1 474/3/1
f 476/4/1 461/4/1 475/4/1
f 478/3/1 471/3/1 470/3/1
f 478/3/1 472/3/1 471/3/1
f 479/3/1 472/3/1 478/3/1
f 480/3/1 472/3/1 479/3/1
f 481/3/1 472/3/1 480/3/1
f 484/11/1 478/11/1 477/11/1
f 484/11/1 479/11/1 478/11/1
f 485/11/1 479/11/1 484/11/1
f 486/20/1 480/20/1 479/20/1
f 486/11/1 479/11/1 485/11/1
f 487/20/1 480/20/1 486/20/1
f 489/12/1 483/12/1 482/12/1
f 490/12/1 483/12/1 489/12/1
f 494/19/1 488/19/1 487/19/1
f 495/19/1 488/19/1 494/19/1
f 496/12/1 491/12/1 490/12/1
f 497/11/1 492/11/1 491/11/1
f 497/12/1 491/12/1 496/12/1
f 498/11/1 492/11/1 497/11/1
f 499/20/1 494/20/1 493/20/1
f 500/20/1 494/20/1 499/20/1
f 502/24/1 498/24/1 497/24/1
f 502/24/1 497/24/1 496/24/1
f 503/24/1 498/24/1 502/24/1
f 504/24/1 500/24/1 499/24/1
f 505/24/1 500/24/1 504/24/1
f 507/2/1 502/2/1 501/2/1
f 508/2/1 502/2/1 507/2/1
f 509/2/1 506/2/1 505/2/1
f 510/2/1 506/2/1 509/2/1
f 511/16/1 508/16/1 507/16/1
f 512/16/1 508/16/1 511/16/1
f 513/16/1 510/16/1 509/16/1
f 514/16/1 510/16/1 513/16/1
f 515/5/1 512/5/1 511/5/1
f 516/5/1 512/5/1 515/5/1
f 517/27/1 516/27/1 515/27/1
f 518/27/1 516/27/1 517/27/1
f 521/6/1 514/6/1 513/6/1
f 522/6/1 514/6/1 521/6/1
f 523/9/1 519/9/1 518/9/1
f 524/9/1 519/9/1 523/9/1
f 525/9/1 523/9/1 518/9/1
f 525/3/1 524/3/1 523/3/1
f 526/3/1 524/3/1 525/3/1
f 527/9/1 525/9/1 518/9/1
f 527/9/1 526/9/1 525/9/1
f 528/9/1 526/9/1 527/9/1
f 529/7/1 521/7/1 520/7/1
f 530/7/1 521/7/1 529/7/1
f 531/9/1 527/9/1 518/9/1
f 532/3/1 528/3/1 527/3/1
f 532/9/1 527/9/1 531/9/1
f 533/3/1 528/3/1 532/3/1
f 534/25/1 532/25/1 531/25/1
f 534/25/1 533/25/1 532/25/1
f 535/25/1 533/25/1 534/25/1
f 540/3/1 536/3/1 535/3/1
f 541/13/1 537/13/1 536/13/1
f 541/3/1 536/3/1 540/3/1
f 542/13/1 537/13/1 541/13/1
f 543/17/1 539/17/1 538/17/1
f 544/13/1 542/13/1 541/13/1
f 544/17/1 541/17/1 540/17/1
f 545/13/1 542/13/1 544/13/1
f 546/17/1 539/17/1 543/17/1
f 547/17/1 539/17/1 546/17/1
f 548/7/1 521/7/1 530/7/1
f 548/6/1 530/6/1 529/6/1
f 549/7/1 521/7/1 548/7/1
f 552/17/1 545/17/1 544/17/1
f 552/17/1 544/17/1 540/17/1
f 553/17/1 545/17/1 552/17/1
f 554/6/1 549/6/1 548/6/1
f 554/6/1 548/6/1 529/6/1
f 555/6/1 549/6/1 554/6/1
f 556/24/1 551/24/1 550/24/1
f 557/27/1 552/27/1 551/27/1
f 557/24/1 551/24/1 556/24/1
f 558/27/1 552/27/1 557/27/1
f 559/16/1 555/16/1 554/16/1
f 560/16/1 555/16/1 559/16/1
f 561/5/1 558/5/1 557/5/1
f 561/5/1 557/5/1 556/5/1
f 562/5/1 558/5/1 561/5/1
f 566/16/1 559/16/1 554/16/1
f 567/5/1 560/5/1 559/5/1
f 567/16/1 559/16/1 566/16/1
f 568/5/1 560/5/1 567/5/1
f 569/2/1 563/2/1 562/2/1
f 570/2/1 563/2/1 569/2/1
f 571/2/1 566/2/1 565/2/1
f 571/2/1 565/2/1 564/2/1
f 572/2/1 566/2/1 571/2/1
f 573/24/1 570/24/1 569/24/1
f 574/24/1 570/24/1 573/24/1
f 575/24/1 570/24/1 574/24/1
f 579/24/1 572/24/1 571/24/1
f 580/24/1 572/24/1 579/24/1
f 581/24/1 572/24/1 580/24/1
f 582/16/1 575/16/1 574/16/1
f 582/16/1 576/16/1 575/16/1
f 583/7/1 577/7/1 576/7/1
f 583/16/1 576/16/1 582/16/1
f 584/7/1 577/7/1 583/7/1
f 588/12/1 580/12/1 579/12/1
f 588/12/1 579/12/1 578/12/1
f 589/12/1 580/12/1 588/12/1
f 590/12/1 580/12/1 589/12/1
f 591/7/1 584/7/1 583/7/1
f 591/7/1 585/7/1 584/7/1
f 592/6/1 586/6/1 585/6/1
f 592/7/1 585/7/1 591/7/1
f 593/7/1 587/7/1 586/7/1
f 593/6/1 586/6/1 592/6/1
f 594/6/1 589/6/1 588/6/1
f 594/7/1 587/7/1 593/7/1
f 594/6/1 588/6/1 587/6/1
f 595/6/1 589/6/1 594/6/1
f 601/15/1 597/15/1 596/15/1
f 602/15/1 597/15/1 601/15/1
f 603/15/1 599/15/1 598/15/1
f 604/15/1 599/15/1 603/15/1
f 609/15/1 606/15/1 605/15/1
f 612/15/1 601/15/1 600/15/1
f 613/15/1 601/15/1 612/15/1
f 614/5/1 608/5/1 607/5/1
f 615/5/1 608/5/1 614/5/1
f 616/15/1 610/15/1 609/15/1
f 616/15/1 609/15/1 605/15/1
f 617/15/1 610/15/1 616/15/1
f 620/15/1 612/15/1 611/15/1
f 621/15/1 612/15/1 620/15/1
f 622/15/1 618/15/1 617/15/1
f 623/15/1 618/15/1 622/15/1
f 624/15/1 620/15/1 619/15/1
f 625/15/1 620/15/1 624/15/1
f 630/5/1 627/5/1 626/5/1
f 631/5/1 627/5/1 630/5/1
f 632/20/1 629/20/1 628/20/1
f 633/20/1 629/20/1 632/20/1
f 637/3/1 631/3/1 630/3/1
f 638/3/1 631/3/1 637/3/1
f 642/24/1 635/24/1 634/24/1
f 643/24/1 635/24/1 642/24/1
f 645/4/1 637/4/1 636/4/1
f 646/11/1 638/11/1 637/11/1
f 646/4/1 637/4/1 645/4/1
f 646/11/1 639/11/1 638/11/1
f 646/11/1 640/11/1 639/11/1
f 647/11/1 640/11/1 646/11/1
f 648/12/1 641/12/1 640/12/1
f 648/11/1 640/11/1 647/11/1
f 648/12/1 642/12/1 641/12/1
f 649/24/1 643/24/1 642/24/1
f 649/12/1 642/12/1 648/12/1
f 650/11/1 644/11/1 643/11/1
f 650/24/1 643/24/1 649/24/1
f 651/11/1 644/11/1 650/11/1
f 659/3/1 653/3/1 652/3/1
f 660/3/1 653/3/1 659/3/1
f 661/3/1 655/3/1 654/3/1
f 662/3/1 655/3/1 661/3/1
f 666/24/1 658/24/1 657/24/1
f 666/24/1 657/24/1 656/24/1
f 666/24/1 659/24/1 658/24/1
f 667/24/1 659/24/1 666/24/1
f 668/24/1 659/24/1 667/24/1
f 669/24/1 659/24/1 668/24/1
f 670/20/1 664/20/1 663/20/1
f 671/24/1 665/24/1 664/24/1
f 671/20/1 664/20/1 670/20/1
f 672/24/1 665/24/1 671/24/1
f 673/12/1 667/12/1 666/12/1
f 674/12/1 667/12/1 673/12/1
f 677/19/1 672/19/1 671/19/1
f 678/19/1 672/19/1 677/19/1
f 680/12/1 675/12/1 674/12/1
f 681/12/1 675/12/1 680/12/1
f 682/19/1 677/19/1 676/19/1
f 683/19/1 677/19/1 682/19/1
f 685/2/1 680/2/1 679/2/1
f 686/24/1 681/24/1 680/24/1
f 686/2/1 680/2/1 685/2/1
f 687/24/1 681/24/1 686/24/1
f 688/24/1 683/24/1 682/24/1
f 689/2/1 684/2/1 683/2/1
f 689/24/1 683/24/1 688/24/1
f 690/2/1 684/2/1 689/2/1
f 691/16/1 686/16/1 685/16/1
f 692/6/1 690/6/1 689/6/1
f 693/6/1 690/6/1 692/6/1
f 694/16/1 691/16/1 685/16/1
f 695/16/1 691/16/1 694/16/1
f 696/16/1 693/16/1 692/16/1
f 697/16/1 693/16/1 696/16/1
f 698/6/1 695/6/1 694/6/1
f 699/6/1 695/6/1 698/6/1
f 700/6/1 697/6/1 696/6/1
f 701/6/1 697/6/1 700/6/1
f 706/13/1 703/13/1 702/13/1
f 707/13/1 703/13/1 706/13/1
f 708/6/1 705/6/1 704/6/1
f 709/6/1 705/6/1 708/6/1
f 710/9/1 707/9/1 706/9/1
f 711/9/1 707/9/1 710/9/1
f 712/13/1 711/13/1 710/13/1
f 713/13/1 711/13/1 712/13/1
f 715/25/1 714/25/1 713/25/1
f 716/25/1 714/25/1 715/25/1
f 717/13/1 716/13/1 715/13/1
f 718/13/1 716/13/1 717/13/1
f 719/7/1 709/7/1 708/7/1
f 721/17/1 718/17/1 717/17/1
f 722/17/1 718/17/1 721/17/1
f 723/17/1 718/17/1 722/17/1
f 724/7/1 709/7/1 719/7/1
f 725/7/1 709/7/1 724/7/1
f 726/24/1 721/24/1 720/24/1
f 727/24/1 721/24/1 726/24/1
f 728/16/1 725/16/1 724/16/1
f 729/16/1 725/16/1 728/16/1
f 730/5/1 727/5/1 726/5/1
f 731/5/1 727/5/1 730/5/1
f 735/5/1 729/5/1 728/5/1
f 736/5/1 729/5/1 735/5/1
f 737/2/1 732/2/1 731/2/1
f 738/2/1 732/2/1 737/2/1
f 739/2/1 734/2/1 733/2/1
f 739/2/1 735/2/1 734/2/1
f 740/2/1 735/2/1 739/2/1
f 741/24/1 738/24/1 737/24/1
f 742/24/1 738/24/1 741/24/1
f 743/24/1 738/24/1 742/24/1
f 746/24/1 740/24/1 739/24/1
f 747/24/1 740/24/1 746/24/1
f 748/24/1 740/24/1 747/24/1
f 749/16/1 744/16/1 743/16/1
f 749/16/1 743/16/1 742/16/1
f 750/16/1 744/16/1 749/16/1
f 751/16/1 744/16/1 750/16/1
f 754/16/1 747/16/1 746/16/1
f 754/16/1 746/16/1 745/16/1
f 755/16/1 747/16/1 754/16/1
f 756/16/1 747/16/1 755/16/1
f 757/7/1 752/7/1 751/7/1
f 757/7/1 751/7/1 750/7/1
f 758/7/1 752/7/1 757/7/1
f 764/6/1 755/6/1 754/6/1
f 764/6/1 754/6/1 753/6/1
f 765/6/1 755/6/1 764/6/1
f 766/7/1 762/7/1 761/7/1
f 766/7/1 760/7/1 759/7/1
f 766/7/1 761/7/1 760/7/1
f 767/6/1 763/6/1 762/6/1
f 767/7/1 762/7/1 766/7/1
f 768/6/1 763/6/1 767/6/1
f 773/15/1 770/15/1 769/15/1
f 774/15/1 770/15/1 773/15/1
f 777/15/1 772/15/1 771/15/1
f 778/15/1 772/15/1 777/15/1
f 783/15/1 775/15/1 774/15/1
f 784/15/1 775/15/1 783/15/1
f 785/4/1 777/4/1 776/4/1
f 786/4/1 777/4/1 785/4/1
f 787/5/1 780/5/1 779/5/1
f 788/5/1 780/5/1 787/5/1
f 789/6/1 782/6/1 781/6/1
f 790/6/1 782/6/1 789/6/1
f 796/24/1 792/24/1 791/24/1
f 797/24/1 792/24/1 796/24/1
f 798/20/1 794/20/1 793/20/1
f 799/24/1 795/24/1 794/24/1
f 799/20/1 794/20/1 798/20/1
f 800/24/1 795/24/1 799/24/1
f 805/3/1 802/3/1 801/3/1
f 806/3/1 802/3/1 805/3/1
f 810/3/1 804/3/1 803/3/1
f 811/3/1 804/3/1 810/3/1
f 812/3/1 808/3/1 807/3/1
f 813/3/1 808/3/1 812/3/1
f 814/3/1 810/3/1 809/3/1
f 815/3/1 810/3/1 814/3/1
f 821/20/1 817/20/1 816/20/1
f 822/20/1 817/20/1 821/20/1
f 823/19/1 819/19/1 818/19/1
f 824/19/1 819/19/1 823/19/1
f 826/2/1 821/2/1 820/2/1
f 827/2/1 821/2/1 826/2/1
f 828/2/1 825/2/1 824/2/1
f 829/2/1 825/2/1 828/2/1
f 830/16/1 827/16/1 826/16/1
f 831/16/1 827/16/1 830/16/1
f 832/16/1 829/16/1 828/16/1
f 833/6/1 831/6/1 830/6/1
f 834/16/1 829/16/1 832/16/1
f 835/16/1 829/16/1 834/16/1
f 836/6/1 833/6/1 830/6/1
f 837/6/1 833/6/1 836/6/1
f 840/6/1 835/6/1 834/6/1
f 841/6/1 835/6/1 840/6/1
f 842/6/1 838/6/1 837/6/1
f 843/6/1 838/6/1 842/6/1
f 844/27/1 843/27/1 842/27/1
f 845/6/1 840/6/1 839/6/1
f 846/6/1 840/6/1 845/6/1
f 847/7/1 846/7/1 845/7/1
f 848/7/1 846/7/1 847/7/1
f 850/27/1 844/27/1 842/27/1
f 851/27/1 844/27/1 850/27/1
f 852/6/1 848/6/1 847/6/1
f 854/27/1 850/27/1 849/27/1
f 855/17/1 851/17/1 850/17/1
f 855/27/1 850/27/1 854/27/1
f 856/17/1 851/17/1 855/17/1
f 858/6/1 852/6/1 847/6/1
f 859/7/1 853/7/1 852/7/1
f 859/6/1 852/6/1 858/6/1
f 860/7/1 853/7/1 859/7/1
f 862/13/1 857/13/1 856/13/1
f 863/13/1 857/13/1 862/13/1
f 864/27/1 862/27/1 861/27/1
f 864/13/1 863/13/1 862/13/1
f 865/13/1 863/13/1 864/13/1
f 866/7/1 859/7/1 858/7/1
f 867/7/1 859/7/1 866/7/1
f 868/27/1 864/27/1 861/27/1
f 869/17/1 865/17/1 864/17/1
f 869/27/1 864/27/1 868/27/1
f 870/17/1 865/17/1 869/17/1
f 871/6/1 867/6/1 866/6/1
f 872/6/1 867/6/1 871/6/1
f 873/6/1 869/6/1 868/6/1
f 874/6/1 869/6/1 873/6/1
f 875/16/1 872/16/1 871/16/1
f 876/16/1 872/16/1 875/16/1
f 877/2/1 874/2/1 873/2/1
f 878/2/1 874/2/1 877/2/1
f 881/2/1 876/2/1 875/2/1
f 882/2/1 876/2/1 881/2/1
f 883/2/1 879/2/1 878/2/1
f 884/2/1 879/2/1 883/2/1
f 885/2/1 881/2/1 880/2/1
f 886/2/1 881/2/1 885/2/1
f 887/24/1 884/24/1 883/24/1
f 888/24/1 884/24/1 887/24/1
f 891/24/1 886/24/1 885/24/1
f 892/24/1 886/24/1 891/24/1
f 893/16/1 889/16/1 888/16/1
f 893/16/1 888/16/1 887/16/1
f 894/16/1 889/16/1 893/16/1
f 897/16/1 892/16/1 891/16/1
f 897/16/1 891/16/1 890/16/1
f 898/16/1 892/16/1 897/16/1
f 899/7/1 895/7/1 894/7/1
f 900/7/1 895/7/1 899/7/1
f 905/6/1 897/6/1 896/6/1
f 906/6/1 897/6/1 905/6/1
f 907/7/1 902/7/1 901/7/1
f 908/7/1 902/7/1 907/7/1
f 909/6/1 904/6/1 903/6/1
f 910/6/1 904/6/1 909/6/1
f 913/5/1 912/5/1 911/5/1
f 914/5/1 912/5/1 913/5/1
f 919/3/1 916/3/1 915/3/1
f 920/3/1 916/3/1 919/3/1
f 921/3/1 918/3/1 917/3/1
f 922/3/1 918/3/1 921/3/1
f 927/7/1 924/7/1 923/7/1
f 928/6/1 926/6/1 925/6/1
f 929/6/1 926/6/1 928/6/1
f 930/7/1 927/7/1 923/7/1
f 931/7/1 927/7/1 930/7/1
f 932/7/1 929/7/1 928/7/1
f 934/6/1 931/6/1 930/6/1
f 935/6/1 931/6/1 934/6/1
f 936/7/1 929/7/1 932/7/1
f 937/7/1 929/7/1 936/7/1
f 939/5/1 934/5/1 933/5/1
f 940/5/1 934/5/1 939/5/1
f 944/7/1 938/7/1 937/7/1
f 945/7/1 938/7/1 944/7/1
f 946/17/1 942/17/1 941/17/1
f 946/27/1 941/27/1 940/27/1
f 947/17/1 942/17/1 946/17/1
f 948/7/1 944/7/1 943/7/1
f 949/7/1 944/7/1 948/7/1
f 950/27/1 946/27/1 940/27/1
f 951/27/1 946/27/1 950/27/1
f 952/16/1 949/16/1 948/16/1
f 953/16/1 951/16/1 950/16/1
f 954/16/1 951/16/1 953/16/1
f 955/16/1 949/16/1 952/16/1
f 956/6/1 954/6/1 953/6/1
f 957/6/1 954/6/1 956/6/1
f 958/16/1 949/16/1 955/16/1
f 959/16/1 949/16/1 958/16/1
f 960/2/1 957/2/1 956/2/1
f 961/2/1 957/2/1 960/2/1
f 964/2/1 959/2/1 958/2/1
f 965/2/1 959/2/1 964/2/1
f 966/24/1 962/24/1 961/24/1
f 967/24/1 964/24/1 963/24/1
f 968/24/1 964/24/1 967/24/1
f 969/24/1 966/24/1 961/24/1
f 970/24/1 966/24/1 969/24/1
f 971/16/1 968/16/1 967/16/1
f 972/16/1 968/16/1 971/16/1
f 977/12/1 974/12/1 973/12/1
f 978/12/1 974/12/1 977/12/1
f 979/11/1 976/11/1 975/11/1
f 980/11/1 976/11/1 979/11/1
f 981/20/1 978/20/1 977/20/1
f 982/20/1 978/20/1 981/20/1
f 983/19/1 980/19/1 979/19/1
f 984/19/1 980/19/1 983/19/1
f 989/7/1 988/7/1 987/7/1
f 990/5/1 986/5/1 985/5/1
f 991/5/1 986/5/1 990/5/1
f 992/7/1 988/7/1 989/7/1
f 993/7/1 988/7/1 992/7/1
f 994/16/1 991/16/1 990/16/1
f 995/16/1 991/16/1 994/16/1
f 996/6/1 995/6/1 994/6/1
f 997/6/1 995/6/1 996/6/1
f 998/16/1 993/16/1 992/16/1
f 999/16/1 993/16/1 998/16/1
f 1000/2/1 997/2/1 996/2/1
f 1001/2/1 997/2/1 1000/2/1
f 1004/2/1 999/2/1 998/2/1
f 1005/2/1 999/2/1 1004/2/1
f 1006/24/1 1002/24/1 1001/24/1
f 1007/24/1 1002/24/1 1006/24/1
f 1008/24/1 1004/24/1 1003/24/1
f 1009/24/1 1004/24/1 1008/24/1
f 1014/7/1 1011/7/1 1010/7/1
f 1015/7/1 1011/7/1 1014/7/1
f 1022/7/1 1013/7/1 1012/7/1
f 1023/7/1 1013/7/1 1022/7/1
f 1024/7/1 1017/7/1 1016/7/1
f 1025/8/1 1018/8/1 1017/8/1
f 1025/7/1 1017/7/1 1024/7/1
f 1026/8/1 1018/8/1 1025/8/1
f 1027/8/1 1020/8/1 1019/8/1
f 1028/7/1 1021/7/1 1020/7/1
f 1028/8/1 1020/8/1 1027/8/1
f 1029/7/1 1021/7/1 1028/7/1
f 1032/5/1 1031/5/1 1030/5/1
f 1033/5/1 1031/5/1 1032/5/1
f 1039/24/1 1035/24/1 1034/24/1
f 1040/24/1 1035/24/1 1039/24/1
f 1041/24/1 1037/24/1 1036/24/1
f 1042/20/1 1038/20/1 1037/20/1
f 1042/24/1 1037/24/1 1041/24/1
f 1043/20/1 1038/20/1 1042/20/1
f 1044/20/1 1038/20/1 1043/20/1
f 1050/24/1 1046/24/1 1045/24/1
f 1051/24/1 1046/24/1 1050/24/1
f 1052/24/1 1048/24/1 1047/24/1
f 1053/24/1 1048/24/1 1052/24/1
f 1055/2/1 1050/2/1 1049/2/1
f 1056/2/1 1050/2/1 1055/2/1
f 1057/2/1 1054/2/1 1053/2/1
f 1058/2/1 1054/2/1 1057/2/1
f 1059/16/1 1056/16/1 1055/16/1
f 1060/16/1 1056/16/1 1059/16/1
f 1061/16/1 1058/16/1 1057/16/1
f 1062/16/1 1058/16/1 1061/16/1
f 1063/7/1 1060/7/1 1059/7/1
f 1064/7/1 1060/7/1 1063/7/1
f 1065/6/1 1062/6/1 1061/6/1
f 1066/6/1 1062/6/1 1065/6/1
f 1071/24/1 1068/24/1 1067/24/1
f 1072/24/1 1068/24/1 1071/24/1
f 1075/24/1 1070/24/1 1069/24/1
f 1076/24/1 1070/24/1 1075/24/1
f 1077/16/1 1073/16/1 1072/16/1
f 1078/16/1 1073/16/1 1077/16/1
f 1081/16/1 1075/16/1 1074/16/1
f 1082/16/1 1075/16/1 1081/16/1
f 1083/8/1 1079/8/1 1078/8/1
f 1084/8/1 1079/8/1 1083/8/1
f 1087/7/1 1081/7/1 1080/7/1
f 1088/7/1 1081/7/1 1087/7/1
f 1089/7/1 1085/7/1 1084/7/1
f 1090/7/1 1085/7/1 1089/7/1
f 1095/6/1 1087/6/1 1086/6/1
f 1096/6/1 1087/6/1 1095/6/1
f 1097/7/1 1092/7/1 1091/7/1
f 1098/7/1 1092/7/1 1097/7/1
f 1099/7/1 1094/7/1 1093/7/1
f 1100/7/1 1094/7/1 1099/7/1
f 1103/11/1 1102/11/1 1101/11/1
f 1104/11/1 1102/11/1 1103/11/1
f 1107/12/1 1104/12/1 1103/12/1
f 1108/12/1 1104/12/1 1107/12/1
f 1109/20/1 1106/20/1 1105/20/1
f 1110/20/1 1106/20/1 1109/20/1
f 1115/2/1 1112/2/1 1111/2/1
f 1116/2/1 1112/2/1 1115/2/1
f 1117/2/1 1114/2/1 1113/2/1
f 1118/2/1 1114/2/1 1117/2/1
f 1123/7/1 1120/7/1 1119/7/1
f 1124/7/1 1120/7/1 1123/7/1
f 1125/6/1 1122/6/1 1121/6/1
f 1126/6/1 1122/6/1 1125/6/1
f 1127/6/1 1122/6/1 1126/6/1
f 1128/7/1 1127/7/1 1126/7/1
f 1129/6/1 1124/6/1 1123/6/1
f 1130/6/1 1124/6/1 1129/6/1
f 1131/7/1 1127/7/1 1128/7/1
f 1132/7/1 1127/7/1 1131/7/1
f 1137/16/1 1134/16/1 1133/16/1
f 1138/16/1 1134/16/1 1137/16/1
f 1141/16/1 1136/16/1 1135/16/1
f 1142/16/1 1136/16/1 1141/16/1
f 1143/16/1 1139/16/1 1138/16/1
f 1144/16/1 1139/16/1 1143/16/1
f 1145/7/1 1141/7/1 1140/7/1
f 1146/7/1 1141/7/1 1145/7/1
f 1151/7/1 1148/7/1 1147/7/1
f 1152/7/1 1148/7/1 1151/7/1
f 1153/6/1 1150/6/1 1149/6/1
f 1154/6/1 1150/6/1 1153/6/1
f 1159/6/1 1156/6/1 1155/6/1
f 1160/6/1 1159/6/1 1155/6/1
f 1161/6/1 1159/6/1 1160/6/1
f 1162/16/1 1161/16/1 1160/16/1
f 1163/7/1 1158/7/1 1157/7/1
f 1164/7/1 1158/7/1 1163/7/1
f 1165/16/1 1162/16/1 1160/16/1
f 1166/16/1 1162/16/1 1165/16/1
f 1167/16/1 1164/16/1 1163/16/1
f 1168/16/1 1164/16/1 1167/16/1
f 1169/5/1 1166/5/1 1165/5/1
f 1170/5/1 1166/5/1 1169/5/1
f 1171/6/1 1168/6/1 1167/6/1
f 1172/6/1 1168/6/1 1171/6/1
f 1177/8/1 1174/8/1 1173/8/1
f 1178/8/1 1174/8/1 1177/8/1
f 1183/7/1 1176/7/1 1175/7/1
f 1184/7/1 1176/7/1 1183/7/1
f 1185/6/1 1180/6/1 1179/6/1
f 1186/6/1 1180/6/1 1185/6/1
f 1190/6/1 1182/6/1 1181/6/1
f 1191/6/1 1182/6/1 1190/6/1
f 1192/12/1 1188/12/1 1187/12/1
f 1193/6/1 1189/6/1 1188/6/1
f 1193/12/1 1188/12/1 1192/12/1
f 1194/6/1 1189/6/1 1193/6/1
f 1198/5/1 1196/5/1 1195/5/1
f 1199/5/1 1196/5/1 1198/5/1
f 1200/5/1 1196/5/1 1199/5/1
f 1201/5/1 1198/5/1 1197/5/1
f 1202/3/1 1199/3/1 1198/3/1
f 1202/5/1 1198/5/1 1201/5/1
f 1203/3/1 1199/3/1 1202/3/1
f 1204/4/1 1200/4/1 1199/4/1
f 1204/3/1 1199/3/1 1203/3/1
f 1205/4/1 1200/4/1 1204/4/1
f 1206/4/1 1204/4/1 1203/4/1
f 1207/4/1 1204/4/1 1206/4/1
f 1212/24/1 1209/24/1 1208/24/1
f 1213/24/1 1209/24/1 1212/24/1
f 1214/24/1 1211/24/1 1210/24/1
f 1215/24/1 1211/24/1 1214/24/1
f 1218/15/1 1217/15/1 1216/15/1
f 1219/15/1 1217/15/1 1218/15/1
f 1220/15/1 1217/15/1 1219/15/1
f 1221/15/1 1217/15/1 1220/15/1
f 1226/5/1 1219/5/1 1218/5/1
f 1227/3/1 1220/3/1 1219/3/1
f 1227/5/1 1219/5/1 1226/5/1
f 1228/4/1 1221/4/1 1220/4/1
f 1228/3/1 1220/3/1 1227/3/1
f 1228/4/1 1222/4/1 1221/4/1
f 1229/4/1 1222/4/1 1228/4/1
f 1231/5/1 1224/5/1 1223/5/1
f 1232/5/1 1224/5/1 1231/5/1
f 1234/5/1 1226/5/1 1225/5/1
f 1234/5/1 1227/5/1 1226/5/1
f 1234/5/1 1228/5/1 1227/5/1
f 1234/5/1 1229/5/1 1228/5/1
f 1235/4/1 1222/4/1 1229/4/1
f 1235/5/1 1229/5/1 1234/5/1
f 1236/4/1 1222/4/1 1235/4/1
f 1237/5/1 1231/5/1 1230/5/1
f 1238/3/1 1232/3/1 1231/3/1
f 1238/5/1 1231/5/1 1237/5/1
f 1239/5/1 1224/5/1 1232/5/1
f 1239/3/1 1232/3/1 1238/3/1
f 1240/5/1 1224/5/1 1239/5/1
f 1241/5/1 1234/5/1 1233/5/1
f 1242/5/1 1234/5/1 1241/5/1
f 1243/5/1 1236/5/1 1235/5/1
f 1244/5/1 1236/5/1 1243/5/1
f 1245/5/1 1237/5/1 1230/5/1
f 1246/24/1 1238/24/1 1237/24/1
f 1246/5/1 1237/5/1 1245/5/1
f 1246/24/1 1239/24/1 1238/24/1
f 1247/24/1 1239/24/1 1246/24/1
f 1248/24/1 1239/24/1 1247/24/1
f 1250/4/1 1244/4/1 1243/4/1
f 1251/4/1 1244/4/1 1250/4/1
f 1252/4/1 1250/4/1 1249/4/1
f 1253/4/1 1250/4/1 1252/4/1
f 1254/4/1 1250/4/1 1253/4/1
f 1260/15/1 1256/15/1 1255/15/1
f 1261/15/1 1256/15/1 1260/15/1
f 1262/15/1 1256/15/1 1261/15/1
f 1263/15/1 1258/15/1 1257/15/1
f 1264/15/1 1258/15/1 1263/15/1
f 1265/15/1 1258/15/1 1264/15/1
f 1268/5/1 1264/5/1 1263/5/1
f 1269/15/1 1267/15/1 1266/15/1
f 1270/15/1 1267/15/1 1269/15/1
f 1271/15/1 1267/15/1 1270/15/1
f 1272/5/1 1260/5/1 1259/5/1
f 1272/5/1 1261/5/1 1260/5/1
f 1273/5/1 1261/5/1 1272/5/1
f 1274/5/1 1261/5/1 1273/5/1
f 1278/5/1 1268/5/1 1263/5/1
f 1279/5/1 1268/5/1 1278/5/1
f 1280/5/1 1272/5/1 1259/5/1
f 1281/3/1 1273/3/1 1272/3/1
f 1281/5/1 1272/5/1 1280/5/1
f 1282/3/1 1273/3/1 1281/3/1
f 1283/6/1 1276/6/1 1275/6/1
f 1284/6/1 1276/6/1 1283/6/1
f 1286/5/1 1278/5/1 1277/5/1
f 1287/5/1 1278/5/1 1286/5/1
f 1288/4/1 1271/4/1 1270/4/1
f 1289/4/1 1271/4/1 1288/4/1
f 1291/5/1 1280/5/1 1259/5/1
f 1292/5/1 1280/5/1 1291/5/1
f 1293/5/1 1284/5/1 1283/5/1
f 1294/5/1 1284/5/1 1293/5/1
f 1295/6/1 1286/6/1 1285/6/1
f 1296/6/1 1286/6/1 1295/6/1
f 1297/4/1 1290/4/1 1289/4/1
f 1297/4/1 1289/4/1 1288/4/1
f 1298/4/1 1290/4/1 1297/4/1
f 1299/4/1 1290/4/1 1298/4/1
f 1300/4/1 1292/4/1 1291/4/1
f 1301/4/1 1292/4/1 1300/4/1
f 1304/4/1 1298/4/1 1297/4/1
f 1305/4/1 1302/4/1 1301/4/1
f 1306/4/1 1302/4/1 1305/4/1
f 1307/4/1 1304/4/1 1303/4/1
f 1307/4/1 1298/4/1 1304/4/1
f 1308/4/1 1298/4/1 1307/4/1
f 1310/4/1 1307/4/1 1303/4/1
f 1311/3/1 1310/3/1 1309/3/1
f 1312/4/1 1307/4/1 1310/4/1
f 1312/3/1 1310/3/1 1311/3/1
f 1313/4/1 1307/4/1 1312/4/1
f 1318/24/1 1315/24/1 1314/24/1
f 1319/24/1 1315/24/1 1318/24/1
f 1320/6/1 1317/6/1 1316/6/1
f 1321/6/1 1317/6/1 1320/6/1
f 1326/6/1 1323/6/1 1322/6/1
f 1327/6/1 1323/6/1 1326/6/1
f 1332/6/1 1325/6/1 1324/6/1
f 1333/6/1 1325/6/1 1332/6/1
f 1334/6/1 1329/6/1 1328/6/1
f 1335/6/1 1329/6/1 1334/6/1
f 1340/7/1 1331/7/1 1330/7/1
f 1341/7/1 1331/7/1 1340/7/1
f 1342/6/1 1337/6/1 1336/6/1
f 1343/6/1 1337/6/1 1342/6/1
f 1344/6/1 1339/6/1 1338/6/1
f 1345/6/1 1339/6/1 1344/6/1
f 1353/6/1 1347/6/1 1346/6/1
f 1354/6/1 1347/6/1 1353/6/1
f 1355/15/1 1349/15/1 1348/15/1
f 1356/15/1 1349/15/1 1355/15/1
f 1357/15/1 1351/15/1 1350/15/1
f 1358/15/1 1351/15/1 1357/15/1
f 1359/5/1 1353/5/1 1352/5/1
f 1362/5/1 1356/5/1 1355/5/1
f 1365/3/1 1358/3/1 1357/3/1
f 1366/3/1 1358/3/1 1365/3/1
f 1367/5/1 1359/5/1 1352/5/1
f 1368/6/1 1360/6/1 1359/6/1
f 1368/5/1 1359/5/1 1367/5/1
f 1369/6/1 1360/6/1 1368/6/1
f 1370/6/1 1360/6/1 1369/6/1
f 1371/6/1 1362/6/1 1361/6/1
f 1371/5/1 1356/5/1 1362/5/1
f 1372/5/1 1356/5/1 1371/5/1
f 1373/15/1 1364/15/1 1363/15/1
f 1374/15/1 1364/15/1 1373/15/1
f 1375/5/1 1370/5/1 1369/5/1
f 1376/5/1 1370/5/1 1375/5/1
f 1381/6/1 1371/6/1 1361/6/1
f 1382/6/1 1371/6/1 1381/6/1
f 1383/4/1 1374/4/1 1373/4/1
f 1384/4/1 1374/4/1 1383/4/1
f 1385/4/1 1366/4/1 1365/4/1
f 1386/5/1 1376/5/1 1375/5/1
f 1386/5/1 1377/5/1 1376/5/1
f 1387/5/1 1377/5/1 1386/5/1
f 1388/20/1 1379/20/1 1378/20/1
f 1389/20/1 1379/20/1 1388/20/1
f 1390/6/1 1381/6/1 1380/6/1
f 1391/6/1 1381/6/1 1390/6/1
f 1392/4/1 1385/4/1 1365/4/1
f 1393/4/1 1385/4/1 1392/4/1
f 1395/4/1 1394/4/1 1393/4/1
f 1396/4/1 1394/4/1 1395/4/1
f 1401/5/1 1398/5/1 1397/5/1
f 1402/5/1 1398/5/1 1401/5/1
f 1403/15/1 1400/15/1 1399/15/1
f 1404/15/1 1400/15/1 1403/15/1
f 1405/4/1 1404/4/1 1403/4/1
f 1406/4/1 1404/4/1 1405/4/1
f 1409/4/1 1408/4/1 1407/4/1
f 1410/4/1 1408/4/1 1409/4/1
f 1413/3/1 1412/3/1 1411/3/1
f 1414/3/1 1412/3/1 1413/3/1
f 1417/15/1 1416/15/1 1415/15/1
f 1418/15/1 1416/15/1 1417/15/1
f 1421/20/1 1420/20/1 1419/20/1
f 1423/20/1 1421/20/1 1419/20/1
f 1424/20/1 1421/20/1 1423/20/1
f 1425/24/1 1422/24/1 1421/24/1
f 1425/20/1 1421/20/1 1424/20/1
f 1426/24/1 1422/24/1 1425/24/1
f 1427/20/1 1425/20/1 1424/20/1
f 1428/20/1 1425/20/1 1427/20/1
f 1430/24/1 1428/24/1 1427/24/1
f 1431/24/1 1430/24/1 1429/24/1
f 1432/24/1 1428/24/1 1430/24/1
f 1432/24/1 1430/24/1 1431/24/1
f 1435/3/1 1434/3/1 1433/3/1
f 1436/3/1 1434/3/1 1435/3/1
f 1439/3/1 1438/3/1 1437/3/1
f 1440/3/1 1438/3/1 1439/3/1
f 1443/14/1 1442/14/1 1441/14/1
f 1444/14/1 1442/14/1 1443/14/1
f 1445/21/1 1444/21/1 1443/21/1
f 1446/21/1 1444/21/1 1445/21/1
f 1450/25/1 1446/25/1 1445/25/1
f 1451/25/1 1446/25/1 1450/25/1
f 1454/11/1 1449/11/1 1448/11/1
f 1454/20/1 1448/20/1 1447/20/1
f 1455/11/1 1449/11/1 1454/11/1
f 1456/15/1 1453/15/1 1452/15/1
f 1457/15/1 1453/15/1 1456/15/1
f 1459/20/1 1454/20/1 1447/20/1
f 1460/20/1 1454/20/1 1459/20/1
f 1460/20/1 1459/20/1 1458/20/1
f 1463/18/1 1457/18/1 1456/18/1
f 1464/18/1 1457/18/1 1463/18/1
f 1466/20/1 1461/20/1 1460/20/1
f 1466/20/1 1460/20/1 1458/20/1
f 1467/20/1 1461/20/1 1466/20/1
f 1468/24/1 1462/24/1 1461/24/1
f 1468/20/1 1461/20/1 1467/20/1
f 1471/24/1 1462/24/1 1468/24/1
f 1472/24/1 1462/24/1 1471/24/1
f 1473/20/1 1470/20/1 1469/20/1
f 1474/20/1 1470/20/1 1473/20/1
f 1475/14/1 1464/14/1 1463/14/1
f 1476/14/1 1464/14/1 1475/14/1
f 1477/24/1 1467/24/1 1466/24/1
f 1477/24/1 1466/24/1 1465/24/1
f 1478/24/1 1467/24/1 1477/24/1
f 1479/24/1 1467/24/1 1478/24/1
f 1484/24/1 1479/24/1 1478/24/1
f 1484/20/1 1480/20/1 1479/20/1
f 1485/20/1 1480/20/1 1484/20/1
f 1486/24/1 1482/24/1 1481/24/1
f 1486/24/1 1483/24/1 1482/24/1
f 1487/24/1 1483/24/1 1486/24/1
f 1488/24/1 1483/24/1 1487/24/1
f 1489/24/1 1485/24/1 1484/24/1
f 1489/24/1 1484/24/1 1478/24/1
f 1490/24/1 1485/24/1 1489/24/1
f 1491/24/1 1489/24/1 1478/24/1
f 1492/24/1 1489/24/1 1491/24/1
f 1494/24/1 1487/24/1 1486/24/1
f 1495/24/1 1487/24/1 1494/24/1
f 1496/24/1 1493/24/1 1492/24/1
f 1497/24/1 1493/24/1 1496/24/1
f 1500/4/1 1499/4/1 1498/4/1
f 1501/4/1 1499/4/1 1500/4/1
f 1504/3/1 1503/3/1 1502/3/1
f 1505/3/1 1503/3/1 1504/3/1
f 1510/27/1 1507/27/1 1506/27/1
f 1511/27/1 1507/27/1 1510/27/1
f 1512/27/1 1509/27/1 1508/27/1
f 1513/27/1 1509/27/1 1512/27/1
f 1519/20/1 1515/20/1 1514/20/1
f 1520/20/1 1515/20/1 1519/20/1
f 1522/11/1 1517/11/1 1516/11/1
f 1523/11/1 1517/11/1 1522/11/1
f 1525/20/1 1519/20/1 1518/20/1
f 1525/11/1 1520/11/1 1519/11/1
f 1526/11/1 1520/11/1 1525/11/1
f 1527/11/1 1523/11/1 1522/11/1
f 1527/11/1 1522/11/1 1521/11/1
f 1528/20/1 1524/20/1 1523/20/1
f 1528/11/1 1523/11/1 1527/11/1
f 1529/20/1 1524/20/1 1528/20/1
f 1532/20/1 1525/20/1 1518/20/1
f 1533/20/1 1525/20/1 1532/20/1
f 1541/25/1 1531/25/1 1530/25/1
f 1542/25/1 1531/25/1 1541/25/1
f 1544/11/1 1533/11/1 1532/11/1
f 1545/11/1 1537/11/1 1536/11/1
f 1546/20/1 1538/20/1 1537/20/1
f 1546/11/1 1537/11/1 1545/11/1
f 1547/24/1 1539/24/1 1538/24/1
f 1547/20/1 1538/20/1 1546/20/1
f 1548/11/1 1540/11/1 1539/11/1
f 1548/24/1 1539/24/1 1547/24/1
f 1549/11/1 1540/11/1 1548/11/1
f 1550/11/1 1544/11/1 1543/11/1
f 1551/11/1 1533/11/1 1544/11/1
f 1551/11/1 1544/11/1 1550/11/1
f 1552/11/1 1533/11/1 1551/11/1
f 1553/11/1 1533/11/1 1552/11/1
f 1554/11/1 1535/11/1 1534/11/1
f 1555/11/1 1535/11/1 1554/11/1
f 1556/20/1 1546/20/1 1545/20/1
f 1557/24/1 1549/24/1 1548/24/1
f 1557/20/1 1546/20/1 1556/20/1
f 1557/24/1 1547/24/1 1546/24/1
f 1557/24/1 1548/24/1 1547/24/1
f 1558/24/1 1555/24/1 1554/24/1
f 1559/24/1 1555/24/1 1558/24/1
f 1561/24/1 1557/24/1 1556/24/1
f 1562/24/1 1549/24/1 1557/24/1
f 1562/24/1 1557/24/1 1561/24/1
f 1563/11/1 1552/11/1 1551/11/1
f 1564/11/1 1552/11/1 1563/11/1
f 1565/24/1 1561/24/1 1560/24/1
f 1565/20/1 1562/20/1 1561/20/1
f 1566/24/1 1549/24/1 1562/24/1
f 1566/20/1 1562/20/1 1565/20/1
f 1567/24/1 1549/24/1 1566/24/1
f 1568/24/1 1549/24/1 1567/24/1
f 1571/24/1 1565/24/1 1560/24/1
f 1573/24/1 1567/24/1 1566/24/1
f 1576/24/1 1570/24/1 1569/24/1
f 1577/24/1 1570/24/1 1576/24/1
f 1578/24/1 1572/24/1 1571/24/1
f 1578/20/1 1573/20/1 1572/20/1
f 1579/24/1 1567/24/1 1573/24/1
f 1579/20/1 1573/20/1 1578/20/1
f 1580/14/1 1575/14/1 1574/14/1
f 1581/14/1 1575/14/1 1580/14/1
f 1582/24/1 1571/24/1 1560/24/1
f 1582/24/1 1578/24/1 1571/24/1
f 1582/24/1 1579/24/1 1578/24/1
f 1583/24/1 1579/24/1 1582/24/1
f 1586/24/1 1579/24/1 1583/24/1
f 1587/24/1 1579/24/1 1586/24/1
f 1588/22/1 1581/22/1 1580/22/1
f 1589/22/1 1581/22/1 1588/22/1
f 1590/24/1 1585/24/1 1584/24/1
f 1591/24/1 1585/24/1 1590/24/1
f 1595/24/1 1579/24/1 1587/24/1
f 1596/24/1 1567/24/1 1579/24/1
f 1596/24/1 1579/24/1 1595/24/1
f 1597/24/1 1592/24/1 1591/24/1
f 1598/24/1 1592/24/1 1597/24/1
f 1599/24/1 1594/24/1 1593/24/1
f 1600/24/1 1594/24/1 1599/24/1
f 1601/25/1 1589/25/1 1588/25/1
f 1602/25/1 1589/25/1 1601/25/1
f 1605/3/1 1604/3/1 1603/3/1
f 1606/3/1 1604/3/1 1605/3/1
f 1611/27/1 1610/27/1 1609/27/1
f 1612/27/1 1610/27/1 1611/27/1
f 1613/27/1 1610/27/1 1612/27/1
f 1615/27/1 1608/27/1 1607/27/1
f 1616/27/1 1608/27/1 1615/27/1
f 1620/20/1 1612/20/1 1611/20/1
f 1621/20/1 1612/20/1 1620/20/1
f 1623/11/1 1615/11/1 1614/11/1
f 1624/11/1 1615/11/1 1623/11/1
f 1625/20/1 1617/20/1 1616/20/1
f 1626/20/1 1617/20/1 1625/20/1
f 1627/11/1 1623/11/1 1622/11/1
f 1628/11/1 1623/11/1 1627/11/1
f 1633/11/1 1619/11/1 1618/11/1
f 1636/11/1 1629/11/1 1628/11/1
f 1637/24/1 1630/24/1 1629/24/1
f 1637/11/1 1629/11/1 1636/11/1
f 1638/11/1 1631/11/1 1630/11/1
f 1638/24/1 1630/24/1 1637/24/1
f 1639/20/1 1632/20/1 1631/20/1
f 1639/11/1 1631/11/1 1638/11/1
f 1640/11/1 1633/11/1 1618/11/1
f 1641/11/1 1633/11/1 1640/11/1
f 1642/20/1 1635/20/1 1634/20/1
f 1643/20/1 1632/20/1 1639/20/1
f 1646/20/1 1642/20/1 1634/20/1
f 1647/20/1 1632/20/1 1643/20/1
f 1648/20/1 1632/20/1 1647/20/1
f 1649/11/1 1645/11/1 1644/11/1
f 1650/11/1 1645/11/1 1649/11/1
f 1651/20/1 1646/20/1 1634/20/1
f 1652/20/1 1646/20/1 1651/20/1
f 1653/20/1 1650/20/1 1649/20/1
f 1654/20/1 1650/20/1 1653/20/1
f 1658/24/1 1648/24/1 1647/24/1
f 1659/24/1 1648/24/1 1658/24/1
f 1662/24/1 1656/24/1 1655/24/1
f 1663/24/1 1656/24/1 1662/24/1
f 1664/24/1 1658/24/1 1657/24/1
f 1665/24/1 1658/24/1 1664/24/1
f 1666/24/1 1661/24/1 1660/24/1
f 1667/24/1 1661/24/1 1666/24/1
f 1672/25/1 1669/25/1 1668/25/1
f 1672/25/1 1671/25/1 1670/25/1
f 1672/25/1 1670/25/1 1669/25/1
f 1673/25/1 1671/25/1 1672/25/1
f 1678/15/1 1675/15/1 1674/15/1
f 1679/15/1 1675/15/1 1678/15/1
f 1684/15/1 1677/15/1 1676/15/1
f 1685/15/1 1677/15/1 1684/15/1
f 1686/15/1 1681/15/1 1680/15/1
f 1687/15/1 1681/15/1 1686/15/1
f 1689/15/1 1683/15/1 1682/15/1
f 1690/15/1 1683/15/1 1689/15/1
f 1691/15/1 1688/15/1 1687/15/1
f 1692/15/1 1688/15/1 1691/15/1
f 1695/20/1 1694/20/1 1693/20/1
f 1696/20/1 1694/20/1 1695/20/1
f 1703/11/1 1698/11/1 1697/11/1
f 1704/11/1 1698/11/1 1703/11/1
f 1705/20/1 1700/20/1 1699/20/1
f 1706/20/1 1700/20/1 1705/20/1
f 1707/20/1 1702/20/1 1701/20/1
f 1708/20/1 1702/20/1 1707/20/1
f 1710/20/1 1709/20/1 1708/20/1
f 1711/20/1 1709/20/1 1710/20/1
f 1712/15/2 1713/15/2 1714/15/2
f 1714/15/2 1713/15/2 1715/15/2
f 1716/5/2 1717/5/2 1720/5/2
f 1720/5/2 1717/5/2 1721/5/2
f 1718/5/2 1719/5/2 1722/5/2
f 1722/5/2 1719/5/2 1723/5/2
f 1724/15/2 1725/15/2 1726/15/2
f 1726/15/2 1725/15/2 1727/15/2
f 1728/3/2 1729/3/2 1730/3/2
f 1730/3/2 1729/3/2 1731/3/2
f 1732/3/2 1733/3/2 1734/3/2
f 1734/3/2 1733/3/2 1735/3/2
f 1736/15/2 1737/15/2 1741/15/2
f 1741/15/2 1737/15/2 1742/15/2
f 1738/15/2 1739/15/2 1746/15/2
f 1746/15/2 1739/15/2 1747/15/2
f 1740/15/2 1741/15/2 1748/15/2
f 1748/15/2 1741/15/2 1749/15/2
f 1743/5/2 1744/5/2 1750/5/2
f 1750/5/2 1744/5/2 1751/5/2
f 1745/5/2 1746/5/2 1752/5/2
f 1752/5/2 1746/5/2 1753/5/2
f 1754/15/2 1755/15/2 1756/15/2
f 1756/15/2 1755/15/2 1757/15/2
f 1758/5/2 1759/5/2 1762/5/2
f 1762/5/2 1759/5/2 1763/5/2
f 1760/15/2 1761/15/2 1768/15/2
f 1768/15/2 1761/15/2 1769/15/2
f 1764/5/2 1765/5/2 1773/5/2
f 1773/5/2 1765/5/2 1774/5/2
f 1766/6/2 1767/6/2 1775/6/2
f 1775/6/2 1767/6/2 1776/6/2
f 1769/15/2 1770/15/2 1777/15/2
f 1777/15/2 1770/15/2 1778/15/2
f 1778/15/2 1770/15/2 1779/15/2
f 1777/4/2 1778/4/2 1780/4/2
f 1780/4/2 1778/4/2 1781/4/2
f 1781/4/2 1782/4/2 1783/4/2
f 1783/4/2 1782/4/2 1784/4/2
f 1771/4/2 1772/4/2 1785/4/2
f 1785/4/2 1772/4/2 1786/4/2
f 1787/3/2 1788/3/2 1791/3/2
f 1791/3/2 1788/3/2 1792/3/2
f 1789/3/2 1790/3/2 1793/3/2
f 1793/3/2 1790/3/2 1794/3/2
f 1795/7/2 1796/7/2 1800/7/2
f 1796/7/2 1797/7/2 1800/7/2
f 1800/7/2 1797/7/2 1801/7/2
f 1798/6/2 1799/6/2 1802/6/2
f 1802/6/2 1799/6/2 1803/6/2
f 1804/4/2 1805/4/2 1813/4/2
f 1805/5/2 1806/5/2 1813/5/2
f 1813/5/2 1806/5/2 1814/5/2
f 1814/5/2 1806/5/2 1815/5/2
f 1807/6/2 1808/6/2 1816/6/2
f 1816/6/2 1808/6/2 1817/6/2
f 1809/6/2 1810/6/2 1821/6/2
f 1821/6/2 1810/6/2 1822/6/2
f 1811/5/2 1812/5/2 1823/5/2
f 1823/5/2 1812/5/2 1824/5/2
f 1818/6/2 1819/6/2 1825/6/2
f 1825/6/2 1819/6/2 1826/6/2
f 1820/6/2 1821/6/2 1828/6/2
f 1828/6/2 1821/6/2 1829/6/2
f 1829/6/2 1821/6/2 1830/6/2
f 1826/5/2 1827/5/2 1833/5/2
f 1833/5/2 1827/5/2 1834/5/2
f 1831/4/2 1832/4/2 1835/4/2
f 1835/4/2 1832/4/2 1836/4/2
f 1804/4/2 1813/4/2 1837/4/2
f 1837/4/2 1813/4/2 1838/4/2
f 1835/3/2 1836/3/2 1839/3/2
f 1839/3/2 1836/3/2 1840/3/2
f 1841/3/2 1842/3/2 1843/3/2
f 1843/3/2 1842/3/2 1844/3/2
f 1845/5/2 1846/5/2 1851/5/2
f 1851/5/2 1846/5/2 1852/5/2
f 1847/5/2 1848/5/2 1853/5/2
f 1853/5/2 1848/5/2 1854/5/2
f 1849/4/2 1850/4/2 1855/4/2
f 1855/4/2 1856/4/2 1859/4/2
f 1849/4/2 1855/4/2 1860/4/2
f 1855/4/2 1859/4/2 1860/4/2
f 1860/4/2 1859/4/2 1861/4/2
f 1857/4/2 1858/4/2 1862/4/2
f 1862/4/2 1858/4/2 1863/4/2
f 1849/4/2 1860/4/2 1864/4/2
f 1864/4/2 1860/4/2 1865/4/2
f 1866/3/2 1867/3/2 1868/3/2
f 1868/3/2 1867/3/2 1869/3/2
f 1870/5/2 1871/5/2 1875/5/2
f 1875/5/2 1871/5/2 1876/5/2
f 1876/5/2 1871/5/2 1877/5/2
f 1872/5/2 1873/5/2 1881/5/2
f 1881/5/2 1873/5/2 1882/5/2
f 1874/5/2 1875/5/2 1884/5/2
f 1875/5/2 1876/5/2 1884/5/2
f 1884/5/2 1876/5/2 1885/5/2
f 1885/5/2 1876/5/2 1886/5/2
f 1886/5/2 1876/5/2 1887/5/2
f 1877/6/2 1878/6/2 1888/6/2
f 1888/6/2 1878/6/2 1889/6/2
f 1879/24/2 1880/24/2 1890/24/2
f 1890/24/2 1880/24/2 1891/24/2
f 1881/3/2 1882/3/2 1892/3/2
f 1882/4/2 1883/4/2 1893/4/2
f 1892/3/2 1882/3/2 1893/3/2
f 1893/4/2 1883/4/2 1894/4/2
f 1894/4/2 1883/4/2 1895/4/2
f 1895/4/2 1883/4/2 1896/4/2
f 1888/3/2 1889/3/2 1899/3/2
f 1899/3/2 1889/3/2 1900/3/2
f 1890/24/2 1891/24/2 1901/24/2
f 1901/24/2 1891/24/2 1902/24/2
f 1894/4/2 1895/4/2 1903/4/2
f 1903/4/2 1895/4/2 1904/4/2
f 1897/4/2 1898/4/2 1905/4/2
f 1905/4/2 1898/4/2 1906/4/2
f 1907/4/2 1908/4/2 1911/4/2
f 1911/4/2 1908/4/2 1912/4/2
f 1909/4/2 1910/4/2 1913/4/2
f 1913/4/2 1910/4/2 1914/4/2
f 1915/5/2 1916/5/2 1921/5/2
f 1921/5/2 1916/5/2 1922/5/2
f 1917/4/2 1918/4/2 1923/4/2
f 1923/4/2 1918/4/2 1924/4/2
f 1919/4/2 1920/4/2 1927/4/2
f 1920/5/2 1921/5/2 1928/5/2
f 1927/4/2 1920/4/2 1928/4/2
f 1921/24/2 1922/24/2 1929/24/2
f 1928/5/2 1921/5/2 1929/5/2
f 1929/24/2 1922/24/2 1930/24/2
f 1923/24/2 1924/24/2 1931/24/2
f 1924/24/2 1925/24/2 1931/24/2
f 1925/4/2 1926/4/2 1932/4/2
f 1931/24/2 1925/24/2 1932/24/2
f 1932/4/2 1926/4/2 1933/4/2
f 1928/3/2 1929/3/2 1937/3/2
f 1929/24/2 1930/24/2 1938/24/2
f 1937/3/2 1929/3/2 1938/3/2
f 1938/24/2 1930/24/2 1939/24/2
f 1931/24/2 1932/24/2 1940/24/2
f 1932/24/2 1933/24/2 1940/24/2
f 1933/4/2 1934/4/2 1941/4/2
f 1940/24/2 1933/24/2 1941/24/2
f 1935/4/2 1936/4/2 1942/4/2
f 1942/4/2 1936/4/2 1943/4/2
f 1941/4/2 1934/4/2 1944/4/2
f 1944/4/2 1934/4/2 1945/4/2
f 1945/4/2 1946/4/2 1947/4/2
f 1947/4/2 1946/4/2 1948/4/2
f 1949/20/2 1950/20/2 1953/20/2
f 1953/20/2 1950/20/2 1954/20/2
f 1951/20/2 1952/20/2 1955/20/2
f 1955/20/2 1952/20/2 1956/20/2
f 1957/3/2 1958/3/2 1959/3/2
f 1959/3/2 1958/3/2 1960/3/2
f 1961/11/2 1962/11/2 1965/11/2
f 1965/11/2 1962/11/2 1966/11/2
f 1963/11/2 1964/11/2 1967/11/2
f 1967/11/2 1964/11/2 1968/11/2
f 1969/8/2 1970/8/2 1973/8/2
f 1973/8/2 1970/8/2 1974/8/2
f 1971/7/2 1972/7/2 1979/7/2
f 1979/7/2 1972/7/2 1980/7/2
f 1974/8/2 1975/8/2 1981/8/2
f 1975/6/2 1976/6/2 1982/6/2
f 1981/8/2 1975/8/2 1982/8/2
f 1982/6/2 1976/6/2 1983/6/2
f 1977/7/2 1978/7/2 1992/7/2
f 1978/7/2 1979/7/2 1992/7/2
f 1992/7/2 1979/7/2 1993/7/2
f 1983/6/2 1984/6/2 1994/6/2
f 1984/6/2 1985/6/2 1994/6/2
f 1985/6/2 1986/6/2 1994/6/2
f 1986/7/2 1987/7/2 1995/7/2
f 1994/6/2 1986/6/2 1995/6/2
f 1995/7/2 1987/7/2 1996/7/2
f 1988/6/2 1989/6/2 2002/6/2
f 1989/7/2 1990/7/2 2003/7/2
f 2002/6/2 1989/6/2 2003/6/2
f 1990/6/2 1991/6/2 2004/6/2
f 2003/7/2 1990/7/2 2004/7/2
f 1991/6/2 1992/6/2 2004/6/2
f 2004/6/2 1992/6/2 2005/6/2
f 1997/12/2 1998/12/2 2006/12/2
f 1999/6/2 2000/6/2 2007/6/2
f 2006/12/2 1998/12/2 2007/12/2
f 2000/6/2 2001/6/2 2007/6/2
f 1998/6/2 1999/6/2 2007/6/2
f 2007/6/2 2001/6/2 2008/6/2
f 2009/24/2 2010/24/2 2014/24/2
f 2010/20/2 2011/20/2 2015/20/2
f 2014/24/2 2010/24/2 2015/24/2
f 2015/20/2 2011/20/2 2016/20/2
f 2012/20/2 2013/20/2 2017/20/2
f 2017/20/2 2013/20/2 2018/20/2
f 2019/11/2 2020/11/2 2021/11/2
f 2021/11/2 2020/11/2 2022/11/2
f 2023/12/2 2024/12/2 2027/12/2
f 2027/12/2 2024/12/2 2028/12/2
f 2025/11/2 2026/11/2 2029/11/2
f 2029/11/2 2026/11/2 2030/11/2
f 2027/20/2 2028/20/2 2031/20/2
f 2031/20/2 2028/20/2 2032/20/2
f 2029/20/2 2030/20/2 2033/20/2
f 2033/20/2 2030/20/2 2034/20/2
f 2035/15/2 2036/15/2 2039/15/2
f 2039/15/2 2036/15/2 2040/15/2
f 2037/15/2 2038/15/2 2041/15/2
f 2041/15/2 2038/15/2 2042/15/2
f 2043/15/2 2044/15/2 2045/15/2
f 2045/15/2 2044/15/2 2046/15/2
f 2047/4/2 2048/4/2 2049/4/2
f 2049/4/2 2048/4/2 2050/4/2
f 2051/4/2 2052/4/2 2053/4/2
f 2053/4/2 2052/4/2 2054/4/2
f 2055/4/2 2056/4/2 2057/4/2
f 2057/4/2 2056/4/2 2058/4/2
f 2059/2/2 2060/2/2 2063/2/2
f 2063/2/2 2060/2/2 2064/2/2
f 2061/1/2 2062/1/2 2065/1/2
f 2065/1/2 2062/1/2 2066/1/2
f 2063/16/2 2064/16/2 2067/16/2
f 2067/16/2 2064/16/2 2068/16/2
f 2065/16/2 2066/16/2 2069/16/2
f 2069/16/2 2066/16/2 2070/16/2
f 2067/6/2 2068/6/2 2071/6/2
f 2071/6/2 2068/6/2 2072/6/2
f 2069/6/2 2070/6/2 2073/6/2
f 2073/6/2 2070/6/2 2074/6/2
f 2075/15/2 2076/15/2 2083/15/2
f 2083/15/2 2076/15/2 2084/15/2
f 2077/15/2 2078/15/2 2085/15/2
f 2085/15/2 2078/15/2 2086/15/2
f 2079/15/2 2080/15/2 2087/15/2
f 2087/15/2 2080/15/2 2088/15/2
f 2081/15/2 2082/15/2 2091/15/2
f 2091/15/2 2082/15/2 2092/15/2
f 2089/15/2 2090/15/2 2095/15/2
f 2095/15/2 2090/15/2 2096/15/2
f 2093/6/2 2094/6/2 2099/6/2
f 2099/6/2 2094/6/2 2100/6/2
f 2097/15/2 2098/15/2 2101/15/2
f 2101/15/2 2098/15/2 2102/15/2
f 2103/5/2 2104/5/2 2108/5/2
f 2104/20/2 2105/20/2 2109/20/2
f 2108/5/2 2104/5/2 2109/5/2
f 2109/20/2 2105/20/2 2110/20/2
f 2106/6/2 2107/6/2 2111/6/2
f 2111/6/2 2107/6/2 2112/6/2
f 2113/26/2 2114/26/2 2115/26/2
f 2115/26/2 2114/26/2 2116/26/2
f 2116/24/2 2117/24/2 2118/24/2
f 2118/24/2 2117/24/2 2119/24/2
f 2118/20/2 2119/20/2 2120/20/2
f 2120/20/2 2119/20/2 2121/20/2
f 2122/6/2 2123/6/2 2126/6/2
f 2126/6/2 2123/6/2 2127/6/2
f 2126/7/2 2127/7/2 2128/7/2
f 2128/7/2 2127/7/2 2129/7/2
f 2124/6/2 2125/6/2 2130/6/2
f 2130/6/2 2125/6/2 2131/6/2
f 2132/7/2 2133/7/2 2136/7/2
f 2136/7/2 2133/7/2 2137/7/2
f 2134/7/2 2135/7/2 2138/7/2
f 2138/7/2 2135/7/2 2139/7/2
f 2140/12/2 2141/12/2 2144/12/2
f 2144/12/2 2141/12/2 2145/12/2
f 2142/6/2 2143/6/2 2146/6/2
f 2146/6/2 2143/6/2 2147/6/2
f 2148/6/2 2149/6/2 2152/6/2
f 2152/6/2 2149/6/2 2153/6/2
f 2150/7/2 2151/7/2 2158/7/2
f 2158/7/2 2151/7/2 2159/7/2
f 2154/6/2 2155/6/2 2160/6/2
f 2160/6/2 2155/6/2 2161/6/2
f 2156/7/2 2157/7/2 2162/7/2
f 2162/7/2 2157/7/2 2163/7/2
f 2164/15/2 2165/15/2 2170/15/2
f 2170/15/2 2165/15/2 2171/15/2
f 2166/15/2 2167/15/2 2172/15/2
f 2172/15/2 2167/15/2 2173/15/2
f 2168/15/2 2169/15/2 2178/15/2
f 2178/15/2 2169/15/2 2179/15/2
f 2174/15/2 2175/15/2 2182/15/2
f 2182/15/2 2175/15/2 2183/15/2
f 2176/15/2 2177/15/2 2186/15/2
f 2186/15/2 2177/15/2 2187/15/2
f 2180/5/2 2181/5/2 2188/5/2
f 2188/5/2 2181/5/2 2189/5/2
f 2184/15/2 2185/15/2 2190/15/2
f 2190/15/2 2185/15/2 2191/15/2
f 2192/20/2 2193/20/2 2195/20/2
f 2193/24/2 2194/24/2 2196/24/2
f 2195/20/2 2193/20/2 2196/20/2
f 2196/24/2 2194/24/2 2197/24/2
f 2198/26/2 2199/26/2 2204/26/2
f 2204/26/2 2199/26/2 2205/26/2
f 2200/3/2 2201/3/2 2206/3/2
f 2206/3/2 2201/3/2 2207/3/2
f 2202/11/2 2203/11/2 2208/11/2
f 2208/11/2 2203/11/2 2209/11/2
f 2208/24/2 2209/24/2 2210/24/2
f 2210/24/2 2209/24/2 2211/24/2
f 2212/2/2 2213/2/2 2214/2/2
f 2214/2/2 2213/2/2 2215/2/2
f 2214/16/2 2215/16/2 2216/16/2
f 2216/16/2 2215/16/2 2217/16/2
f 2216/6/2 2217/6/2 2218/6/2
f 2218/6/2 2217/6/2 2219/6/2
f 2220/7/2 2221/7/2 2224/7/2
f 2224/7/2 2221/7/2 2225/7/2
f 2222/7/2 2223/7/2 2226/7/2
f 2226/7/2 2223/7/2 2227/7/2
f 2226/16/2 2227/16/2 2228/16/2
f 2224/16/2 2225/16/2 2229/16/2
f 2229/16/2 2225/16/2 2230/16/2
f 2228/16/2 2227/16/2 2231/16/2
f 2231/16/2 2227/16/2 2232/16/2
f 2229/7/2 2230/7/2 2233/7/2
f 2233/7/2 2230/7/2 2234/7/2
f 2231/7/2 2232/7/2 2235/7/2
f 2235/7/2 2232/7/2 2236/7/2
f 2233/2/2 2234/2/2 2237/2/2
f 2237/2/2 2234/2/2 2238/2/2
f 2235/2/2 2236/2/2 2239/2/2
f 2239/2/2 2236/2/2 2240/2/2
f 2237/24/2 2238/24/2 2241/24/2
f 2241/24/2 2238/24/2 2242/24/2
f 2239/6/2 2240/6/2 2243/6/2
f 2243/6/2 2240/6/2 2244/6/2
f 2245/7/2 2246/7/2 2249/7/2
f 2249/7/2 2246/7/2 2250/7/2
f 2247/6/2 2248/6/2 2254/6/2
f 2254/6/2 2248/6/2 2255/6/2
f 2250/6/2 2251/6/2 2256/6/2
f 2256/6/2 2251/6/2 2257/6/2
f 2252/7/2 2253/7/2 2266/7/2
f 2253/7/2 2254/7/2 2266/7/2
f 2266/7/2 2254/7/2 2267/7/2
f 2257/12/2 2258/12/2 2268/12/2
f 2258/16/2 2259/16/2 2269/16/2
f 2268/12/2 2258/12/2 2269/12/2
f 2259/6/2 2260/6/2 2270/6/2
f 2269/16/2 2259/16/2 2270/16/2
f 2260/6/2 2261/6/2 2270/6/2
f 2270/6/2 2261/6/2 2271/6/2
f 2271/6/2 2261/6/2 2272/6/2
f 2263/6/2 2264/6/2 2278/6/2
f 2262/6/2 2263/6/2 2278/6/2
f 2278/6/2 2264/6/2 2279/6/2
f 2264/16/2 2265/16/2 2280/16/2
f 2279/6/2 2264/6/2 2280/6/2
f 2265/16/2 2266/16/2 2280/16/2
f 2280/16/2 2266/16/2 2281/16/2
f 2271/6/2 2272/6/2 2282/6/2
f 2272/6/2 2273/6/2 2282/6/2
f 2282/6/2 2273/6/2 2283/6/2
f 2274/11/2 2275/11/2 2284/11/2
f 2275/12/2 2276/12/2 2285/12/2
f 2284/11/2 2275/11/2 2285/11/2
f 2285/12/2 2276/12/2 2286/12/2
f 2276/6/2 2277/6/2 2287/6/2
f 2286/12/2 2276/12/2 2287/12/2
f 2277/6/2 2278/6/2 2287/6/2
f 2278/16/2 2279/16/2 2288/16/2
f 2287/6/2 2278/6/2 2288/6/2
f 2288/16/2 2279/16/2 2289/16/2
f 2286/15/2 2287/15/2 2290/15/2
f 2290/15/2 2287/15/2 2291/15/2
f 2292/24/2 2293/24/2 2294/24/2
f 2294/24/2 2293/24/2 2295/24/2
f 2296/15/2 2297/15/2 2302/15/2
f 2302/15/2 2297/15/2 2303/15/2
f 2298/15/2 2299/15/2 2304/15/2
f 2304/15/2 2299/15/2 2305/15/2
f 2300/15/2 2301/15/2 2308/15/2
f 2308/15/2 2301/15/2 2309/15/2
f 2306/15/2 2307/15/2 2310/15/2
f 2310/15/2 2307/15/2 2311/15/2
f 2312/15/2 2313/15/2 2316/15/2
f 2316/15/2 2313/15/2 2317/15/2
f 2314/5/2 2315/5/2 2322/5/2
f 2322/5/2 2315/5/2 2323/5/2
f 2316/3/2 2317/3/2 2325/3/2
f 2325/3/2 2317/3/2 2326/3/2
f 2318/24/2 2319/24/2 2327/24/2
f 2319/20/2 2320/20/2 2328/20/2
f 2327/24/2 2319/24/2 2328/24/2
f 2328/20/2 2320/20/2 2329/20/2
f 2321/5/2 2322/5/2 2330/5/2
f 2322/4/2 2323/4/2 2331/4/2
f 2330/5/2 2322/5/2 2331/5/2
f 2331/4/2 2323/4/2 2332/4/2
f 2324/3/2 2325/3/2 2334/3/2
f 2334/3/2 2325/3/2 2335/3/2
f 2333/3/2 2334/3/2 2338/3/2
f 2338/3/2 2334/3/2 2339/3/2
f 2336/11/2 2337/11/2 2342/11/2
f 2342/11/2 2337/11/2 2343/11/2
f 2340/24/2 2341/24/2 2346/24/2
f 2344/24/2 2345/24/2 2347/24/2
f 2347/24/2 2345/24/2 2348/24/2
f 2340/24/2 2346/24/2 2351/24/2
f 2351/24/2 2346/24/2 2352/24/2
f 2347/20/2 2348/20/2 2353/20/2
f 2353/20/2 2348/20/2 2354/20/2
f 2349/2/2 2350/2/2 2355/2/2
f 2355/2/2 2350/2/2 2356/2/2
f 2355/16/2 2356/16/2 2357/16/2
f 2357/16/2 2356/16/2 2358/16/2
f 2357/6/2 2358/6/2 2359/6/2
f 2359/6/2 2358/6/2 2360/6/2
f 2361/6/2 2362/6/2 2363/6/2
f 2363/6/2 2362/6/2 2364/6/2
f 2365/7/2 2366/7/2 2369/7/2
f 2369/7/2 2366/7/2 2370/7/2
f 2367/6/2 2368/6/2 2371/6/2
f 2371/6/2 2368/6/2 2372/6/2
f 2373/27/2 2374/27/2 2375/27/2
f 2375/27/2 2374/27/2 2376/27/2
f 2375/14/2 2376/14/2 2377/14/2
f 2377/14/2 2376/14/2 2378/14/2
f 2377/21/2 2378/21/2 2379/21/2
f 2379/21/2 2378/21/2 2380/21/2
f 2379/25/2 2380/25/2 2383/25/2
f 2383/25/2 2380/25/2 2384/25/2
f 2381/11/2 2382/11/2 2387/11/2
f 2387/11/2 2382/11/2 2388/11/2
f 2385/15/2 2386/15/2 2389/15/2
f 2389/15/2 2386/15/2 2390/15/2
f 2389/18/2 2390/18/2 2393/18/2
f 2393/18/2 2390/18/2 2394/18/2
f 2391/24/2 2392/24/2 2395/24/2
f 2395/24/2 2392/24/2 2396/24/2
f 2393/14/2 2394/14/2 2397/14/2
f 2397/14/2 2394/14/2 2398/14/2
f 2399/24/2 2400/24/2 2401/24/2
f 2401/24/2 2400/24/2 2402/24/2
f 2403/24/2 2404/24/2 2405/24/2
f 2405/24/2 2404/24/2 2406/24/2
f 2407/15/2 2408/15/2 2411/15/2
f 2411/15/2 2408/15/2 2412/15/2
f 2409/15/2 2410/15/2 2417/15/2
f 2417/15/2 2410/15/2 2418/15/2
f 2413/15/2 2414/15/2 2419/15/2
f 2419/15/2 2414/15/2 2420/15/2
f 2420/15/2 2414/15/2 2421/15/2
f 2415/15/2 2416/15/2 2426/15/2
f 2426/15/2 2416/15/2 2427/15/2
f 2419/4/2 2420/4/2 2431/4/2
f 2431/4/2 2420/4/2 2432/4/2
f 2422/15/2 2423/15/2 2433/15/2
f 2433/15/2 2423/15/2 2434/15/2
f 2424/15/2 2425/15/2 2437/15/2
f 2437/15/2 2425/15/2 2438/15/2
f 2430/5/2 2431/5/2 2439/5/2
f 2431/4/2 2432/4/2 2440/4/2
f 2439/5/2 2431/5/2 2440/5/2
f 2435/15/2 2436/15/2 2441/15/2
f 2441/15/2 2436/15/2 2442/15/2
f 2428/5/2 2429/5/2 2445/5/2
f 2445/5/2 2429/5/2 2446/5/2
f 2441/3/2 2442/3/2 2448/3/2
f 2448/3/2 2442/3/2 2449/3/2
f 2443/4/2 2444/4/2 2450/4/2
f 2450/4/2 2444/4/2 2451/4/2
f 2445/4/2 2446/4/2 2452/4/2
f 2452/4/2 2446/4/2 2453/4/2
f 2440/4/2 2432/4/2 2456/4/2
f 2456/4/2 2432/4/2 2457/4/2
f 2454/20/2 2455/20/2 2460/20/2
f 2455/24/2 2456/24/2 2461/24/2
f 2460/20/2 2455/20/2 2461/20/2
f 2461/24/2 2456/24/2 2462/24/2
f 2447/3/2 2448/3/2 2464/3/2
f 2464/3/2 2448/3/2 2465/3/2
f 2462/24/2 2456/24/2 2466/24/2
f 2466/24/2 2456/24/2 2467/24/2
f 2458/3/2 2459/3/2 2468/3/2
f 2468/3/2 2459/3/2 2469/3/2
f 2463/3/2 2464/3/2 2476/3/2
f 2476/3/2 2464/3/2 2477/3/2
f 2470/24/2 2471/24/2 2478/24/2
f 2471/12/2 2472/12/2 2479/12/2
f 2478/24/2 2471/24/2 2479/24/2
f 2479/12/2 2472/12/2 2480/12/2
f 2478/20/2 2479/20/2 2483/20/2
f 2479/20/2 2480/20/2 2483/20/2
f 2483/20/2 2480/20/2 2484/20/2
f 2474/20/2 2475/20/2 2485/20/2
f 2473/20/2 2474/20/2 2485/20/2
f 2485/20/2 2475/20/2 2486/20/2
f 2481/2/2 2482/2/2 2489/2/2
f 2489/2/2 2482/2/2 2490/2/2
f 2487/2/2 2488/2/2 2491/2/2
f 2491/2/2 2488/2/2 2492/2/2
f 2489/16/2 2490/16/2 2493/16/2
f 2493/16/2 2490/16/2 2494/16/2
f 2491/6/2 2492/6/2 2495/6/2
f 2495/6/2 2492/6/2 2496/6/2
f 2496/6/2 2492/6/2 2497/6/2
f 2493/5/2 2494/5/2 2499/5/2
f 2499/5/2 2494/5/2 2500/5/2
f 2496/5/2 2497/5/2 2501/5/2
f 2501/5/2 2497/5/2 2502/5/2
f 2498/6/2 2499/6/2 2504/6/2
f 2504/6/2 2499/6/2 2505/6/2
f 2503/7/2 2504/7/2 2508/7/2
f 2508/7/2 2504/7/2 2509/7/2
f 2506/6/2 2507/6/2 2510/6/2
f 2510/6/2 2507/6/2 2511/6/2
f 2512/7/2 2513/7/2 2516/7/2
f 2516/7/2 2513/7/2 2517/7/2
f 2514/7/2 2515/7/2 2522/7/2
f 2522/7/2 2515/7/2 2523/7/2
f 2518/6/2 2519/6/2 2524/6/2
f 2524/6/2 2519/6/2 2525/6/2
f 2520/20/2 2521/20/2 2531/20/2
f 2531/20/2 2521/20/2 2532/20/2
f 2526/6/2 2527/6/2 2533/6/2
f 2527/6/2 2528/6/2 2533/6/2
f 2533/6/2 2528/6/2 2534/6/2
f 2529/12/2 2530/12/2 2535/12/2
f 2535/12/2 2530/12/2 2536/12/2
f 2537/11/2 2538/11/2 2539/11/2
f 2539/11/2 2538/11/2 2540/11/2
f 2541/25/2 2542/25/2 2543/25/2
f 2543/25/2 2542/25/2 2544/25/2
f 2545/11/2 2546/11/2 2547/11/2
f 2547/11/2 2546/11/2 2548/11/2
f 2549/24/2 2550/24/2 2553/24/2
f 2551/20/2 2552/20/2 2557/20/2
f 2557/20/2 2552/20/2 2558/20/2
f 2549/24/2 2553/24/2 2559/24/2
f 2553/24/2 2554/24/2 2559/24/2
f 2559/24/2 2554/24/2 2560/24/2
f 2555/23/2 2556/23/2 2561/23/2
f 2561/23/2 2556/23/2 2562/23/2
f 2561/14/2 2562/14/2 2563/14/2
f 2563/14/2 2562/14/2 2564/14/2
f 2560/24/2 2554/24/2 2566/24/2
f 2565/24/2 2566/24/2 2570/24/2
f 2567/24/2 2568/24/2 2572/24/2
f 2563/22/2 2564/22/2 2573/22/2
f 2573/22/2 2564/22/2 2574/22/2
f 2569/24/2 2570/24/2 2575/24/2
f 2575/24/2 2570/24/2 2576/24/2
f 2576/24/2 2570/24/2 2577/24/2
f 2570/24/2 2566/24/2 2578/24/2
f 2577/24/2 2570/24/2 2578/24/2
f 2571/24/2 2572/24/2 2579/24/2
f 2572/24/2 2568/24/2 2580/24/2
f 2579/24/2 2572/24/2 2580/24/2
f 2576/24/2 2577/24/2 2581/24/2
f 2581/24/2 2577/24/2 2582/24/2
f 2578/24/2 2566/24/2 2583/24/2
f 2566/24/2 2554/24/2 2584/24/2
f 2583/24/2 2566/24/2 2584/24/2
f 2573/25/2 2574/25/2 2585/25/2
f 2585/25/2 2574/25/2 2586/25/2
f 2587/15/2 2588/15/2 2589/15/2
f 2589/15/2 2588/15/2 2590/15/2
f 2589/3/2 2590/3/2 2591/3/2
f 2591/3/2 2590/3/2 2592/3/2
f 2593/15/2 2594/15/2 2597/15/2
f 2597/15/2 2594/15/2 2598/15/2
f 2595/15/2 2596/15/2 2603/15/2
f 2603/15/2 2596/15/2 2604/15/2
f 2597/4/2 2598/4/2 2606/4/2
f 2598/4/2 2599/4/2 2606/4/2
f 2599/3/2 2600/3/2 2606/3/2
f 2600/15/2 2601/15/2 2607/15/2
f 2606/3/2 2600/3/2 2607/3/2
f 2607/15/2 2601/15/2 2608/15/2
f 2604/3/2 2605/3/2 2609/3/2
f 2603/3/2 2604/3/2 2609/3/2
f 2602/3/2 2603/3/2 2609/3/2
f 2609/3/2 2605/3/2 2610/3/2
f 2591/4/2 2592/4/2 2612/4/2
f 2597/4/2 2606/4/2 2613/4/2
f 2606/4/2 2607/4/2 2613/4/2
f 2607/3/2 2608/3/2 2614/3/2
f 2613/4/2 2607/4/2 2614/4/2
f 2614/3/2 2608/3/2 2615/3/2
f 2615/3/2 2608/3/2 2616/3/2
f 2610/3/2 2605/3/2 2618/3/2
f 2618/3/2 2605/3/2 2619/3/2
f 2611/4/2 2612/4/2 2621/4/2
f 2621/4/2 2612/4/2 2622/4/2
f 2612/4/2 2592/4/2 2623/4/2
f 2622/4/2 2612/4/2 2623/4/2
f 2597/4/2 2613/4/2 2629/4/2
f 2629/4/2 2613/4/2 2630/4/2
f 2614/3/2 2615/3/2 2631/3/2
f 2630/4/2 2613/4/2 2631/4/2
f 2613/3/2 2614/3/2 2631/3/2
f 2617/4/2 2618/4/2 2632/4/2
f 2619/3/2 2620/3/2 2633/3/2
f 2632/4/2 2618/4/2 2633/4/2
f 2618/3/2 2619/3/2 2633/3/2
f 2633/3/2 2620/3/2 2634/3/2
f 2623/4/2 2624/4/2 2637/4/2
f 2624/11/2 2625/11/2 2638/11/2
f 2637/4/2 2624/4/2 2638/4/2
f 2638/11/2 2625/11/2 2639/11/2
f 2626/20/2 2627/20/2 2640/20/2
f 2640/20/2 2627/20/2 2641/20/2
f 2629/4/2 2630/4/2 2644/4/2
f 2628/4/2 2629/4/2 2644/4/2
f 2630/3/2 2631/3/2 2644/3/2
f 2631/3/2 2615/3/2 2645/3/2
f 2644/3/2 2631/3/2 2645/3/2
f 2645/3/2 2615/3/2 2646/3/2
f 2646/3/2 2615/3/2 2647/3/2
f 2634/3/2 2620/3/2 2648/3/2
f 2635/3/2 2636/3/2 2649/3/2
f 2636/24/2 2637/24/2 2650/24/2
f 2649/3/2 2636/3/2 2650/3/2
f 2650/24/2 2637/24/2 2651/24/2
f 2642/20/2 2643/20/2 2652/20/2
f 2628/4/2 2644/4/2 2653/4/2
f 2644/4/2 2645/4/2 2653/4/2
f 2653/4/2 2645/4/2 2654/4/2
f 2645/3/2 2646/3/2 2655/3/2
f 2654/4/2 2645/4/2 2655/4/2
f 2634/3/2 2648/3/2 2656/3/2
f 2650/24/2 2651/24/2 2657/24/2
f 2656/3/2 2648/3/2 2657/3/2
f 2648/24/2 2649/24/2 2657/24/2
f 2649/24/2 2650/24/2 2657/24/2
f 2657/24/2 2651/24/2 2658/24/2
f 2658/24/2 2651/24/2 2659/24/2
f 2659/24/2 2651/24/2 2660/24/2
f 2654/3/2 2655/3/2 2661/3/2
f 2655/3/2 2646/3/2 2662/3/2
f 2661/3/2 2655/3/2 2662/3/2
f 2658/24/2 2659/24/2 2663/24/2
f 2659/20/2 2660/20/2 2664/20/2
f 2663/24/2 2659/24/2 2664/24/2
f 2664/20/2 2660/20/2 2665/20/2
f 2642/20/2 2652/20/2 2666/20/2
f 2652/20/2 2653/20/2 2666/20/2
f 2666/20/2 2653/20/2 2667/20/2
f 2664/20/2 2665/20/2 2670/20/2
f 2663/20/2 2664/20/2 2670/20/2
f 2670/20/2 2665/20/2 2671/20/2
f 2666/24/2 2667/24/2 2672/24/2
f 2667/20/2 2653/20/2 2673/20/2
f 2672/24/2 2667/24/2 2673/24/2
f 2673/20/2 2653/20/2 2674/20/2
f 2668/2/2 2669/2/2 2677/2/2
f 2677/2/2 2669/2/2 2678/2/2
f 2675/2/2 2676/2/2 2679/2/2
f 2679/2/2 2676/2/2 2680/2/2
f 2677/16/2 2678/16/2 2681/16/2
f 2681/16/2 2678/16/2 2682/16/2
f 2679/16/2 2680/16/2 2683/16/2
f 2683/16/2 2680/16/2 2684/16/2
f 2683/6/2 2684/6/2 2685/6/2
f 2685/6/2 2684/6/2 2686/6/2
f 2686/6/2 2684/6/2 2687/6/2
f 2681/5/2 2682/5/2 2689/5/2
f 2689/5/2 2682/5/2 2690/5/2
f 2686/7/2 2687/7/2 2691/7/2
f 2691/7/2 2687/7/2 2692/7/2
f 2692/6/2 2693/6/2 2694/6/2
f 2688/6/2 2689/6/2 2696/6/2
f 2696/6/2 2689/6/2 2697/6/2
f 2694/6/2 2693/6/2 2698/6/2
f 2698/6/2 2693/6/2 2699/6/2
f 2695/7/2 2696/7/2 2702/7/2
f 2702/7/2 2696/7/2 2703/7/2
f 2699/6/2 2700/6/2 2704/6/2
f 2704/6/2 2700/6/2 2705/6/2
f 2701/7/2 2702/7/2 2707/7/2
f 2707/7/2 2702/7/2 2708/7/2
f 2705/7/2 2706/7/2 2709/7/2
f 2709/7/2 2706/7/2 2710/7/2
f 2709/6/2 2710/6/2 2711/6/2
f 2711/6/2 2710/6/2 2712/6/2
f 2707/16/2 2708/16/2 2713/16/2
f 2713/16/2 2708/16/2 2714/16/2
f 2711/16/2 2712/16/2 2715/16/2
f 2715/16/2 2712/16/2 2716/16/2
f 2713/7/2 2714/7/2 2717/7/2
f 2717/7/2 2714/7/2 2718/7/2
f 2715/7/2 2716/7/2 2719/7/2
f 2719/7/2 2716/7/2 2720/7/2
f 2717/2/2 2718/2/2 2721/2/2
f 2721/2/2 2718/2/2 2722/2/2
f 2719/1/2 2720/1/2 2723/1/2
f 2723/1/2 2720/1/2 2724/1/2
f 2725/12/2 2726/12/2 2729/12/2
f 2729/12/2 2726/12/2 2730/12/2
f 2727/16/2 2728/16/2 2733/16/2
f 2733/16/2 2728/16/2 2734/16/2
f 2730/7/2 2731/7/2 2735/7/2
f 2735/7/2 2731/7/2 2736/7/2
f 2732/7/2 2733/7/2 2737/7/2
f 2737/7/2 2733/7/2 2738/7/2
f 2739/20/2 2740/20/2 2743/20/2
f 2743/20/2 2740/20/2 2744/20/2
f 2741/20/2 2742/20/2 2750/20/2
f 2750/20/2 2742/20/2 2751/20/2
f 2743/27/2 2744/27/2 2752/27/2
f 2744/27/2 2745/27/2 2752/27/2
f 2752/27/2 2745/27/2 2753/27/2
f 2746/6/2 2747/6/2 2754/6/2
f 2747/12/2 2748/12/2 2755/12/2
f 2754/6/2 2747/6/2 2755/6/2
f 2755/12/2 2748/12/2 2756/12/2
f 2750/27/2 2751/27/2 2757/27/2
f 2749/27/2 2750/27/2 2757/27/2
f 2757/27/2 2751/27/2 2758/27/2
f 2759/11/2 2760/11/2 2768/11/2
f 2768/11/2 2760/11/2 2769/11/2
f 2761/11/2 2762/11/2 2770/11/2
f 2762/20/2 2763/20/2 2771/20/2
f 2770/11/2 2762/11/2 2771/11/2
f 2765/11/2 2766/11/2 2772/11/2
f 2764/11/2 2765/11/2 2772/11/2
f 2772/11/2 2766/11/2 2773/11/2
f 2773/11/2 2766/11/2 2774/11/2
f 2767/11/2 2768/11/2 2776/11/2
f 2776/11/2 2768/11/2 2777/11/2
f 2771/20/2 2763/20/2 2778/20/2
f 2778/20/2 2763/20/2 2779/20/2
f 2764/11/2 2772/11/2 2780/11/2
f 2772/20/2 2773/20/2 2781/20/2
f 2780/11/2 2772/11/2 2781/11/2
f 2774/11/2 2775/11/2 2782/11/2
f 2781/20/2 2773/20/2 2782/20/2
f 2773/11/2 2774/11/2 2782/11/2
f 2782/11/2 2775/11/2 2783/11/2
f 2783/20/2 2784/20/2 2788/20/2
f 2785/20/2 2786/20/2 2789/20/2
f 2787/20/2 2788/20/2 2794/20/2
f 2788/20/2 2784/20/2 2795/20/2
f 2794/20/2 2788/20/2 2795/20/2
f 2790/20/2 2791/20/2 2796/20/2
f 2796/20/2 2791/20/2 2797/20/2
f 2792/11/2 2793/11/2 2798/11/2
f 2798/11/2 2793/11/2 2799/11/2
f 2794/24/2 2795/24/2 2801/24/2
f 2795/20/2 2784/20/2 2802/20/2
f 2801/24/2 2795/24/2 2802/24/2
f 2802/20/2 2784/20/2 2803/20/2
f 2785/20/2 2789/20/2 2804/20/2
f 2804/20/2 2789/20/2 2805/20/2
f 2800/20/2 2801/20/2 2806/20/2
f 2799/20/2 2800/20/2 2806/20/2
f 2798/20/2 2799/20/2 2806/20/2
f 2806/20/2 2801/20/2 2807/20/2
f 2801/24/2 2802/24/2 2808/24/2
f 2807/20/2 2801/20/2 2808/20/2
f 2804/24/2 2805/24/2 2810/24/2
f 2810/24/2 2805/24/2 2811/24/2
f 2796/24/2 2797/24/2 2813/24/2
f 2813/24/2 2797/24/2 2814/24/2
f 2807/24/2 2808/24/2 2816/24/2
f 2808/24/2 2802/24/2 2817/24/2
f 2816/24/2 2808/24/2 2817/24/2
f 2817/24/2 2802/24/2 2818/24/2
f 2815/20/2 2816/20/2 2820/20/2
f 2820/20/2 2816/20/2 2821/20/2
f 2809/24/2 2810/24/2 2822/24/2
f 2822/24/2 2810/24/2 2823/24/2
f 2820/24/2 2821/24/2 2824/24/2
f 2818/24/2 2819/24/2 2825/24/2
f 2817/24/2 2818/24/2 2825/24/2
f 2825/24/2 2819/24/2 2826/24/2
f 2826/24/2 2819/24/2 2827/24/2
f 2812/24/2 2813/24/2 2830/24/2
f 2830/24/2 2813/24/2 2831/24/2
f 2820/24/2 2824/24/2 2832/24/2
f 2824/24/2 2825/24/2 2832/24/2
f 2825/24/2 2826/24/2 2832/24/2
f 2832/24/2 2826/24/2 2833/24/2
f 2828/24/2 2829/24/2 2834/24/2
f 2834/24/2 2829/24/2 2835/24/2
f 2836/25/2 2837/25/2 2838/25/2
f 2838/25/2 2837/25/2 2839/25/2
f 2840/15/2 2841/15/2 2844/15/2
f 2844/15/2 2841/15/2 2845/15/2
f 2842/15/2 2843/15/2 2850/15/2
f 2850/15/2 2843/15/2 2851/15/2
f 2844/3/2 2845/3/2 2852/3/2
f 2852/3/2 2845/3/2 2853/3/2
f 2846/15/2 2847/15/2 2854/15/2
f 2848/15/2 2849/15/2 2856/15/2
f 2856/15/2 2849/15/2 2857/15/2
f 2852/4/2 2853/4/2 2860/4/2
f 2854/15/2 2855/15/2 2861/15/2
f 2846/15/2 2854/15/2 2861/15/2
f 2861/15/2 2855/15/2 2862/15/2
f 2856/3/2 2857/3/2 2863/3/2
f 2863/3/2 2857/3/2 2864/3/2
f 2859/4/2 2860/4/2 2865/4/2
f 2858/4/2 2859/4/2 2865/4/2
f 2864/3/2 2865/3/2 2866/3/2
f 2865/4/2 2860/4/2 2867/4/2
f 2866/3/2 2865/3/2 2867/3/2
f 2867/4/2 2860/4/2 2868/4/2
f 2860/4/2 2853/4/2 2869/4/2
f 2868/4/2 2860/4/2 2869/4/2
f 2871/3/2 2872/3/2 2878/3/2
f 2870/3/2 2871/3/2 2878/3/2
f 2872/4/2 2873/4/2 2878/4/2
f 2878/4/2 2873/4/2 2879/4/2
f 2874/12/2 2875/12/2 2881/12/2
f 2875/20/2 2876/20/2 2882/20/2
f 2881/12/2 2875/12/2 2882/12/2
f 2882/20/2 2876/20/2 2883/20/2
f 2876/11/2 2877/11/2 2884/11/2
f 2883/20/2 2876/20/2 2884/20/2
f 2884/11/2 2877/11/2 2885/11/2
f 2870/3/2 2878/3/2 2887/3/2
f 2887/3/2 2878/3/2 2888/3/2
f 2879/11/2 2880/11/2 2889/11/2
f 2880/12/2 2881/12/2 2890/12/2
f 2889/11/2 2880/11/2 2890/11/2
f 2882/11/2 2883/11/2 2891/11/2
f 2890/12/2 2881/12/2 2891/12/2
f 2881/11/2 2882/11/2 2891/11/2
f 2891/11/2 2883/11/2 2892/11/2
f 2889/12/2 2890/12/2 2893/12/2
f 2890/12/2 2891/12/2 2893/12/2
f 2891/20/2 2892/20/2 2894/20/2
f 2893/12/2 2891/12/2 2894/12/2
f 2892/11/2 2883/11/2 2895/11/2
f 2894/20/2 2892/20/2 2895/20/2
f 2885/20/2 2886/20/2 2896/20/2
f 2895/11/2 2883/11/2 2896/11/2
f 2884/20/2 2885/20/2 2896/20/2
f 2883/20/2 2884/20/2 2896/20/2
f 2893/20/2 2894/20/2 2897/20/2
f 2894/20/2 2895/20/2 2897/20/2
f 2895/20/2 2896/20/2 2897/20/2
f 2896/20/2 2886/20/2 2898/20/2
f 2897/20/2 2896/20/2 2898/20/2
f 2899/2/2 2900/2/2 2903/2/2
f 2903/2/2 2900/2/2 2904/2/2
f 2901/2/2 2902/2/2 2905/2/2
f 2905/2/2 2902/2/2 2906/2/2
f 2903/16/2 2904/16/2 2907/16/2
f 2907/16/2 2904/16/2 2908/16/2
f 2905/16/2 2906/16/2 2909/16/2
f 2909/16/2 2906/16/2 2910/16/2
f 2907/5/2 2908/5/2 2911/5/2
f 2911/5/2 2908/5/2 2912/5/2
f 2909/7/2 2910/7/2 2913/7/2
f 2913/7/2 2910/7/2 2914/7/2
f 2911/6/2 2912/6/2 2915/6/2
f 2913/5/2 2914/5/2 2916/5/2
f 2916/5/2 2914/5/2 2917/5/2
f 2907/5/2 2911/5/2 2919/5/2
f 2911/6/2 2915/6/2 2920/6/2
f 2919/5/2 2911/5/2 2920/5/2
f 2920/6/2 2915/6/2 2921/6/2
f 2916/7/2 2917/7/2 2922/7/2
f 2922/7/2 2917/7/2 2923/7/2
f 2918/6/2 2919/6/2 2925/6/2
f 2925/6/2 2919/6/2 2926/6/2
f 2923/6/2 2924/6/2 2927/6/2
f 2927/6/2 2924/6/2 2928/6/2
f 2929/7/2 2930/7/2 2934/7/2
f 2934/7/2 2930/7/2 2935/7/2
f 2931/6/2 2932/6/2 2936/6/2
f 2936/6/2 2932/6/2 2937/6/2
f 2933/7/2 2934/7/2 2939/7/2
f 2939/7/2 2934/7/2 2940/7/2
f 2937/7/2 2938/7/2 2941/7/2
f 2941/7/2 2938/7/2 2942/7/2
f 2939/16/2 2940/16/2 2943/16/2
f 2939/16/2 2943/16/2 2944/16/2
f 2944/16/2 2943/16/2 2945/16/2
f 2941/16/2 2942/16/2 2946/16/2
f 2946/16/2 2942/16/2 2947/16/2
f 2944/7/2 2945/7/2 2948/7/2
f 2948/7/2 2945/7/2 2949/7/2
f 2946/7/2 2947/7/2 2950/7/2
f 2950/7/2 2947/7/2 2951/7/2
f 2948/2/2 2949/2/2 2953/2/2
f 2953/2/2 2949/2/2 2954/2/2
f 2950/1/2 2951/1/2 2955/1/2
f 2955/1/2 2951/1/2 2956/1/2
f 2952/24/2 2953/24/2 2958/24/2
f 2958/24/2 2953/24/2 2959/24/2
f 2956/24/2 2957/24/2 2962/24/2
f 2962/24/2 2957/24/2 2963/24/2
f 2959/12/2 2960/12/2 2964/12/2
f 2964/12/2 2960/12/2 2965/12/2
f 2961/12/2 2962/12/2 2968/12/2
f 2968/12/2 2962/12/2 2969/12/2
f 2965/7/2 2966/7/2 2970/7/2
f 2970/7/2 2966/7/2 2971/7/2
f 2967/7/2 2968/7/2 2974/7/2
f 2974/7/2 2968/7/2 2975/7/2
f 2971/7/2 2972/7/2 2976/7/2
f 2976/7/2 2972/7/2 2977/7/2
f 2973/7/2 2974/7/2 2982/7/2
f 2982/7/2 2974/7/2 2983/7/2
f 2978/6/2 2979/6/2 2984/6/2
f 2984/6/2 2979/6/2 2985/6/2
f 2980/6/2 2981/6/2 2986/6/2
f 2986/6/2 2981/6/2 2987/6/2
f 2988/27/2 2989/27/2 2993/27/2
f 2993/27/2 2989/27/2 2994/27/2
f 2990/27/2 2991/27/2 2995/27/2
f 2995/27/2 2991/27/2 2996/27/2
f 2992/20/2 2993/20/2 2997/20/2
f 2993/11/2 2994/11/2 2998/11/2
f 2997/20/2 2993/20/2 2998/20/2
f 2998/11/2 2994/11/2 2999/11/2
f 2999/11/2 2994/11/2 3000/11/2
f 2995/11/2 2996/11/2 3001/11/2
f 3001/11/2 2996/11/2 3002/11/2
f 2998/11/2 2999/11/2 3004/11/2
f 3004/11/2 2999/11/2 3005/11/2
f 3003/20/2 3004/20/2 3008/20/2
f 3005/11/2 3006/11/2 3009/11/2
f 3004/11/2 3005/11/2 3009/11/2
f 3008/20/2 3004/20/2 3009/20/2
f 3009/11/2 3006/11/2 3010/11/2
f 3010/11/2 3006/11/2 3011/11/2
f 3007/11/2 3008/11/2 3018/11/2
f 3018/11/2 3008/11/2 3019/11/2
f 3012/20/2 3013/20/2 3022/20/2
f 3022/20/2 3013/20/2 3023/20/2
f 3014/20/2 3015/20/2 3024/20/2
f 3024/20/2 3015/20/2 3025/20/2
f 3025/20/2 3015/20/2 3026/20/2
f 3016/20/2 3017/20/2 3027/20/2
f 3027/20/2 3017/20/2 3028/20/2
f 3028/20/2 3017/20/2 3029/20/2
f 3019/20/2 3020/20/2 3030/20/2
f 3018/20/2 3019/20/2 3030/20/2
f 3030/20/2 3020/20/2 3031/20/2
f 3031/20/2 3020/20/2 3032/20/2
f 3021/20/2 3022/20/2 3034/20/2
f 3034/20/2 3022/20/2 3035/20/2
f 3025/20/2 3026/20/2 3036/20/2
f 3027/20/2 3028/20/2 3036/20/2
f 3026/20/2 3027/20/2 3036/20/2
f 3036/20/2 3028/20/2 3037/20/2
f 3037/20/2 3028/20/2 3038/20/2
f 3038/20/2 3028/20/2 3039/20/2
f 3030/24/2 3031/24/2 3040/24/2
f 3031/20/2 3032/20/2 3040/20/2
f 3032/24/2 3033/24/2 3041/24/2
f 3040/20/2 3032/20/2 3041/20/2
f 3037/20/2 3038/20/2 3042/20/2
f 3038/24/2 3039/24/2 3043/24/2
f 3042/20/2 3038/20/2 3043/20/2
f 3043/24/2 3039/24/2 3044/24/2
f 3030/24/2 3040/24/2 3046/24/2
f 3040/24/2 3041/24/2 3046/24/2
f 3033/20/2 3034/20/2 3047/20/2
f 3041/24/2 3033/24/2 3047/24/2
f 3046/24/2 3041/24/2 3047/24/2
f 3047/20/2 3034/20/2 3048/20/2
f 3049/24/2 3050/24/2 3051/24/2
f 3051/24/2 3050/24/2 3052/24/2
f 3045/24/2 3046/24/2 3053/24/2
f 3046/24/2 3047/24/2 3053/24/2
f 3053/24/2 3047/24/2 3054/24/2
f 3055/15/2 3056/15/2 3058/15/2
f 3058/15/2 3056/15/2 3059/15/2
f 3057/15/2 3058/15/2 3060/15/2
f 3060/15/2 3058/15/2 3061/15/2
f 3058/4/2 3059/4/2 3062/4/2
f 3061/15/2 3058/15/2 3062/15/2
f 3062/4/2 3059/4/2 3063/4/2
f 3060/3/2 3061/3/2 3064/3/2
f 3064/3/2 3061/3/2 3065/3/2
f 3066/3/2 3067/3/2 3068/3/2
f 3068/3/2 3067/3/2 3069/3/2
f 3070/2/2 3071/2/2 3073/2/2
f 3073/2/2 3071/2/2 3074/2/2
f 3072/2/2 3073/2/2 3076/2/2
f 3076/2/2 3073/2/2 3077/2/2
f 3077/2/2 3073/2/2 3078/2/2
f 3074/2/2 3075/2/2 3079/2/2
f 3079/2/2 3075/2/2 3080/2/2
f 3076/16/2 3077/16/2 3081/16/2
f 3077/7/2 3078/7/2 3082/7/2
f 3081/16/2 3077/16/2 3082/16/2
f 3079/16/2 3080/16/2 3083/16/2
f 3083/16/2 3080/16/2 3084/16/2
f 3081/7/2 3082/7/2 3085/7/2
f 3082/7/2 3078/7/2 3086/7/2
f 3085/7/2 3082/7/2 3086/7/2
f 3085/6/2 3086/6/2 3087/6/2
f 3087/6/2 3086/6/2 3088/6/2
f 3087/7/2 3088/7/2 3090/7/2
f 3090/7/2 3088/7/2 3091/7/2
f 3091/7/2 3088/7/2 3092/7/2
f 3083/7/2 3084/7/2 3093/7/2
f 3093/7/2 3084/7/2 3094/7/2
f 3089/6/2 3090/6/2 3096/6/2
f 3089/6/2 3096/6/2 3098/6/2
f 3098/6/2 3096/6/2 3099/6/2
f 3094/6/2 3095/6/2 3100/6/2
f 3100/6/2 3095/6/2 3101/6/2
f 3101/6/2 3102/6/2 3103/6/2
f 3103/6/2 3102/6/2 3104/6/2
f 3097/6/2 3098/6/2 3106/6/2
f 3106/6/2 3098/6/2 3107/6/2
f 3103/5/2 3104/5/2 3108/5/2
f 3108/5/2 3104/5/2 3109/5/2
f 3105/7/2 3106/7/2 3111/7/2
f 3111/7/2 3106/7/2 3112/7/2
f 3109/7/2 3110/7/2 3113/7/2
f 3113/7/2 3110/7/2 3114/7/2
f 3111/16/2 3112/16/2 3115/16/2
f 3115/16/2 3112/16/2 3116/16/2
f 3115/7/2 3116/7/2 3117/7/2
f 3117/7/2 3116/7/2 3118/7/2
f 3113/16/2 3114/16/2 3119/16/2
f 3119/16/2 3114/16/2 3120/16/2
f 3117/5/2 3118/5/2 3121/5/2
f 3121/5/2 3118/5/2 3122/5/2
f 3119/5/2 3120/5/2 3123/5/2
f 3123/5/2 3120/5/2 3124/5/2
f 3121/2/2 3122/2/2 3126/2/2
f 3126/2/2 3122/2/2 3127/2/2
f 3123/1/2 3124/1/2 3128/1/2
f 3128/1/2 3124/1/2 3129/1/2
f 3125/24/2 3126/24/2 3131/24/2
f 3131/24/2 3126/24/2 3132/24/2
f 3129/24/2 3130/24/2 3135/24/2
f 3135/24/2 3130/24/2 3136/24/2
f 3132/12/2 3133/12/2 3137/12/2
f 3137/12/2 3133/12/2 3138/12/2
f 3134/12/2 3135/12/2 3142/12/2
f 3142/12/2 3135/12/2 3143/12/2
f 3138/7/2 3139/7/2 3144/7/2
f 3144/7/2 3139/7/2 3145/7/2
f 3145/7/2 3139/7/2 3146/7/2
f 3140/6/2 3141/6/2 3152/6/2
f 3141/7/2 3142/7/2 3153/7/2
f 3152/6/2 3141/6/2 3153/6/2
f 3153/7/2 3142/7/2 3154/7/2
f 3145/7/2 3146/7/2 3155/7/2
f 3146/7/2 3147/7/2 3155/7/2
f 3147/6/2 3148/6/2 3156/6/2
f 3155/7/2 3147/7/2 3156/7/2
f 3148/6/2 3149/6/2 3156/6/2
f 3156/6/2 3149/6/2 3157/6/2
f 3149/12/2 3150/12/2 3158/12/2
f 3157/6/2 3149/6/2 3158/6/2
f 3158/12/2 3150/12/2 3159/12/2
f 3151/6/2 3152/6/2 3160/6/2
f 3160/6/2 3152/6/2 3161/6/2
f 3152/7/2 3153/7/2 3162/7/2
f 3161/6/2 3152/6/2 3162/6/2
f 3162/7/2 3153/7/2 3163/7/2
f 3158/6/2 3159/6/2 3164/6/2
f 3159/6/2 3160/6/2 3164/6/2
f 3160/6/2 3161/6/2 3164/6/2
f 3157/6/2 3158/6/2 3164/6/2
f 3164/6/2 3161/6/2 3165/6/2
f 3166/20/2 3167/20/2 3172/20/2
f 3172/20/2 3167/20/2 3173/20/2
f 3167/11/2 3168/11/2 3174/11/2
f 3168/20/2 3169/20/2 3174/20/2
f 3174/20/2 3169/20/2 3175/20/2
f 3170/20/2 3171/20/2 3176/20/2
f 3176/20/2 3171/20/2 3177/20/2
f 3173/20/2 3167/20/2 3178/20/2
f 3167/11/2 3174/11/2 3179/11/2
f 3178/20/2 3167/20/2 3179/20/2
f 3179/11/2 3174/11/2 3180/11/2
f 3181/16/2 3182/16/2 3183/16/2
f 3183/16/2 3182/16/2 3184/16/2
f 3183/7/2 3184/7/2 3185/7/2
f 3185/7/2 3184/7/2 3186/7/2
f 3184/16/2 3182/16/2 3187/16/2
f 3186/7/2 3184/7/2 3187/7/2
f 3187/16/2 3182/16/2 3188/16/2
f 3183/7/2 3185/7/2 3189/7/2
f 3185/6/2 3186/6/2 3190/6/2
f 3189/7/2 3185/7/2 3190/7/2
f 3189/6/2 3190/6/2 3191/6/2
f 3186/7/2 3187/7/2 3192/7/2
f 3191/6/2 3190/6/2 3192/6/2
f 3187/7/2 3188/7/2 3192/7/2
f 3190/6/2 3186/6/2 3192/6/2
f 3191/7/2 3192/7/2 3195/7/2
f 3192/7/2 3188/7/2 3196/7/2
f 3195/7/2 3192/7/2 3196/7/2
f 3193/6/2 3194/6/2 3198/6/2
f 3194/7/2 3195/7/2 3199/7/2
f 3198/6/2 3194/6/2 3199/6/2
f 3199/7/2 3195/7/2 3200/7/2
f 3196/6/2 3197/6/2 3201/6/2
f 3199/6/2 3200/6/2 3202/6/2
f 3198/7/2 3199/7/2 3202/7/2
f 3202/6/2 3200/6/2 3203/6/2
f 3198/7/2 3202/7/2 3205/7/2
f 3202/7/2 3203/7/2 3205/7/2
f 3205/7/2 3203/7/2 3206/7/2
f 3206/7/2 3203/7/2 3207/7/2
f 3201/6/2 3197/6/2 3208/6/2
f 3208/6/2 3197/6/2 3209/6/2
f 3209/6/2 3210/6/2 3211/6/2
f 3211/6/2 3210/6/2 3212/6/2
f 3204/6/2 3205/6/2 3214/6/2
f 3214/6/2 3205/6/2 3215/6/2
f 3215/6/2 3205/6/2 3216/6/2
f 3211/5/2 3212/5/2 3217/5/2
f 3212/6/2 3210/6/2 3218/6/2
f 3217/5/2 3212/5/2 3218/5/2
f 3218/6/2 3210/6/2 3219/6/2
f 3219/7/2 3220/7/2 3221/7/2
f 3221/7/2 3220/7/2 3222/7/2
f 3213/16/2 3214/16/2 3223/16/2
f 3223/16/2 3214/16/2 3224/16/2
f 3223/7/2 3224/7/2 3225/7/2
f 3225/7/2 3224/7/2 3226/7/2
f 3221/16/2 3222/16/2 3227/16/2
f 3227/16/2 3222/16/2 3228/16/2
f 3225/2/2 3226/2/2 3229/2/2
f 3229/2/2 3226/2/2 3230/2/2
f 3227/2/2 3228/2/2 3231/2/2
f 3231/2/2 3228/2/2 3232/2/2
f 3229/24/2 3230/24/2 3234/24/2
f 3234/24/2 3230/24/2 3235/24/2
f 3231/24/2 3232/24/2 3236/24/2
f 3236/24/2 3232/24/2 3237/24/2
f 3233/12/2 3234/12/2 3239/12/2
f 3239/12/2 3234/12/2 3240/12/2
f 3237/24/2 3238/24/2 3244/24/2
f 3244/24/2 3238/24/2 3245/24/2
f 3240/7/2 3241/7/2 3246/7/2
f 3246/7/2 3241/7/2 3247/7/2
f 3242/7/2 3243/7/2 3252/7/2
f 3243/12/2 3244/12/2 3253/12/2
f 3252/7/2 3243/7/2 3253/7/2
f 3253/12/2 3244/12/2 3254/12/2
f 3247/8/2 3248/8/2 3255/8/2
f 3248/7/2 3249/7/2 3256/7/2
f 3255/8/2 3248/8/2 3256/8/2
f 3256/7/2 3249/7/2 3257/7/2
f 3250/6/2 3251/6/2 3260/6/2
f 3251/6/2 3252/6/2 3260/6/2
f 3260/6/2 3252/6/2 3261/6/2
f 3258/6/2 3259/6/2 3262/6/2
f 3262/6/2 3259/6/2 3263/6/2
f 3264/7/2 3265/7/2 3266/7/2
f 3266/7/2 3265/7/2 3267/7/2
f 3264/7/2 3266/7/2 3270/7/2
f 3266/6/2 3267/6/2 3271/6/2
f 3270/7/2 3266/7/2 3271/7/2
f 3271/6/2 3267/6/2 3272/6/2
f 3269/5/2 3270/5/2 3274/5/2
f 3268/6/2 3269/6/2 3277/6/2
f 3269/5/2 3274/5/2 3278/5/2
f 3277/6/2 3269/6/2 3278/6/2
f 3278/5/2 3274/5/2 3279/5/2
f 3272/6/2 3273/6/2 3280/6/2
f 3280/6/2 3273/6/2 3281/6/2
f 3275/16/2 3276/16/2 3283/16/2
f 3276/5/2 3277/5/2 3283/5/2
f 3283/5/2 3277/5/2 3284/5/2
f 3281/7/2 3282/7/2 3285/7/2
f 3285/7/2 3282/7/2 3286/7/2
f 3283/16/2 3284/16/2 3287/16/2
f 3275/16/2 3283/16/2 3287/16/2
f 3287/16/2 3284/16/2 3288/16/2
f 3287/7/2 3288/7/2 3289/7/2
f 3289/7/2 3288/7/2 3290/7/2
f 3285/16/2 3286/16/2 3291/16/2
f 3291/16/2 3286/16/2 3292/16/2
f 3289/2/2 3290/2/2 3293/2/2
f 3293/2/2 3290/2/2 3294/2/2
f 3291/2/2 3292/2/2 3295/2/2
f 3295/2/2 3292/2/2 3296/2/2
f 3293/24/2 3294/24/2 3298/24/2
f 3298/24/2 3294/24/2 3299/24/2
f 3299/24/2 3294/24/2 3300/24/2
f 3295/24/2 3296/24/2 3301/24/2
f 3301/24/2 3296/24/2 3302/24/2
f 3302/24/2 3296/24/2 3303/24/2
f 3298/12/2 3299/12/2 3305/12/2
f 3297/12/2 3298/12/2 3305/12/2
f 3305/12/2 3299/12/2 3306/12/2
f 3302/12/2 3303/12/2 3309/12/2
f 3303/12/2 3304/12/2 3309/12/2
f 3309/12/2 3304/12/2 3310/12/2
f 3306/8/2 3307/8/2 3311/8/2
f 3311/8/2 3307/8/2 3312/8/2
f 3308/7/2 3309/7/2 3319/7/2
f 3319/7/2 3309/7/2 3320/7/2
f 3313/7/2 3314/7/2 3321/7/2
f 3314/6/2 3315/6/2 3322/6/2
f 3321/7/2 3314/7/2 3322/7/2
f 3315/6/2 3316/6/2 3322/6/2
f 3322/6/2 3316/6/2 3323/6/2
f 3317/6/2 3318/6/2 3324/6/2
f 3324/6/2 3318/6/2 3325/6/2
f 3326/7/2 3327/7/2 3329/7/2
f 3327/6/2 3328/6/2 3330/6/2
f 3329/7/2 3327/7/2 3330/7/2
f 3329/6/2 3330/6/2 3332/6/2
f 3330/6/2 3328/6/2 3333/6/2
f 3332/6/2 3330/6/2 3333/6/2
f 3331/5/2 3332/5/2 3335/5/2
f 3335/5/2 3332/5/2 3336/5/2
f 3333/6/2 3334/6/2 3337/6/2
f 3337/6/2 3334/6/2 3338/6/2
f 3335/16/2 3336/16/2 3339/16/2
f 3339/16/2 3336/16/2 3340/16/2
f 3339/5/2 3340/5/2 3341/5/2
f 3341/5/2 3340/5/2 3342/5/2
f 3337/16/2 3338/16/2 3343/16/2
f 3343/16/2 3338/16/2 3344/16/2
f 3341/2/2 3342/2/2 3345/2/2
f 3345/2/2 3342/2/2 3346/2/2
f 3343/2/2 3344/2/2 3347/2/2
f 3347/2/2 3344/2/2 3348/2/2
f 3345/24/2 3346/24/2 3350/24/2
f 3350/24/2 3346/24/2 3351/24/2
f 3351/24/2 3346/24/2 3352/24/2
f 3347/24/2 3348/24/2 3353/24/2
f 3353/24/2 3348/24/2 3354/24/2
f 3354/24/2 3348/24/2 3355/24/2
f 3349/12/2 3350/12/2 3357/12/2
f 3350/16/2 3351/16/2 3358/16/2
f 3357/12/2 3350/12/2 3358/12/2
f 3358/16/2 3351/16/2 3359/16/2
f 3354/12/2 3355/12/2 3364/12/2
f 3355/12/2 3356/12/2 3364/12/2
f 3364/12/2 3356/12/2 3365/12/2
f 3365/12/2 3356/12/2 3366/12/2
f 3358/8/2 3359/8/2 3367/8/2
f 3359/8/2 3360/8/2 3367/8/2
f 3360/7/2 3361/7/2 3368/7/2
f 3367/8/2 3360/8/2 3368/8/2
f 3368/7/2 3361/7/2 3369/7/2
f 3362/6/2 3363/6/2 3372/6/2
f 3364/6/2 3365/6/2 3372/6/2
f 3363/6/2 3364/6/2 3372/6/2
f 3372/6/2 3365/6/2 3373/6/2
f 3370/6/2 3371/6/2 3374/6/2
f 3374/6/2 3371/6/2 3375/6/2
f 3376/6/2 3377/6/2 3378/6/2
f 3378/6/2 3377/6/2 3379/6/2
f 3378/16/2 3379/16/2 3380/16/2
f 3380/16/2 3379/16/2 3381/16/2
f 3381/16/2 3379/16/2 3382/16/2
f 3378/16/2 3380/16/2 3383/16/2
f 3380/5/2 3381/5/2 3384/5/2
f 3383/16/2 3380/16/2 3384/16/2
f 3381/7/2 3382/7/2 3385/7/2
f 3384/5/2 3381/5/2 3385/5/2
f 3382/16/2 3379/16/2 3386/16/2
f 3385/7/2 3382/7/2 3386/7/2
f 3386/16/2 3379/16/2 3387/16/2
f 3384/2/2 3385/2/2 3388/2/2
f 3383/2/2 3384/2/2 3388/2/2
f 3386/2/2 3387/2/2 3388/2/2
f 3385/2/2 3386/2/2 3388/2/2
f 3388/2/2 3387/2/2 3389/2/2
f 3388/24/2 3389/24/2 3391/24/2
f 3391/24/2 3389/24/2 3392/24/2
f 3392/24/2 3389/24/2 3393/24/2
f 3393/24/2 3389/24/2 3394/24/2
f 3394/24/2 3389/24/2 3395/24/2
f 3395/24/2 3389/24/2 3396/24/2
f 3390/12/2 3391/12/2 3398/12/2
f 3391/7/2 3392/7/2 3399/7/2
f 3398/12/2 3391/12/2 3399/12/2
f 3392/12/2 3393/12/2 3400/12/2
f 3399/7/2 3392/7/2 3400/7/2
f 3400/12/2 3393/12/2 3401/12/2
f 3395/16/2 3396/16/2 3403/16/2
f 3403/16/2 3396/16/2 3404/16/2
f 3396/12/2 3397/12/2 3405/12/2
f 3404/16/2 3396/16/2 3405/16/2
f 3405/12/2 3397/12/2 3406/12/2
f 3401/7/2 3402/7/2 3407/7/2
f 3403/7/2 3404/7/2 3407/7/2
f 3402/7/2 3403/7/2 3407/7/2
f 3400/7/2 3401/7/2 3407/7/2
f 3407/7/2 3404/7/2 3408/7/2
f 3409/12/2 3410/12/2 3412/12/2
f 3410/16/2 3411/16/2 3413/16/2
f 3412/12/2 3410/12/2 3413/12/2
f 3413/16/2 3411/16/2 3414/16/2
f 3418/15/3 3416/15/3 3415/15/3
f 3419/15/3 3416/15/3 3418/15/3
f 3420/15/3 3416/15/3 3419/15/3
f 3422/15/3 3418/15/3 3417/15/3
f 3423/3/3 3419/3/3 3418/3/3
f 3423/15/3 3418/15/3 3422/15/3
f 3424/3/3 3419/3/3 3423/3/3
f 3425/4/3 3422/4/3 3421/4/3
f 3425/4/3 3423/4/3 3422/4/3
f 3425/4/3 3424/4/3 3423/4/3
f 3426/4/3 3424/4/3 3425/4/3
f 3431/6/3 3428/6/3 3427/6/3
f 3432/16/3 3429/16/3 3428/16/3
f 3432/6/3 3428/6/3 3431/6/3
f 3433/16/3 3429/16/3 3432/16/3
f 3434/5/3 3430/5/3 3429/5/3
f 3434/16/3 3429/16/3 3433/16/3
f 3435/5/3 3430/5/3 3434/5/3
f 3437/6/3 3431/6/3 3427/6/3
f 3438/12/3 3432/12/3 3431/12/3
f 3438/6/3 3431/6/3 3437/6/3
f 3439/24/3 3436/24/3 3435/24/3
f 3441/12/3 3438/12/3 3437/12/3
f 3442/12/3 3432/12/3 3438/12/3
f 3442/12/3 3438/12/3 3441/12/3
f 3443/16/3 3433/16/3 3432/16/3
f 3443/12/3 3432/12/3 3442/12/3
f 3444/12/3 3434/12/3 3433/12/3
f 3444/16/3 3433/16/3 3443/16/3
f 3445/2/3 3435/2/3 3434/2/3
f 3445/12/3 3434/12/3 3444/12/3
f 3446/24/3 3440/24/3 3439/24/3
f 3446/24/3 3439/24/3 3435/24/3
f 3447/24/3 3440/24/3 3446/24/3
f 3448/7/3 3442/7/3 3441/7/3
f 3449/7/3 3442/7/3 3448/7/3
f 3450/24/3 3446/24/3 3435/24/3
f 3450/12/3 3447/12/3 3446/12/3
f 3451/12/3 3447/12/3 3450/12/3
f 3452/7/3 3442/7/3 3449/7/3
f 3453/16/3 3443/16/3 3442/16/3
f 3453/7/3 3442/7/3 3452/7/3
f 3453/16/3 3444/16/3 3443/16/3
f 3454/7/3 3445/7/3 3444/7/3
f 3454/16/3 3444/16/3 3453/16/3
f 3455/2/3 3435/2/3 3445/2/3
f 3455/7/3 3445/7/3 3454/7/3
f 3456/24/3 3450/24/3 3435/24/3
f 3456/2/3 3435/2/3 3455/2/3
f 3457/24/3 3450/24/3 3456/24/3
f 3462/15/3 3459/15/3 3458/15/3
f 3463/15/3 3459/15/3 3462/15/3
f 3466/15/3 3461/15/3 3460/15/3
f 3467/15/3 3461/15/3 3466/15/3
f 3469/3/3 3464/3/3 3463/3/3
f 3471/15/3 3466/15/3 3465/15/3
f 3472/15/3 3466/15/3 3471/15/3
f 3473/3/3 3469/3/3 3468/3/3
f 3474/15/3 3471/15/3 3470/15/3
f 3475/15/3 3471/15/3 3474/15/3
f 3476/3/3 3469/3/3 3473/3/3
f 3477/3/3 3464/3/3 3469/3/3
f 3477/3/3 3469/3/3 3476/3/3
f 3478/3/3 3464/3/3 3477/3/3
f 3481/4/3 3475/4/3 3474/4/3
f 3481/4/3 3476/4/3 3475/4/3
f 3481/4/3 3477/4/3 3476/4/3
f 3482/4/3 3477/4/3 3481/4/3
f 3483/5/3 3480/5/3 3479/5/3
f 3492/5/3 3483/5/3 3479/5/3
f 3492/5/3 3484/5/3 3483/5/3
f 3493/16/3 3485/16/3 3484/16/3
f 3493/5/3 3484/5/3 3492/5/3
f 3494/6/3 3486/6/3 3485/6/3
f 3494/16/3 3485/16/3 3493/16/3
f 3495/2/3 3487/2/3 3486/2/3
f 3495/6/3 3486/6/3 3494/6/3
f 3496/2/3 3487/2/3 3495/2/3
f 3499/2/3 3489/2/3 3488/2/3
f 3500/16/3 3490/16/3 3489/16/3
f 3500/2/3 3489/2/3 3499/2/3
f 3501/7/3 3491/7/3 3490/7/3
f 3503/6/3 3493/6/3 3492/6/3
f 3504/16/3 3494/16/3 3493/16/3
f 3504/6/3 3493/6/3 3503/6/3
f 3505/5/3 3495/5/3 3494/5/3
f 3505/16/3 3494/16/3 3504/16/3
f 3506/2/3 3496/2/3 3495/2/3
f 3506/5/3 3495/5/3 3505/5/3
f 3507/24/3 3497/24/3 3496/24/3
f 3509/6/3 3503/6/3 3502/6/3
f 3510/12/3 3504/12/3 3503/12/3
f 3510/6/3 3503/6/3 3509/6/3
f 3511/12/3 3504/12/3 3510/12/3
f 3512/16/3 3505/16/3 3504/16/3
f 3512/12/3 3504/12/3 3511/12/3
f 3513/12/3 3506/12/3 3505/12/3
f 3513/16/3 3505/16/3 3512/16/3
f 3514/2/3 3496/2/3 3506/2/3
f 3514/12/3 3506/12/3 3513/12/3
f 3515/7/3 3502/7/3 3501/7/3
f 3515/7/3 3501/7/3 3490/7/3
f 3516/6/3 3509/6/3 3502/6/3
f 3516/7/3 3502/7/3 3515/7/3
f 3517/2/3 3496/2/3 3514/2/3
f 3518/24/3 3507/24/3 3496/24/3
f 3518/2/3 3496/2/3 3517/2/3
f 3519/16/3 3508/16/3 3507/16/3
f 3519/24/3 3507/24/3 3518/24/3
f 3520/16/3 3508/16/3 3519/16/3
f 3521/16/3 3490/16/3 3500/16/3
f 3521/16/3 3500/16/3 3499/16/3
f 3522/7/3 3515/7/3 3490/7/3
f 3522/16/3 3490/16/3 3521/16/3
f 3523/6/3 3516/6/3 3515/6/3
f 3523/7/3 3515/7/3 3522/7/3
f 3524/6/3 3509/6/3 3516/6/3
f 3524/6/3 3516/6/3 3523/6/3
f 3525/6/3 3509/6/3 3524/6/3
f 3526/6/3 3523/6/3 3522/6/3
f 3526/6/3 3522/6/3 3521/6/3
f 3526/7/3 3524/7/3 3523/7/3
f 3527/12/3 3525/12/3 3524/12/3
f 3527/7/3 3524/7/3 3526/7/3
f 3528/12/3 3525/12/3 3527/12/3
f 3529/12/3 3520/12/3 3519/12/3
f 3529/12/3 3519/12/3 3518/12/3
f 3530/12/3 3520/12/3 3529/12/3
f 3531/12/3 3520/12/3 3530/12/3
f 3532/2/3 3499/2/3 3498/2/3
f 3533/16/3 3521/16/3 3499/16/3
f 3533/2/3 3499/2/3 3532/2/3
f 3534/6/3 3527/6/3 3526/6/3
f 3534/16/3 3521/16/3 3533/16/3
f 3534/6/3 3526/6/3 3521/6/3
f 3535/6/3 3527/6/3 3534/6/3
f 3536/7/3 3528/7/3 3527/7/3
f 3537/6/3 3531/6/3 3530/6/3
f 3541/6/3 3527/6/3 3535/6/3
f 3542/7/3 3536/7/3 3527/7/3
f 3542/6/3 3527/6/3 3541/6/3
f 3543/7/3 3536/7/3 3542/7/3
f 3544/7/3 3536/7/3 3543/7/3
f 3547/6/3 3531/6/3 3537/6/3
f 3548/6/3 3531/6/3 3547/6/3
f 3549/15/3 3539/15/3 3538/15/3
f 3550/4/3 3540/4/3 3539/4/3
f 3550/15/3 3539/15/3 3549/15/3
f 3551/4/3 3540/4/3 3550/4/3
f 3552/7/3 3545/7/3 3544/7/3
f 3552/7/3 3544/7/3 3543/7/3
f 3557/7/3 3548/7/3 3547/7/3
f 3557/7/3 3547/7/3 3546/7/3
f 3558/7/3 3548/7/3 3557/7/3
f 3559/7/3 3548/7/3 3558/7/3
f 3560/7/3 3552/7/3 3543/7/3
f 3560/7/3 3553/7/3 3552/7/3
f 3561/16/3 3554/16/3 3553/16/3
f 3561/7/3 3553/7/3 3560/7/3
f 3562/16/3 3554/16/3 3561/16/3
f 3563/2/3 3555/2/3 3554/2/3
f 3563/16/3 3554/16/3 3562/16/3
f 3564/7/3 3558/7/3 3557/7/3
f 3564/16/3 3557/16/3 3556/16/3
f 3565/7/3 3558/7/3 3564/7/3
f 3566/15/3 3551/15/3 3550/15/3
f 3567/15/3 3551/15/3 3566/15/3
f 3569/7/3 3560/7/3 3543/7/3
f 3570/7/3 3560/7/3 3569/7/3
f 3571/24/3 3556/24/3 3555/24/3
f 3571/16/3 3564/16/3 3556/16/3
f 3572/16/3 3564/16/3 3571/16/3
f 3573/3/3 3568/3/3 3567/3/3
f 3574/3/3 3568/3/3 3573/3/3
f 3575/7/3 3560/7/3 3570/7/3
f 3576/16/3 3562/16/3 3561/16/3
f 3576/7/3 3560/7/3 3575/7/3
f 3576/16/3 3561/16/3 3560/16/3
f 3577/7/3 3563/7/3 3562/7/3
f 3577/16/3 3562/16/3 3576/16/3
f 3578/2/3 3555/2/3 3563/2/3
f 3578/7/3 3563/7/3 3577/7/3
f 3579/24/3 3571/24/3 3555/24/3
f 3579/2/3 3555/2/3 3578/2/3
f 3580/12/3 3572/12/3 3571/12/3
f 3580/24/3 3571/24/3 3579/24/3
f 3581/12/3 3572/12/3 3580/12/3
f 3582/24/3 3580/24/3 3579/24/3
f 3583/24/3 3580/24/3 3582/24/3
f 3587/15/3 3585/15/3 3584/15/3
f 3588/15/3 3585/15/3 3587/15/3
f 3592/15/3 3587/15/3 3586/15/3
f 3593/15/3 3587/15/3 3592/15/3
f 3594/3/3 3589/3/3 3588/3/3
f 3595/3/3 3589/3/3 3594/3/3
f 3598/15/3 3591/15/3 3590/15/3
f 3599/15/3 3591/15/3 3598/15/3
f 3600/3/3 3596/3/3 3595/3/3
f 3601/3/3 3596/3/3 3600/3/3
f 3602/15/3 3598/15/3 3597/15/3
f 3603/15/3 3598/15/3 3602/15/3
f 3604/15/3 3598/15/3 3603/15/3
f 3614/3/3 3606/3/3 3605/3/3
f 3615/6/3 3610/6/3 3609/6/3
f 3616/6/3 3610/6/3 3615/6/3
f 3618/27/3 3612/27/3 3611/27/3
f 3619/27/3 3612/27/3 3618/27/3
f 3625/3/3 3614/3/3 3613/3/3
f 3626/3/3 3606/3/3 3614/3/3
f 3626/3/3 3614/3/3 3625/3/3
f 3627/3/3 3606/3/3 3626/3/3
f 3631/16/3 3609/16/3 3608/16/3
f 3631/6/3 3615/6/3 3609/6/3
f 3632/7/3 3617/7/3 3616/7/3
f 3632/6/3 3615/6/3 3631/6/3
f 3632/7/3 3616/7/3 3615/7/3
f 3633/6/3 3618/6/3 3617/6/3
f 3633/7/3 3617/7/3 3632/7/3
f 3634/6/3 3618/6/3 3633/6/3
f 3635/27/3 3620/27/3 3619/27/3
f 3636/16/3 3621/16/3 3620/16/3
f 3636/27/3 3620/27/3 3635/27/3
f 3637/6/3 3622/6/3 3621/6/3
f 3637/16/3 3621/16/3 3636/16/3
f 3638/2/3 3623/2/3 3622/2/3
f 3638/6/3 3622/6/3 3637/6/3
f 3639/2/3 3623/2/3 3638/2/3
f 3641/4/3 3625/4/3 3624/4/3
f 3641/4/3 3626/4/3 3625/4/3
f 3642/4/3 3626/4/3 3641/4/3
f 3643/20/3 3630/20/3 3629/20/3
f 3643/12/3 3629/12/3 3628/12/3
f 3644/20/3 3630/20/3 3643/20/3
f 3645/2/3 3608/2/3 3607/2/3
f 3646/16/3 3631/16/3 3608/16/3
f 3646/2/3 3608/2/3 3645/2/3
f 3647/7/3 3633/7/3 3632/7/3
f 3647/16/3 3631/16/3 3646/16/3
f 3647/7/3 3632/7/3 3631/7/3
f 3648/7/3 3633/7/3 3647/7/3
f 3649/7/3 3633/7/3 3648/7/3
f 3650/5/3 3634/5/3 3633/5/3
f 3650/7/3 3633/7/3 3649/7/3
f 3651/5/3 3634/5/3 3650/5/3
f 3652/24/3 3640/24/3 3639/24/3
f 3653/24/3 3640/24/3 3652/24/3
f 3655/4/3 3626/4/3 3642/4/3
f 3656/4/3 3626/4/3 3655/4/3
f 3658/12/3 3643/12/3 3628/12/3
f 3659/11/3 3644/11/3 3643/11/3
f 3659/12/3 3643/12/3 3658/12/3
f 3660/24/3 3645/24/3 3644/24/3
f 3660/11/3 3644/11/3 3659/11/3
f 3661/24/3 3645/24/3 3660/24/3
f 3662/7/3 3649/7/3 3648/7/3
f 3663/6/3 3651/6/3 3650/6/3
f 3663/7/3 3649/7/3 3662/7/3
f 3663/6/3 3650/6/3 3649/6/3
f 3664/6/3 3651/6/3 3663/6/3
f 3665/16/3 3654/16/3 3653/16/3
f 3666/16/3 3654/16/3 3665/16/3
f 3668/16/3 3667/16/3 3666/16/3
f 3669/16/3 3667/16/3 3668/16/3
f 3670/11/3 3657/11/3 3656/11/3
f 3671/12/3 3658/12/3 3657/12/3
f 3671/11/3 3657/11/3 3670/11/3
f 3672/11/3 3659/11/3 3658/11/3
f 3672/20/3 3660/20/3 3659/20/3
f 3673/20/3 3660/20/3 3672/20/3
f 3674/8/3 3669/8/3 3668/8/3
f 3675/8/3 3669/8/3 3674/8/3
f 3676/12/3 3658/12/3 3671/12/3
f 3676/11/3 3672/11/3 3658/11/3
f 3677/24/3 3673/24/3 3672/24/3
f 3677/11/3 3672/11/3 3676/11/3
f 3678/12/3 3676/12/3 3671/12/3
f 3679/20/3 3677/20/3 3676/20/3
f 3679/12/3 3676/12/3 3678/12/3
f 3680/24/3 3673/24/3 3677/24/3
f 3680/20/3 3677/20/3 3679/20/3
f 3687/24/3 3673/24/3 3680/24/3
f 3688/24/3 3673/24/3 3687/24/3
f 3692/15/3 3684/15/3 3683/15/3
f 3693/3/3 3685/3/3 3684/3/3
f 3693/15/3 3684/15/3 3692/15/3
f 3694/4/3 3686/4/3 3685/4/3
f 3694/3/3 3685/3/3 3693/3/3
f 3695/4/3 3686/4/3 3694/4/3
f 3696/6/3 3691/6/3 3690/6/3
f 3696/6/3 3690/6/3 3689/6/3
f 3699/6/3 3682/6/3 3681/6/3
f 3700/6/3 3682/6/3 3699/6/3
f 3703/4/3 3686/4/3 3695/4/3
f 3704/15/3 3702/15/3 3701/15/3
f 3705/15/3 3702/15/3 3704/15/3
f 3706/4/3 3686/4/3 3703/4/3
f 3707/4/3 3686/4/3 3706/4/3
f 3708/4/3 3686/4/3 3707/4/3
f 3710/2/3 3688/2/3 3687/2/3
f 3711/16/3 3689/16/3 3688/16/3
f 3711/2/3 3688/2/3 3710/2/3
f 3712/6/3 3698/6/3 3697/6/3
f 3712/16/3 3689/16/3 3711/16/3
f 3712/6/3 3697/6/3 3696/6/3
f 3712/6/3 3696/6/3 3689/6/3
f 3713/6/3 3698/6/3 3712/6/3
f 3717/3/3 3707/3/3 3706/3/3
f 3718/4/3 3709/4/3 3708/4/3
f 3718/4/3 3708/4/3 3707/4/3
f 3718/3/3 3707/3/3 3717/3/3
f 3719/4/3 3709/4/3 3718/4/3
f 3720/6/3 3698/6/3 3713/6/3
f 3721/6/3 3698/6/3 3720/6/3
f 3723/7/3 3715/7/3 3714/7/3
f 3726/15/3 3717/15/3 3716/15/3
f 3727/15/3 3717/15/3 3726/15/3
f 3728/4/3 3709/4/3 3719/4/3
f 3729/4/3 3709/4/3 3728/4/3
f 3730/7/3 3722/7/3 3721/7/3
f 3731/7/3 3722/7/3 3730/7/3
f 3737/7/3 3715/7/3 3723/7/3
f 3738/7/3 3715/7/3 3737/7/3
f 3739/24/3 3725/24/3 3724/24/3
f 3740/24/3 3725/24/3 3739/24/3
f 3741/7/3 3732/7/3 3731/7/3
f 3742/16/3 3733/16/3 3732/16/3
f 3742/7/3 3732/7/3 3741/7/3
f 3743/7/3 3734/7/3 3733/7/3
f 3743/16/3 3733/16/3 3742/16/3
f 3744/2/3 3735/2/3 3734/2/3
f 3744/7/3 3734/7/3 3743/7/3
f 3745/2/3 3735/2/3 3744/2/3
f 3746/12/3 3737/12/3 3736/12/3
f 3747/12/3 3737/12/3 3746/12/3
f 3748/24/3 3746/24/3 3745/24/3
f 3749/24/3 3746/24/3 3748/24/3
f 3753/15/3 3751/15/3 3750/15/3
f 3754/15/3 3751/15/3 3753/15/3
f 3757/15/3 3753/15/3 3752/15/3
f 3758/15/3 3753/15/3 3757/15/3
f 3759/3/3 3755/3/3 3754/3/3
f 3760/3/3 3755/3/3 3759/3/3
f 3764/15/3 3757/15/3 3756/15/3
f 3765/15/3 3757/15/3 3764/15/3
f 3766/3/3 3761/3/3 3760/3/3
f 3767/3/3 3761/3/3 3766/3/3
f 3769/15/3 3763/15/3 3762/15/3
f 3770/15/3 3763/15/3 3769/15/3
f 3780/15/3 3769/15/3 3768/15/3
f 3781/15/3 3769/15/3 3780/15/3
f 3783/3/3 3772/3/3 3771/3/3
f 3784/3/3 3772/3/3 3783/3/3
f 3785/12/3 3775/12/3 3774/12/3
f 3786/2/3 3777/2/3 3776/2/3
f 3787/16/3 3778/16/3 3777/16/3
f 3787/2/3 3777/2/3 3786/2/3
f 3788/16/3 3778/16/3 3787/16/3
f 3789/6/3 3779/6/3 3778/6/3
f 3789/16/3 3778/16/3 3788/16/3
f 3790/6/3 3779/6/3 3789/6/3
f 3797/5/3 3782/5/3 3781/5/3
f 3798/5/3 3782/5/3 3797/5/3
f 3800/24/3 3774/24/3 3773/24/3
f 3801/12/3 3785/12/3 3774/12/3
f 3801/24/3 3774/24/3 3800/24/3
f 3802/20/3 3786/20/3 3785/20/3
f 3802/12/3 3785/12/3 3801/12/3
f 3803/20/3 3786/20/3 3802/20/3
f 3804/6/3 3791/6/3 3790/6/3
f 3805/27/3 3792/27/3 3791/27/3
f 3805/6/3 3791/6/3 3804/6/3
f 3806/27/3 3792/27/3 3805/27/3
f 3807/27/3 3792/27/3 3806/27/3
f 3808/27/3 3794/27/3 3793/27/3
f 3809/27/3 3794/27/3 3808/27/3
f 3810/6/3 3795/6/3 3794/6/3
f 3810/27/3 3794/27/3 3809/27/3
f 3811/2/3 3796/2/3 3795/2/3
f 3811/6/3 3795/6/3 3810/6/3
f 3812/2/3 3796/2/3 3811/2/3
f 3815/3/3 3800/3/3 3799/3/3
f 3816/12/3 3801/12/3 3800/12/3
f 3816/3/3 3800/3/3 3815/3/3
f 3817/20/3 3802/20/3 3801/20/3
f 3817/12/3 3801/12/3 3816/12/3
f 3818/24/3 3803/24/3 3802/24/3
f 3818/20/3 3802/20/3 3817/20/3
f 3819/24/3 3813/24/3 3812/24/3
f 3820/24/3 3813/24/3 3819/24/3
f 3821/24/3 3813/24/3 3820/24/3
f 3826/3/3 3815/3/3 3814/3/3
f 3826/3/3 3816/3/3 3815/3/3
f 3827/3/3 3816/3/3 3826/3/3
f 3828/24/3 3803/24/3 3818/24/3
f 3829/24/3 3803/24/3 3828/24/3
f 3830/16/3 3821/16/3 3820/16/3
f 3831/16/3 3821/16/3 3830/16/3
f 3833/5/3 3823/5/3 3822/5/3
f 3834/5/3 3823/5/3 3833/5/3
f 3835/4/3 3825/4/3 3824/4/3
f 3836/3/3 3826/3/3 3814/3/3
f 3837/24/3 3827/24/3 3826/24/3
f 3837/3/3 3826/3/3 3836/3/3
f 3838/24/3 3827/24/3 3837/24/3
f 3839/8/3 3832/8/3 3831/8/3
f 3840/8/3 3832/8/3 3839/8/3
f 3841/4/3 3836/4/3 3835/4/3
f 3841/4/3 3835/4/3 3824/4/3
f 3842/4/3 3836/4/3 3841/4/3
f 3843/4/3 3836/4/3 3842/4/3
f 3846/11/3 3843/11/3 3842/11/3
f 3849/8/3 3845/8/3 3844/8/3
f 3850/8/3 3845/8/3 3849/8/3
f 3851/8/3 3849/8/3 3848/8/3
f 3855/11/3 3847/11/3 3846/11/3
f 3855/11/3 3846/11/3 3842/11/3
f 3856/11/3 3847/11/3 3855/11/3
f 3857/11/3 3847/11/3 3856/11/3
f 3860/8/3 3849/8/3 3851/8/3
f 3861/8/3 3849/8/3 3860/8/3
f 3862/5/3 3853/5/3 3852/5/3
f 3863/5/3 3853/5/3 3862/5/3
f 3864/5/3 3853/5/3 3863/5/3
f 3865/4/3 3854/4/3 3853/4/3
f 3865/5/3 3853/5/3 3864/5/3
f 3866/4/3 3854/4/3 3865/4/3
f 3867/11/3 3857/11/3 3856/11/3
f 3867/11/3 3858/11/3 3857/11/3
f 3868/11/3 3858/11/3 3867/11/3
f 3869/20/3 3859/20/3 3858/20/3
f 3869/11/3 3858/11/3 3868/11/3
f 3870/20/3 3859/20/3 3869/20/3
f 3875/15/3 3872/15/3 3871/15/3
f 3876/15/3 3872/15/3 3875/15/3
f 3877/4/3 3868/4/3 3867/4/3
f 3877/4/3 3867/4/3 3866/4/3
f 3878/11/3 3869/11/3 3868/11/3
f 3878/4/3 3868/4/3 3877/4/3
f 3879/24/3 3870/24/3 3869/24/3
f 3879/11/3 3869/11/3 3878/11/3
f 3880/24/3 3870/24/3 3879/24/3
f 3882/6/3 3874/6/3 3873/6/3
f 3883/6/3 3874/6/3 3882/6/3
f 3886/4/3 3877/4/3 3866/4/3
f 3887/3/3 3878/3/3 3877/3/3
f 3887/4/3 3877/4/3 3886/4/3
f 3892/6/3 3882/6/3 3881/6/3
f 3893/6/3 3882/6/3 3892/6/3
f 3896/15/3 3885/15/3 3884/15/3
f 3897/15/3 3885/15/3 3896/15/3
f 3900/3/3 3878/3/3 3887/3/3
f 3901/3/3 3878/3/3 3900/3/3
f 3902/2/3 3889/2/3 3888/2/3
f 3903/16/3 3890/16/3 3889/16/3
f 3903/2/3 3889/2/3 3902/2/3
f 3904/5/3 3891/5/3 3890/5/3
f 3904/16/3 3890/16/3 3903/16/3
f 3905/5/3 3891/5/3 3904/5/3
f 3907/7/3 3893/7/3 3892/7/3
f 3908/7/3 3893/7/3 3907/7/3
f 3910/24/3 3895/24/3 3894/24/3
f 3911/24/3 3895/24/3 3910/24/3
f 3912/24/3 3895/24/3 3911/24/3
f 3916/3/3 3899/3/3 3898/3/3
f 3917/3/3 3899/3/3 3916/3/3
f 3918/6/3 3906/6/3 3905/6/3
f 3919/6/3 3906/6/3 3918/6/3
f 3923/20/3 3910/20/3 3909/20/3
f 3924/24/3 3911/24/3 3910/24/3
f 3924/20/3 3910/20/3 3923/20/3
f 3925/24/3 3911/24/3 3924/24/3
f 3926/24/3 3895/24/3 3912/24/3
f 3927/15/3 3914/15/3 3913/15/3
f 3928/3/3 3915/3/3 3914/3/3
f 3928/15/3 3914/15/3 3927/15/3
f 3929/3/3 3915/3/3 3928/3/3
f 3930/7/3 3920/7/3 3919/7/3
f 3931/7/3 3920/7/3 3930/7/3
f 3938/7/3 3922/7/3 3921/7/3
f 3939/7/3 3922/7/3 3938/7/3
f 3940/24/3 3926/24/3 3925/24/3
f 3941/24/3 3895/24/3 3926/24/3
f 3941/24/3 3926/24/3 3940/24/3
f 3942/7/3 3932/7/3 3931/7/3
f 3943/16/3 3933/16/3 3932/16/3
f 3943/7/3 3932/7/3 3942/7/3
f 3944/7/3 3934/7/3 3933/7/3
f 3944/16/3 3933/16/3 3943/16/3
f 3945/5/3 3935/5/3 3934/5/3
f 3945/7/3 3934/7/3 3944/7/3
f 3946/2/3 3936/2/3 3935/2/3
f 3946/5/3 3935/5/3 3945/5/3
f 3947/2/3 3936/2/3 3946/2/3
f 3948/12/3 3938/12/3 3937/12/3
f 3949/12/3 3938/12/3 3948/12/3
f 3950/12/3 3948/12/3 3947/12/3
f 3951/12/3 3948/12/3 3950/12/3
f 3955/15/3 3953/15/3 3952/15/3
f 3956/15/3 3953/15/3 3955/15/3
f 3958/15/3 3955/15/3 3954/15/3
f 3959/15/3 3955/15/3 3958/15/3
f 3962/15/3 3958/15/3 3957/15/3
f 3963/15/3 3958/15/3 3962/15/3
f 3973/15/3 3961/15/3 3960/15/3
f 3974/15/3 3961/15/3 3973/15/3
f 3975/3/3 3965/3/3 3964/3/3
f 3976/3/3 3965/3/3 3975/3/3
f 3977/12/3 3967/12/3 3966/12/3
f 3978/12/3 3967/12/3 3977/12/3
f 3980/2/3 3969/2/3 3968/2/3
f 3981/16/3 3970/16/3 3969/16/3
f 3981/2/3 3969/2/3 3980/2/3
f 3982/5/3 3971/5/3 3970/5/3
f 3982/16/3 3970/16/3 3981/16/3
f 3983/27/3 3972/27/3 3971/27/3
f 3983/5/3 3971/5/3 3982/5/3
f 3984/27/3 3972/27/3 3983/27/3
f 3993/12/3 3979/12/3 3978/12/3
f 3994/12/3 3979/12/3 3993/12/3
f 3995/27/3 3984/27/3 3983/27/3
f 3996/13/3 3985/13/3 3984/13/3
f 3996/27/3 3984/27/3 3995/27/3
f 3997/9/3 3986/9/3 3985/9/3
f 3997/13/3 3985/13/3 3996/13/3
f 3998/13/3 3987/13/3 3986/13/3
f 3998/9/3 3986/9/3 3997/9/3
f 3999/13/3 3987/13/3 3998/13/3
f 4001/24/3 3989/24/3 3988/24/3
f 4002/5/3 3990/5/3 3989/5/3
f 4002/24/3 3989/24/3 4001/24/3
f 4003/5/3 3990/5/3 4002/5/3
f 4007/3/3 3992/3/3 3991/3/3
f 4008/3/3 3992/3/3 4007/3/3
f 4009/13/3 4000/13/3 3999/13/3
f 4010/13/3 4000/13/3 4009/13/3
f 4011/2/3 4004/2/3 4003/2/3
f 4012/24/3 4005/24/3 4004/24/3
f 4012/2/3 4004/2/3 4011/2/3
f 4013/16/3 4006/16/3 4005/16/3
f 4013/24/3 4005/24/3 4012/24/3
f 4016/16/3 4006/16/3 4013/16/3
f 4017/5/3 4015/5/3 4014/5/3
f 4018/5/3 4015/5/3 4017/5/3
f 4022/16/3 4006/16/3 4016/16/3
f 4023/16/3 4006/16/3 4022/16/3
f 4025/3/3 4020/3/3 4019/3/3
f 4026/4/3 4021/4/3 4020/4/3
f 4026/3/3 4020/3/3 4025/3/3
f 4027/4/3 4021/4/3 4026/4/3
f 4028/4/3 4026/4/3 4025/4/3
f 4029/4/3 4026/4/3 4028/4/3
f 4032/7/3 4024/7/3 4023/7/3
f 4033/7/3 4024/7/3 4032/7/3
f 4034/3/3 4031/3/3 4030/3/3
f 4035/3/3 4031/3/3 4034/3/3
f 4040/5/3 4037/5/3 4036/5/3
f 4041/5/3 4037/5/3 4040/5/3
f 4042/5/3 4037/5/3 4041/5/3
f 4047/15/3 4039/15/3 4038/15/3
f 4048/15/3 4039/15/3 4047/15/3
f 4049/4/3 4043/4/3 4042/4/3
f 4049/4/3 4044/4/3 4043/4/3
f 4050/4/3 4044/4/3 4049/4/3
f 4051/6/3 4046/6/3 4045/6/3
f 4052/6/3 4046/6/3 4051/6/3
f 4060/15/3 4054/15/3 4053/15/3
f 4061/15/3 4054/15/3 4060/15/3
f 4062/24/3 4057/24/3 4056/24/3
f 4062/24/3 4056/24/3 4055/24/3
f 4063/24/3 4057/24/3 4062/24/3
f 4068/20/3 4059/20/3 4058/20/3
f 4069/20/3 4059/20/3 4068/20/3
f 4084/11/3 4065/11/3 4064/11/3
f 4085/20/3 4066/20/3 4065/20/3
f 4085/11/3 4065/11/3 4084/11/3
f 4086/24/3 4067/24/3 4066/24/3
f 4086/20/3 4066/20/3 4085/20/3
f 4087/24/3 4067/24/3 4086/24/3
f 4088/15/3 4073/15/3 4072/15/3
f 4089/15/3 4073/15/3 4088/15/3
f 4092/3/3 4075/3/3 4074/3/3
f 4093/3/3 4075/3/3 4092/3/3
f 4094/2/3 4077/2/3 4076/2/3
f 4095/16/3 4078/16/3 4077/16/3
f 4095/2/3 4077/2/3 4094/2/3
f 4096/5/3 4079/5/3 4078/5/3
f 4096/16/3 4078/16/3 4095/16/3
f 4097/5/3 4079/5/3 4096/5/3
f 4099/6/3 4081/6/3 4080/6/3
f 4100/6/3 4081/6/3 4099/6/3
f 4101/11/3 4083/11/3 4082/11/3
f 4102/11/3 4083/11/3 4101/11/3
f 4107/24/3 4071/24/3 4070/24/3
f 4108/24/3 4071/24/3 4107/24/3
f 4111/3/3 4091/3/3 4090/3/3
f 4112/3/3 4091/3/3 4111/3/3
f 4113/6/3 4098/6/3 4097/6/3
f 4114/6/3 4098/6/3 4113/6/3
f 4115/6/3 4098/6/3 4114/6/3
f 4118/7/3 4100/7/3 4099/7/3
f 4119/7/3 4100/7/3 4118/7/3
f 4120/11/3 4103/11/3 4102/11/3
f 4121/20/3 4104/20/3 4103/20/3
f 4121/11/3 4103/11/3 4120/11/3
f 4122/24/3 4106/24/3 4105/24/3
f 4122/20/3 4104/20/3 4121/20/3
f 4122/24/3 4105/24/3 4104/24/3
f 4123/24/3 4106/24/3 4122/24/3
f 4124/15/3 4110/15/3 4109/15/3
f 4125/3/3 4111/3/3 4110/3/3
f 4125/15/3 4110/15/3 4124/15/3
f 4126/3/3 4111/3/3 4125/3/3
f 4127/3/3 4091/3/3 4112/3/3
f 4128/3/3 4091/3/3 4127/3/3
f 4129/6/3 4116/6/3 4115/6/3
f 4129/6/3 4115/6/3 4114/6/3
f 4130/6/3 4116/6/3 4129/6/3
f 4137/7/3 4118/7/3 4117/7/3
f 4138/7/3 4118/7/3 4137/7/3
f 4139/16/3 4131/16/3 4130/16/3
f 4139/16/3 4132/16/3 4131/16/3
f 4140/7/3 4133/7/3 4132/7/3
f 4140/16/3 4132/16/3 4139/16/3
f 4141/2/3 4134/2/3 4133/2/3
f 4141/7/3 4133/7/3 4140/7/3
f 4142/24/3 4135/24/3 4134/24/3
f 4142/2/3 4134/2/3 4141/2/3
f 4143/24/3 4135/24/3 4142/24/3
f 4144/7/3 4137/7/3 4136/7/3
f 4145/7/3 4137/7/3 4144/7/3
f 4146/12/3 4144/12/3 4143/12/3
f 4147/12/3 4144/12/3 4146/12/3
f 4151/3/3 4149/3/3 4148/3/3
f 4152/3/3 4149/3/3 4151/3/3
f 4154/15/3 4151/15/3 4150/15/3
f 4155/15/3 4151/15/3 4154/15/3
f 4163/15/3 4154/15/3 4153/15/3
f 4164/15/3 4154/15/3 4163/15/3
f 4165/12/3 4157/12/3 4156/12/3
f 4166/12/3 4157/12/3 4165/12/3
f 4168/2/3 4159/2/3 4158/2/3
f 4169/16/3 4160/16/3 4159/16/3
f 4169/2/3 4159/2/3 4168/2/3
f 4170/5/3 4161/5/3 4160/5/3
f 4170/16/3 4160/16/3 4169/16/3
f 4171/27/3 4162/27/3 4161/27/3
f 4171/5/3 4161/5/3 4170/5/3
f 4172/27/3 4162/27/3 4171/27/3
f 4180/12/3 4167/12/3 4166/12/3
f 4181/24/3 4168/24/3 4167/24/3
f 4181/12/3 4167/12/3 4180/12/3
f 4182/24/3 4168/24/3 4181/24/3
f 4183/9/3 4173/9/3 4172/9/3
f 4184/9/3 4173/9/3 4183/9/3
f 4185/25/3 4174/25/3 4173/25/3
f 4185/9/3 4173/9/3 4184/9/3
f 4186/25/3 4174/25/3 4185/25/3
f 4189/24/3 4176/24/3 4175/24/3
f 4190/5/3 4177/5/3 4176/5/3
f 4190/24/3 4176/24/3 4189/24/3
f 4191/5/3 4177/5/3 4190/5/3
f 4194/3/3 4179/3/3 4178/3/3
f 4195/3/3 4179/3/3 4194/3/3
f 4196/25/3 4187/25/3 4186/25/3
f 4197/13/3 4188/13/3 4187/13/3
f 4197/25/3 4187/25/3 4196/25/3
f 4198/17/3 4189/17/3 4188/17/3
f 4198/13/3 4188/13/3 4197/13/3
f 4199/17/3 4189/17/3 4198/17/3
f 4200/2/3 4192/2/3 4191/2/3
f 4201/24/3 4193/24/3 4192/24/3
f 4201/2/3 4192/2/3 4200/2/3
f 4202/24/3 4193/24/3 4201/24/3
f 4207/7/3 4204/7/3 4203/7/3
f 4208/7/3 4204/7/3 4207/7/3
f 4209/5/3 4206/5/3 4205/5/3
f 4210/5/3 4206/5/3 4209/5/3
f 4213/3/3 4212/3/3 4211/3/3
f 4214/3/3 4212/3/3 4213/3/3
f 4220/6/3 4216/6/3 4215/6/3
f 4221/6/3 4216/6/3 4220/6/3
f 4222/20/3 4218/20/3 4217/20/3
f 4223/20/3 4218/20/3 4222/20/3
f 4224/3/3 4223/3/3 4222/3/3
f 4225/3/3 4223/3/3 4224/3/3
f 4226/6/3 4220/6/3 4219/6/3
f 4227/6/3 4220/6/3 4226/6/3
f 4230/15/3 4229/15/3 4228/15/3
f 4231/15/3 4229/15/3 4230/15/3
f 4235/12/3 4233/12/3 4232/12/3
f 4236/12/3 4233/12/3 4235/12/3
f 4246/15/3 4238/15/3 4237/15/3
f 4247/15/3 4238/15/3 4246/15/3
f 4248/24/3 4240/24/3 4239/24/3
f 4249/20/3 4241/20/3 4240/20/3
f 4249/24/3 4240/24/3 4248/24/3
f 4250/20/3 4241/20/3 4249/20/3
f 4251/6/3 4235/6/3 4234/6/3
f 4252/6/3 4235/6/3 4251/6/3
f 4254/11/3 4243/11/3 4242/11/3
f 4255/11/3 4243/11/3 4254/11/3
f 4257/24/3 4245/24/3 4244/24/3
f 4258/24/3 4245/24/3 4257/24/3
f 4268/11/3 4254/11/3 4253/11/3
f 4269/11/3 4254/11/3 4268/11/3
f 4270/11/3 4256/11/3 4255/11/3
f 4271/11/3 4256/11/3 4270/11/3
f 4272/15/3 4260/15/3 4259/15/3
f 4273/15/3 4260/15/3 4272/15/3
f 4274/3/3 4262/3/3 4261/3/3
f 4275/3/3 4262/3/3 4274/3/3
f 4276/2/3 4264/2/3 4263/2/3
f 4277/16/3 4265/16/3 4264/16/3
f 4277/2/3 4264/2/3 4276/2/3
f 4278/5/3 4266/5/3 4265/5/3
f 4278/16/3 4265/16/3 4277/16/3
f 4279/5/3 4266/5/3 4278/5/3
f 4283/20/3 4268/20/3 4267/20/3
f 4284/20/3 4268/20/3 4283/20/3
f 4285/20/3 4270/20/3 4269/20/3
f 4286/20/3 4270/20/3 4285/20/3
f 4288/6/3 4280/6/3 4279/6/3
f 4289/6/3 4280/6/3 4288/6/3
f 4291/7/3 4282/7/3 4281/7/3
f 4292/7/3 4282/7/3 4291/7/3
f 4293/20/3 4287/20/3 4286/20/3
f 4294/20/3 4287/20/3 4293/20/3
f 4295/6/3 4290/6/3 4289/6/3
f 4296/6/3 4290/6/3 4295/6/3
f 4301/16/3 4297/16/3 4296/16/3
f 4302/7/3 4298/7/3 4297/7/3
f 4302/16/3 4297/16/3 4301/16/3
f 4303/2/3 4299/2/3 4298/2/3
f 4303/7/3 4298/7/3 4302/7/3
f 4304/24/3 4300/24/3 4299/24/3
f 4304/2/3 4299/2/3 4303/2/3
f 4305/24/3 4300/24/3 4304/24/3
f 4308/11/3 4307/11/3 4306/11/3
f 4309/11/3 4307/11/3 4308/11/3
f 4310/11/3 4309/11/3 4308/11/3
f 4311/11/3 4309/11/3 4310/11/3
f 4314/16/3 4313/16/3 4312/16/3
f 4315/16/3 4313/16/3 4314/16/3
f 4317/7/3 4316/7/3 4315/7/3
f 4318/7/3 4316/7/3 4317/7/3
f 4323/5/3 4320/5/3 4319/5/3
f 4324/5/3 4320/5/3 4323/5/3
f 4325/7/3 4322/7/3 4321/7/3
f 4326/7/3 4322/7/3 4325/7/3
f 4329/5/3 4328/5/3 4327/5/3
f 4330/5/3 4328/5/3 4329/5/3
f 4333/15/3 4332/15/3 4331/15/3
f 4334/15/3 4332/15/3 4333/15/3
f 4342/27/3 4336/27/3 4335/27/3
f 4343/27/3 4336/27/3 4342/27/3
f 4344/11/3 4338/11/3 4337/11/3
f 4345/11/3 4338/11/3 4344/11/3
f 4346/15/3 4340/15/3 4339/15/3
f 4347/15/3 4340/15/3 4346/15/3
f 4348/20/3 4342/20/3 4341/20/3
f 4349/27/3 4343/27/3 4342/27/3
f 4349/20/3 4342/20/3 4348/20/3
f 4349/27/3 4344/27/3 4343/27/3
f 4350/27/3 4344/27/3 4349/27/3
f 4351/27/3 4344/27/3 4350/27/3
f 4352/27/3 4344/27/3 4351/27/3
f 4356/27/3 4351/27/3 4350/27/3
f 4357/27/3 4351/27/3 4356/27/3
f 4358/11/3 4353/11/3 4352/11/3
f 4359/11/3 4353/11/3 4358/11/3
f 4362/15/3 4355/15/3 4354/15/3
f 4363/15/3 4355/15/3 4362/15/3
f 4366/20/3 4361/20/3 4360/20/3
f 4367/20/3 4361/20/3 4366/20/3
f 4369/8/3 4365/8/3 4364/8/3
f 4370/8/3 4365/8/3 4369/8/3
f 4372/8/3 4369/8/3 4368/8/3
f 4373/8/3 4369/8/3 4372/8/3
f 4374/12/3 4372/12/3 4371/12/3
f 4375/12/3 4372/12/3 4374/12/3
f 4386/10/3 4377/10/3 4376/10/3
f 4387/12/3 4378/12/3 4377/12/3
f 4387/10/3 4377/10/3 4386/10/3
f 4388/12/3 4378/12/3 4387/12/3
f 4389/2/3 4380/2/3 4379/2/3
f 4390/16/3 4381/16/3 4380/16/3
f 4390/2/3 4380/2/3 4389/2/3
f 4391/5/3 4382/5/3 4381/5/3
f 4391/16/3 4381/16/3 4390/16/3
f 4392/27/3 4383/27/3 4382/27/3
f 4392/5/3 4382/5/3 4391/5/3
f 4393/27/3 4383/27/3 4392/27/3
f 4399/11/3 4385/11/3 4384/11/3
f 4400/11/3 4385/11/3 4399/11/3
f 4401/12/3 4388/12/3 4387/12/3
f 4402/19/3 4389/19/3 4388/19/3
f 4402/12/3 4388/12/3 4401/12/3
f 4403/19/3 4389/19/3 4402/19/3
f 4404/9/3 4394/9/3 4393/9/3
f 4405/3/3 4395/3/3 4394/3/3
f 4405/9/3 4394/9/3 4404/9/3
f 4406/3/3 4395/3/3 4405/3/3
f 4407/3/3 4395/3/3 4406/3/3
f 4408/3/3 4395/3/3 4407/3/3
f 4409/3/3 4395/3/3 4408/3/3
f 4411/24/3 4397/24/3 4396/24/3
f 4412/5/3 4398/5/3 4397/5/3
f 4412/24/3 4397/24/3 4411/24/3
f 4413/5/3 4398/5/3 4412/5/3
f 4416/24/3 4400/24/3 4399/24/3
f 4417/24/3 4400/24/3 4416/24/3
f 4418/3/3 4410/3/3 4409/3/3
f 4419/17/3 4411/17/3 4410/17/3
f 4419/3/3 4410/3/3 4418/3/3
f 4420/17/3 4411/17/3 4419/17/3
f 4421/17/3 4411/17/3 4420/17/3
f 4422/2/3 4414/2/3 4413/2/3
f 4423/24/3 4415/24/3 4414/24/3
f 4423/2/3 4414/2/3 4422/2/3
f 4424/24/3 4415/24/3 4423/24/3
f 4427/7/3 4426/7/3 4425/7/3
f 4428/7/3 4426/7/3 4427/7/3
f 4431/7/3 4430/7/3 4429/7/3
f 4432/7/3 4430/7/3 4431/7/3
f 4435/24/3 4434/24/3 4433/24/3
f 4436/24/3 4434/24/3 4435/24/3
f 4439/15/3 4438/15/3 4437/15/3
f 4440/15/3 4438/15/3 4439/15/3
f 4446/24/3 4442/24/3 4441/24/3
f 4447/20/3 4443/20/3 4442/20/3
f 4447/24/3 4442/24/3 4446/24/3
f 4448/20/3 4443/20/3 4447/20/3
f 4451/15/3 4445/15/3 4444/15/3
f 4452/15/3 4445/15/3 4451/15/3
f 4459/6/3 4450/6/3 4449/6/3
f 4460/6/3 4450/6/3 4459/6/3
f 4461/2/3 4454/2/3 4453/2/3
f 4462/16/3 4455/16/3 4454/16/3
f 4462/2/3 4454/2/3 4461/2/3
f 4463/7/3 4456/7/3 4455/7/3
f 4463/16/3 4455/16/3 4462/16/3
f 4464/6/3 4457/6/3 4456/6/3
f 4464/7/3 4456/7/3 4463/7/3
f 4465/7/3 4458/7/3 4457/7/3
f 4465/6/3 4457/6/3 4464/6/3
f 4466/7/3 4458/7/3 4465/7/3
f 4469/6/3 4467/6/3 4466/6/3
f 4470/7/3 4468/7/3 4467/7/3
f 4470/6/3 4467/6/3 4469/6/3
f 4471/7/3 4468/7/3 4470/7/3
f 4473/6/3 4472/6/3 4471/6/3
f 4474/6/3 4472/6/3 4473/6/3
f 4482/5/3 4475/5/3 4474/5/3
f 4483/16/3 4476/16/3 4475/16/3
f 4483/5/3 4475/5/3 4482/5/3
f 4484/5/3 4477/5/3 4476/5/3
f 4484/16/3 4476/16/3 4483/16/3
f 4485/2/3 4478/2/3 4477/2/3
f 4485/5/3 4477/5/3 4484/5/3
f 4486/24/3 4479/24/3 4478/24/3
f 4486/2/3 4478/2/3 4485/2/3
f 4487/24/3 4479/24/3 4486/24/3
f 4488/8/3 4481/8/3 4480/8/3
f 4489/8/3 4481/8/3 4488/8/3
f 4492/10/3 4491/10/3 4490/10/3
f 4493/10/3 4491/10/3 4492/10/3
f 4496/16/3 4495/16/3 4494/16/3
f 4497/16/3 4495/16/3 4496/16/3
f 4500/7/3 4499/7/3 4498/7/3
f 4501/7/3 4499/7/3 4500/7/3
f 4504/7/3 4503/7/3 4502/7/3
f 4505/7/3 4503/7/3 4504/7/3
f 4508/20/3 4507/20/3 4506/20/3
f 4509/20/3 4507/20/3 4508/20/3
f 4512/6/3 4511/6/3 4510/6/3
f 4513/6/3 4511/6/3 4512/6/3
f 4516/15/3 4515/15/3 4514/15/3
f 4517/15/3 4515/15/3 4516/15/3
f 4520/6/3 4519/6/3 4518/6/3
f 4521/6/3 4519/6/3 4520/6/3
f 4524/7/3 4523/7/3 4522/7/3
f 4525/7/3 4523/7/3 4524/7/3
f 4528/12/3 4527/12/3 4526/12/3
f 4529/12/3 4527/12/3 4528/12/3
f 4537/11/3 4531/11/3 4530/11/3
f 4538/11/3 4531/11/3 4537/11/3
f 4539/11/3 4531/11/3 4538/11/3
f 4540/2/3 4533/2/3 4532/2/3
f 4541/16/3 4534/16/3 4533/16/3
f 4541/2/3 4533/2/3 4540/2/3
f 4542/5/3 4535/5/3 4534/5/3
f 4542/16/3 4534/16/3 4541/16/3
f 4543/24/3 4536/24/3 4535/24/3
f 4543/5/3 4535/5/3 4542/5/3
f 4544/24/3 4536/24/3 4543/24/3
f 4552/19/3 4540/19/3 4539/19/3
f 4553/19/3 4540/19/3 4552/19/3
f 4554/9/3 4545/9/3 4544/9/3
f 4555/3/3 4546/3/3 4545/3/3
f 4555/9/3 4545/9/3 4554/9/3
f 4556/25/3 4547/25/3 4546/25/3
f 4556/3/3 4546/3/3 4555/3/3
f 4557/3/3 4548/3/3 4547/3/3
f 4557/25/3 4547/25/3 4556/25/3
f 4558/3/3 4548/3/3 4557/3/3
f 4560/24/3 4550/24/3 4549/24/3
f 4561/5/3 4551/5/3 4550/5/3
f 4561/24/3 4550/24/3 4560/24/3
f 4562/5/3 4551/5/3 4561/5/3
f 4565/3/3 4559/3/3 4558/3/3
f 4566/17/3 4560/17/3 4559/17/3
f 4566/3/3 4559/3/3 4565/3/3
f 4567/17/3 4560/17/3 4566/17/3
f 4568/17/3 4560/17/3 4567/17/3
f 4569/2/3 4563/2/3 4562/2/3
f 4570/24/3 4564/24/3 4563/24/3
f 4570/2/3 4563/2/3 4569/2/3
f 4571/24/3 4564/24/3 4570/24/3
f 4576/20/3 4573/20/3 4572/20/3
f 4577/20/3 4573/20/3 4576/20/3
f 4578/7/3 4575/7/3 4574/7/3
f 4579/7/3 4575/7/3 4578/7/3
f 4580/24/3 4577/24/3 4576/24/3
f 4581/24/3 4577/24/3 4580/24/3
f 4582/11/3 4579/11/3 4578/11/3
f 4583/11/3 4579/11/3 4582/11/3
f 4586/6/3 4585/6/3 4584/6/3
f 4587/6/3 4585/6/3 4586/6/3
f 4588/6/3 4585/6/3 4587/6/3
f 4594/11/3 4590/11/3 4589/11/3
f 4595/12/3 4591/12/3 4590/12/3
f 4595/11/3 4590/11/3 4594/11/3
f 4596/20/3 4592/20/3 4591/20/3
f 4596/12/3 4591/12/3 4595/12/3
f 4597/24/3 4593/24/3 4592/24/3
f 4597/20/3 4592/20/3 4596/20/3
f 4598/24/3 4593/24/3 4597/24/3
f 4599/2/3 4598/2/3 4597/2/3
f 4600/2/3 4598/2/3 4599/2/3
f 4605/16/3 4601/16/3 4600/16/3
f 4606/7/3 4602/7/3 4601/7/3
f 4606/16/3 4601/16/3 4605/16/3
f 4607/6/3 4603/6/3 4602/6/3
f 4607/7/3 4602/7/3 4606/7/3
f 4608/7/3 4604/7/3 4603/7/3
f 4608/6/3 4603/6/3 4607/6/3
f 4609/7/3 4604/7/3 4608/7/3
f 4613/7/3 4612/7/3 4611/7/3
f 4613/7/3 4611/7/3 4610/7/3
f 4613/7/3 4610/7/3 4609/7/3
f 4614/7/3 4612/7/3 4613/7/3
f 4617/7/3 4615/7/3 4614/7/3
f 4618/6/3 4616/6/3 4615/6/3
f 4618/7/3 4615/7/3 4617/7/3
f 4619/6/3 4616/6/3 4618/6/3
f 4625/6/3 4620/6/3 4619/6/3
f 4626/16/3 4622/16/3 4621/16/3
f 4626/6/3 4620/6/3 4625/6/3
f 4626/16/3 4621/16/3 4620/16/3
f 4627/2/3 4623/2/3 4622/2/3
f 4627/16/3 4622/16/3 4626/16/3
f 4628/24/3 4624/24/3 4623/24/3
f 4628/2/3 4623/2/3 4627/2/3
f 4629/24/3 4624/24/3 4628/24/3
f 4632/10/3 4631/10/3 4630/10/3
f 4633/10/3 4631/10/3 4632/10/3
f 4638/11/3 4635/11/3 4634/11/3
f 4639/11/3 4635/11/3 4638/11/3
f 4640/7/3 4637/7/3 4636/7/3
f 4641/7/3 4637/7/3 4640/7/3
f 4644/8/3 4643/8/3 4642/8/3
f 4645/8/3 4643/8/3 4644/8/3
f 4648/6/3 4647/6/3 4646/6/3
f 4649/6/3 4647/6/3 4648/6/3
f 4652/7/3 4651/7/3 4650/7/3
f 4653/7/3 4651/7/3 4652/7/3
f 4656/10/3 4655/10/3 4654/10/3
f 4657/10/3 4655/10/3 4656/10/3
f 4662/10/3 4659/10/3 4658/10/3
f 4663/10/3 4659/10/3 4662/10/3
f 4664/24/3 4661/24/3 4660/24/3
f 4665/24/3 4661/24/3 4664/24/3
f 4670/20/3 4667/20/3 4666/20/3
f 4671/20/3 4667/20/3 4670/20/3
f 4672/7/3 4669/7/3 4668/7/3
f 4673/7/3 4669/7/3 4672/7/3
f 4676/12/3 4675/12/3 4674/12/3
f 4677/12/3 4675/12/3 4676/12/3
f 4680/20/3 4679/20/3 4678/20/3
f 4681/20/3 4679/20/3 4680/20/3
f 4687/27/3 4683/27/3 4682/27/3
f 4688/14/3 4684/14/3 4683/14/3
f 4688/27/3 4683/27/3 4687/27/3
f 4689/21/3 4685/21/3 4684/21/3
f 4689/14/3 4684/14/3 4688/14/3
f 4690/25/3 4686/25/3 4685/25/3
f 4690/21/3 4685/21/3 4689/21/3
f 4691/25/3 4686/25/3 4690/25/3
f 4695/25/3 4692/25/3 4691/25/3
f 4696/25/3 4692/25/3 4695/25/3
f 4699/6/3 4694/6/3 4693/6/3
f 4700/6/3 4694/6/3 4699/6/3
f 4701/12/3 4698/12/3 4697/12/3
f 4702/12/3 4698/12/3 4701/12/3
f 4705/6/3 4704/6/3 4703/6/3
f 4706/6/3 4704/6/3 4705/6/3
f 4709/12/3 4708/12/3 4707/12/3
f 4710/12/3 4708/12/3 4709/12/3
f 4713/25/3 4712/25/3 4711/25/3
f 4714/25/3 4712/25/3 4713/25/3
f 4717/15/3 4716/15/3 4715/15/3
f 4718/15/3 4716/15/3 4717/15/3
f 4722/15/3 4719/15/3 4718/15/3
f 4723/18/3 4720/18/3 4719/18/3
f 4723/15/3 4719/15/3 4722/15/3
f 4724/14/3 4721/14/3 4720/14/3
f 4724/18/3 4720/18/3 4723/18/3
f 4725/14/3 4721/14/3 4724/14/3
f 4726/14/3 4721/14/3 4725/14/3
f 4730/23/3 4726/23/3 4725/23/3
f 4731/14/3 4727/14/3 4726/14/3
f 4731/23/3 4726/23/3 4730/23/3
f 4732/22/3 4728/22/3 4727/22/3
f 4732/14/3 4727/14/3 4731/14/3
f 4733/25/3 4729/25/3 4728/25/3
f 4733/22/3 4728/22/3 4732/22/3
f 4734/25/3 4729/25/3 4733/25/3
f 4737/20/3 4736/20/3 4735/20/3
f 4738/20/3 4736/20/3 4737/20/3
f 4742/11/3 4740/11/3 4739/11/3
f 4743/11/3 4740/11/3 4742/11/3
f 4746/11/3 4742/11/3 4741/11/3
f 4747/11/3 4742/11/3 4746/11/3
f 4748/11/3 4742/11/3 4747/11/3
f 4749/11/3 4744/11/3 4743/11/3
f 4750/20/3 4745/20/3 4744/20/3
f 4750/11/3 4744/11/3 4749/11/3
f 4751/20/3 4745/20/3 4750/20/3
f 4752/20/3 4749/20/3 4748/20/3
f 4753/20/3 4749/20/3 4752/20/3
f 4757/4/3 4756/4/3 4755/4/3
f 4758/4/3 4756/4/3 4757/4/3
f 4760/5/3 4755/5/3 4754/5/3
f 4761/4/3 4757/4/3 4755/4/3
f 4761/5/3 4755/5/3 4760/5/3
f 4762/4/3 4757/4/3 4761/4/3
f 4763/6/3 4760/6/3 4759/6/3
f 4763/4/3 4761/4/3 4760/4/3
f 4764/4/3 4761/4/3 4763/4/3
f 4765/6/3 4763/6/3 4759/6/3
f 4766/24/3 4764/24/3 4763/24/3
f 4766/6/3 4763/6/3 4765/6/3
f 4767/24/3 4764/24/3 4766/24/3
f 4768/24/3 4767/24/3 4766/24/3
f 4769/24/3 4767/24/3 4768/24/3
f 4772/6/3 4771/6/3 4770/6/3
f 4773/6/3 4771/6/3 4772/6/3
f 4778/5/3 4775/5/3 4774/5/3
f 4779/5/3 4775/5/3 4778/5/3
f 4784/24/3 4777/24/3 4776/24/3
f 4785/24/3 4777/24/3 4784/24/3
f 4788/20/3 4781/20/3 4780/20/3
f 4789/11/3 4782/11/3 4781/11/3
f 4789/20/3 4781/20/3 4788/20/3
f 4790/11/3 4782/11/3 4789/11/3
f 4791/11/3 4784/11/3 4783/11/3
f 4792/11/3 4784/11/3 4791/11/3
f 4793/20/3 4785/20/3 4784/20/3
f 4793/11/3 4784/11/3 4792/11/3
f 4794/20/3 4785/20/3 4793/20/3
f 4795/20/3 4785/20/3 4794/20/3
f 4796/24/3 4787/24/3 4786/24/3
f 4797/24/3 4787/24/3 4796/24/3
f 4798/20/3 4791/20/3 4790/20/3
f 4799/20/3 4791/20/3 4798/20/3
f 4801/20/3 4795/20/3 4794/20/3
f 4802/24/3 4796/24/3 4795/24/3
f 4802/20/3 4795/20/3 4801/20/3
f 4803/24/3 4796/24/3 4802/24/3
f 4806/20/3 4800/20/3 4799/20/3
f 4807/20/3 4800/20/3 4806/20/3
f 4808/20/3 4805/20/3 4804/20/3
f 4809/20/3 4805/20/3 4808/20/3
f 4814/15/3 4811/15/3 4810/15/3
f 4815/15/3 4811/15/3 4814/15/3
f 4816/4/3 4813/4/3 4812/4/3
f 4817/4/3 4813/4/3 4816/4/3
f 4822/5/3 4815/5/3 4814/5/3
f 4823/4/3 4816/4/3 4815/4/3
f 4823/4/3 4817/4/3 4816/4/3
f 4823/5/3 4815/5/3 4822/5/3
f 4823/4/3 4818/4/3 4817/4/3
f 4824/4/3 4818/4/3 4823/4/3
f 4825/4/3 4818/4/3 4824/4/3
f 4826/4/3 4818/4/3 4825/4/3
f 4827/27/3 4820/27/3 4819/27/3
f 4828/27/3 4820/27/3 4827/27/3
f 4829/5/3 4822/5/3 4821/5/3
f 4829/5/3 4823/5/3 4822/5/3
f 4830/5/3 4823/5/3 4829/5/3
f 4831/3/3 4826/3/3 4825/3/3
f 4832/3/3 4826/3/3 4831/3/3
f 4833/5/3 4823/5/3 4830/5/3
f 4834/5/3 4823/5/3 4833/5/3
f 4835/5/3 4823/5/3 4834/5/3
f 4836/6/3 4834/6/3 4833/6/3
f 4837/6/3 4834/6/3 4836/6/3
f 4840/24/3 4839/24/3 4838/24/3
f 4841/24/3 4839/24/3 4840/24/3
f 4845/6/3 4843/6/3 4842/6/3
f 4846/6/3 4843/6/3 4845/6/3
f 4847/6/3 4845/6/3 4844/6/3
f 4848/6/3 4845/6/3 4847/6/3
f 4849/6/3 4845/6/3 4848/6/3
f 4855/5/3 4850/5/3 4849/5/3
f 4855/5/3 4849/5/3 4848/5/3
f 4856/5/3 4850/5/3 4855/5/3
f 4859/20/3 4852/20/3 4851/20/3
f 4860/20/3 4852/20/3 4859/20/3
f 4861/24/3 4854/24/3 4853/24/3
f 4862/24/3 4854/24/3 4861/24/3
f 4863/24/3 4854/24/3 4862/24/3
f 4865/5/3 4855/5/3 4848/5/3
f 4866/5/3 4855/5/3 4865/5/3
f 4867/27/3 4858/27/3 4857/27/3
f 4872/20/3 4862/20/3 4861/20/3
f 4873/20/3 4862/20/3 4872/20/3
f 4874/24/3 4864/24/3 4863/24/3
f 4875/24/3 4864/24/3 4874/24/3
f 4876/27/3 4867/27/3 4857/27/3
f 4876/27/3 4868/27/3 4867/27/3
f 4877/27/3 4868/27/3 4876/27/3
f 4878/20/3 4869/20/3 4868/20/3
f 4878/27/3 4868/27/3 4877/27/3
f 4879/20/3 4869/20/3 4878/20/3
f 4880/24/3 4871/24/3 4870/24/3
f 4881/24/3 4871/24/3 4880/24/3
f 4884/27/3 4878/27/3 4877/27/3
f 4885/11/3 4879/11/3 4878/11/3
f 4885/27/3 4878/27/3 4884/27/3
f 4886/11/3 4879/11/3 4885/11/3
f 4887/24/3 4883/24/3 4882/24/3
f 4887/24/3 4882/24/3 4881/24/3
f 4888/24/3 4883/24/3 4887/24/3
f 4892/3/3 4890/3/3 4889/3/3
f 4893/3/3 4890/3/3 4892/3/3
f 4895/15/3 4892/15/3 4891/15/3
f 4896/15/3 4892/15/3 4895/15/3
f 4897/4/3 4894/4/3 4893/4/3
f 4898/4/3 4894/4/3 4897/4/3
f 4903/3/3 4900/3/3 4899/3/3
f 4904/3/3 4900/3/3 4903/3/3
f 4905/5/3 4902/5/3 4901/5/3
f 4906/5/3 4902/5/3 4905/5/3
f 4909/6/3 4908/6/3 4907/6/3
f 4910/6/3 4908/6/3 4909/6/3
f 4912/6/3 4911/6/3 4910/6/3
f 4913/6/3 4911/6/3 4912/6/3
f 4917/4/3 4915/4/3 4914/4/3
f 4918/24/3 4916/24/3 4915/24/3
f 4918/4/3 4915/4/3 4917/4/3
f 4919/24/3 4916/24/3 4918/24/3
f 4923/5/3 4921/5/3 4920/5/3
f 4924/5/3 4921/5/3 4923/5/3
f 4928/5/3 4923/5/3 4922/5/3
f 4929/5/3 4923/5/3 4928/5/3
f 4930/15/3 4926/15/3 4925/15/3
f 4931/5/3 4927/5/3 4926/5/3
f 4931/15/3 4926/15/3 4930/15/3
f 4932/5/3 4927/5/3 4931/5/3
f 4940/20/3 4935/20/3 4934/20/3
f 4941/20/3 4935/20/3 4940/20/3
f 4942/24/3 4937/24/3 4936/24/3
f 4943/24/3 4937/24/3 4942/24/3
f 4945/5/3 4933/5/3 4932/5/3
f 4945/15/3 4932/15/3 4931/15/3
f 4946/5/3 4933/5/3 4945/5/3
f 4952/20/3 4939/20/3 4938/20/3
f 4953/20/3 4939/20/3 4952/20/3
f 4954/20/3 4939/20/3 4953/20/3
f 4955/24/3 4944/24/3 4943/24/3
f 4956/24/3 4944/24/3 4955/24/3
f 4957/15/3 4945/15/3 4931/15/3
f 4958/4/3 4946/4/3 4945/4/3
f 4958/15/3 4945/15/3 4957/15/3
f 4959/4/3 4946/4/3 4958/4/3
f 4960/4/3 4948/4/3 4947/4/3
f 4960/4/3 4949/4/3 4948/4/3
f 4961/4/3 4949/4/3 4960/4/3
f 4963/20/3 4951/20/3 4950/20/3
f 4964/20/3 4951/20/3 4963/20/3
f 4965/4/3 4962/4/3 4961/4/3
f 4966/4/3 4962/4/3 4965/4/3
f 4969/3/3 4968/3/3 4967/3/3
f 4970/3/3 4968/3/3 4969/3/3
f 4973/15/3 4972/15/3 4971/15/3
f 4974/15/3 4972/15/3 4973/15/3
f 4976/15/3 4975/15/3 4974/15/3
f 4977/15/3 4975/15/3 4976/15/3
f 4980/5/3 4979/5/3 4978/5/3
f 4981/5/3 4980/5/3 4978/5/3
f 4982/5/3 4980/5/3 4981/5/3
f 4986/5/3 4984/5/3 4983/5/3
f 4987/5/3 4984/5/3 4986/5/3
f 4990/5/3 4986/5/3 4985/5/3
f 4991/5/3 4986/5/3 4990/5/3
f 4992/15/3 4989/15/3 4988/15/3
f 4993/5/3 4990/5/3 4989/5/3
f 4993/15/3 4989/15/3 4992/15/3
f 4994/5/3 4990/5/3 4993/5/3
f 5000/15/3 4996/15/3 4995/15/3
f 5001/15/3 4996/15/3 5000/15/3
f 5002/20/3 4998/20/3 4997/20/3
f 5003/24/3 4999/24/3 4998/24/3
f 5003/20/3 4998/20/3 5002/20/3
f 5004/24/3 4999/24/3 5003/24/3
f 5012/3/3 5006/3/3 5005/3/3
f 5013/3/3 5006/3/3 5012/3/3
f 5014/24/3 5008/24/3 5007/24/3
f 5015/24/3 5008/24/3 5014/24/3
f 5016/15/3 5010/15/3 5009/15/3
f 5017/4/3 5011/4/3 5010/4/3
f 5017/15/3 5010/15/3 5016/15/3
f 5018/4/3 5011/4/3 5017/4/3
f 5019/3/3 5013/3/3 5012/3/3
f 5020/3/3 5013/3/3 5019/3/3
f 5023/3/3 5022/3/3 5021/3/3
f 5024/3/3 5022/3/3 5023/3/3
f 5028/15/3 5026/15/3 5025/15/3
f 5029/5/3 5027/5/3 5026/5/3
f 5029/15/3 5026/15/3 5028/15/3
f 5030/5/3 5027/5/3 5029/5/3
f 5033/3/3 5032/3/3 5031/3/3
f 5034/3/3 5032/3/3 5033/3/3
f 5038/15/3 5036/15/3 5035/15/3
f 5038/15/3 5037/15/3 5036/15/3
f 5039/15/3 5037/15/3 5038/15/3
f 5042/3/3 5041/3/3 5040/3/3
f 5043/3/3 5041/3/3 5042/3/3
f 5046/3/3 5045/3/3 5044/3/3
f 5047/3/3 5045/3/3 5046/3/3
f 5048/3/4 5049/3/4 5050/3/4
f 5050/3/4 5049/3/4 5051/3/4
f 5052/15/4 5053/15/4 5054/15/4
f 5054/15/4 5053/15/4 5055/15/4
f 5056/15/4 5057/15/4 5058/15/4
f 5058/15/4 5057/15/4 5059/15/4
f 5060/3/4 5061/3/4 5064/3/4
f 5064/3/4 5061/3/4 5065/3/4
f 5062/15/4 5063/15/4 5066/15/4
f 5066/15/4 5063/15/4 5067/15/4
f 5068/5/4 5069/5/4 5070/5/4
f 5070/5/4 5069/5/4 5071/5/4
f 5072/3/4 5073/3/4 5074/3/4
f 5074/3/4 5073/3/4 5075/3/4
f 5076/3/4 5077/3/4 5080/3/4
f 5080/3/4 5077/3/4 5081/3/4
f 5078/4/4 5079/4/4 5082/4/4
f 5082/4/4 5079/4/4 5085/4/4
f 5085/4/4 5079/4/4 5086/4/4
f 5083/15/4 5084/15/4 5087/15/4
f 5087/15/4 5084/15/4 5088/15/4
f 5088/15/4 5084/15/4 5089/15/4
f 5090/4/4 5091/4/4 5094/4/4
f 5094/4/4 5091/4/4 5095/4/4
f 5092/5/4 5093/5/4 5096/5/4
f 5096/5/4 5093/5/4 5097/5/4
f 5098/5/4 5099/5/4 5100/5/4
f 5100/5/4 5099/5/4 5101/5/4
f 5102/20/4 5103/20/4 5104/20/4
f 5104/20/4 5103/20/4 5105/20/4
f 5106/24/4 5107/24/4 5110/24/4
f 5110/24/4 5107/24/4 5111/24/4
f 5108/3/4 5109/3/4 5112/3/4
f 5112/3/4 5109/3/4 5113/3/4
f 5112/3/4 5113/3/4 5114/3/4
f 5114/3/4 5113/3/4 5115/3/4
f 5116/4/4 5117/4/4 5118/4/4
f 5118/4/4 5117/4/4 5119/4/4
f 5119/4/4 5117/4/4 5120/4/4
f 5118/3/4 5119/3/4 5125/3/4
f 5125/3/4 5119/3/4 5126/3/4
f 5121/4/4 5122/4/4 5127/4/4
f 5127/4/4 5122/4/4 5128/4/4
f 5123/5/4 5124/5/4 5129/5/4
f 5124/4/4 5125/4/4 5130/4/4
f 5129/5/4 5124/5/4 5130/5/4
f 5130/4/4 5125/4/4 5131/4/4
f 5132/6/4 5133/6/4 5134/6/4
f 5134/6/4 5133/6/4 5135/6/4
f 5136/5/4 5137/5/4 5138/5/4
f 5138/5/4 5137/5/4 5139/5/4
f 5139/5/4 5140/5/4 5142/5/4
f 5140/24/4 5141/24/4 5143/24/4
f 5142/5/4 5140/5/4 5143/5/4
f 5143/24/4 5141/24/4 5144/24/4
f 5145/5/4 5146/5/4 5147/5/4
f 5147/5/4 5146/5/4 5148/5/4
f 5149/24/4 5150/24/4 5151/24/4
f 5151/24/4 5150/24/4 5152/24/4
f 5152/24/4 5150/24/4 5153/24/4
f 5154/3/4 5155/3/4 5163/3/4
f 5163/3/4 5155/3/4 5164/3/4
f 5156/11/4 5157/11/4 5165/11/4
f 5165/11/4 5157/11/4 5166/11/4
f 5158/24/4 5159/24/4 5167/24/4
f 5167/24/4 5159/24/4 5168/24/4
f 5160/15/4 5161/15/4 5169/15/4
f 5161/4/4 5162/4/4 5170/4/4
f 5169/15/4 5161/15/4 5170/15/4
f 5170/4/4 5162/4/4 5171/4/4
f 5172/4/4 5173/4/4 5175/4/4
f 5175/4/4 5173/4/4 5176/4/4
f 5174/4/4 5175/4/4 5179/4/4
f 5179/4/4 5175/4/4 5180/4/4
f 5176/4/4 5177/4/4 5181/4/4
f 5181/4/4 5177/4/4 5182/4/4
f 5179/3/4 5180/3/4 5183/3/4
f 5178/5/4 5179/5/4 5183/5/4
f 5183/3/4 5180/3/4 5184/3/4
f 5178/5/4 5183/5/4 5185/5/4
f 5185/5/4 5183/5/4 5186/5/4
f 5187/6/4 5188/6/4 5189/6/4
f 5187/6/4 5189/6/4 5190/6/4
f 5190/6/4 5189/6/4 5191/6/4
f 5192/5/4 5193/5/4 5196/5/4
f 5196/5/4 5193/5/4 5197/5/4
f 5197/5/4 5193/5/4 5198/5/4
f 5194/15/4 5195/15/4 5199/15/4
f 5199/15/4 5195/15/4 5200/15/4
f 5200/5/4 5201/5/4 5202/5/4
f 5202/5/4 5201/5/4 5203/5/4
f 5204/27/4 5205/27/4 5211/27/4
f 5211/27/4 5205/27/4 5212/27/4
f 5206/11/4 5207/11/4 5213/11/4
f 5213/11/4 5207/11/4 5214/11/4
f 5208/11/4 5209/11/4 5215/11/4
f 5209/24/4 5210/24/4 5216/24/4
f 5215/11/4 5209/11/4 5216/11/4
f 5216/24/4 5210/24/4 5217/24/4
f 5217/24/4 5210/24/4 5218/24/4
f 5211/27/4 5212/27/4 5224/27/4
f 5212/27/4 5213/27/4 5224/27/4
f 5224/27/4 5213/27/4 5225/27/4
f 5225/27/4 5213/27/4 5226/27/4
f 5226/27/4 5213/27/4 5227/27/4
f 5218/24/4 5219/24/4 5232/24/4
f 5232/24/4 5219/24/4 5233/24/4
f 5220/15/4 5221/15/4 5234/15/4
f 5221/3/4 5222/3/4 5235/3/4
f 5234/15/4 5221/15/4 5235/15/4
f 5222/4/4 5223/4/4 5236/4/4
f 5235/3/4 5222/3/4 5236/3/4
f 5236/4/4 5223/4/4 5237/4/4
f 5225/27/4 5226/27/4 5238/27/4
f 5226/11/4 5227/11/4 5239/11/4
f 5238/27/4 5226/27/4 5239/27/4
f 5239/11/4 5227/11/4 5240/11/4
f 5228/11/4 5229/11/4 5241/11/4
f 5241/11/4 5229/11/4 5242/11/4
f 5230/20/4 5231/20/4 5244/20/4
f 5231/20/4 5232/20/4 5244/20/4
f 5244/20/4 5232/20/4 5245/20/4
f 5243/11/4 5244/11/4 5246/11/4
f 5246/11/4 5244/11/4 5247/11/4
f 5248/4/4 5249/4/4 5250/4/4
f 5250/4/4 5249/4/4 5251/4/4
f 5251/4/4 5249/4/4 5252/4/4
f 5252/4/4 5249/4/4 5253/4/4
f 5250/5/4 5251/5/4 5255/5/4
f 5255/5/4 5251/5/4 5256/5/4
f 5254/5/4 5255/5/4 5257/5/4
f 5255/3/4 5256/3/4 5258/3/4
f 5257/5/4 5255/5/4 5258/5/4
f 5258/3/4 5256/3/4 5259/3/4
f 5257/6/4 5258/6/4 5260/6/4
f 5260/6/4 5258/6/4 5261/6/4
f 5261/5/4 5262/5/4 5263/5/4
f 5263/5/4 5262/5/4 5264/5/4
f 5265/6/4 5266/6/4 5270/6/4
f 5266/5/4 5267/5/4 5271/5/4
f 5270/6/4 5266/6/4 5271/6/4
f 5271/5/4 5267/5/4 5272/5/4
f 5268/6/4 5269/6/4 5273/6/4
f 5273/6/4 5269/6/4 5274/6/4
f 5274/5/4 5275/5/4 5276/5/4
f 5276/5/4 5277/5/4 5280/5/4
f 5274/5/4 5276/5/4 5280/5/4
f 5273/15/4 5274/15/4 5280/15/4
f 5280/5/4 5277/5/4 5281/5/4
f 5281/5/4 5277/5/4 5282/5/4
f 5278/20/4 5279/20/4 5286/20/4
f 5286/20/4 5279/20/4 5287/20/4
f 5273/15/4 5280/15/4 5290/15/4
f 5280/3/4 5281/3/4 5291/3/4
f 5290/15/4 5280/15/4 5291/15/4
f 5283/4/4 5284/4/4 5292/4/4
f 5291/3/4 5281/3/4 5292/3/4
f 5281/4/4 5282/4/4 5292/4/4
f 5282/4/4 5283/4/4 5292/4/4
f 5292/4/4 5284/4/4 5293/4/4
f 5287/20/4 5288/20/4 5295/20/4
f 5286/20/4 5287/20/4 5295/20/4
f 5285/20/4 5286/20/4 5295/20/4
f 5295/20/4 5288/20/4 5296/20/4
f 5296/20/4 5288/20/4 5297/20/4
f 5297/20/4 5288/20/4 5298/20/4
f 5288/24/4 5289/24/4 5299/24/4
f 5298/20/4 5288/20/4 5299/20/4
f 5299/24/4 5289/24/4 5300/24/4
f 5293/4/4 5294/4/4 5301/4/4
f 5301/4/4 5294/4/4 5302/4/4
f 5297/20/4 5298/20/4 5304/20/4
f 5304/20/4 5298/20/4 5305/20/4
f 5303/20/4 5304/20/4 5306/20/4
f 5306/20/4 5304/20/4 5307/20/4
f 5308/5/4 5309/5/4 5310/5/4
f 5310/5/4 5309/5/4 5311/5/4
f 5312/5/4 5313/5/4 5314/5/4
f 5314/5/4 5313/5/4 5315/5/4
f 5316/6/4 5317/6/4 5319/6/4
f 5317/5/4 5318/5/4 5320/5/4
f 5319/6/4 5317/6/4 5320/6/4
f 5320/5/4 5318/5/4 5321/5/4
f 5319/5/4 5320/5/4 5323/5/4
f 5321/5/4 5322/5/4 5323/5/4
f 5320/5/4 5321/5/4 5323/5/4
f 5323/5/4 5322/5/4 5324/5/4
f 5324/5/4 5322/5/4 5325/5/4
f 5324/5/4 5325/5/4 5327/5/4
f 5325/4/4 5326/4/4 5328/4/4
f 5327/5/4 5325/5/4 5328/5/4
f 5328/4/4 5326/4/4 5329/4/4
f 5330/20/4 5331/20/4 5332/20/4
f 5332/20/4 5331/20/4 5333/20/4
f 5334/27/4 5335/27/4 5339/27/4
f 5335/14/4 5336/14/4 5340/14/4
f 5339/27/4 5335/27/4 5340/27/4
f 5336/21/4 5337/21/4 5341/21/4
f 5340/14/4 5336/14/4 5341/14/4
f 5337/25/4 5338/25/4 5342/25/4
f 5341/21/4 5337/21/4 5342/21/4
f 5342/25/4 5338/25/4 5343/25/4
f 5343/25/4 5344/25/4 5345/25/4
f 5345/25/4 5344/25/4 5346/25/4
f 5347/11/4 5348/11/4 5349/11/4
f 5349/11/4 5348/11/4 5350/11/4
f 5351/20/4 5352/20/4 5355/20/4
f 5355/20/4 5352/20/4 5356/20/4
f 5353/24/4 5354/24/4 5357/24/4
f 5357/24/4 5354/24/4 5358/24/4
f 5359/20/4 5360/20/4 5363/20/4
f 5363/20/4 5360/20/4 5364/20/4
f 5361/6/4 5362/6/4 5365/6/4
f 5365/6/4 5362/6/4 5366/6/4
f 5367/6/4 5368/6/4 5369/6/4
f 5369/6/4 5368/6/4 5370/6/4
f 5371/20/4 5372/20/4 5373/20/4
f 5373/20/4 5372/20/4 5374/20/4
f 5375/15/4 5376/15/4 5379/15/4
f 5379/15/4 5376/15/4 5380/15/4
f 5377/20/4 5378/20/4 5384/20/4
f 5384/20/4 5378/20/4 5385/20/4
f 5380/15/4 5381/15/4 5386/15/4
f 5381/18/4 5382/18/4 5387/18/4
f 5386/15/4 5381/15/4 5387/15/4
f 5382/14/4 5383/14/4 5388/14/4
f 5387/18/4 5382/18/4 5388/18/4
f 5388/14/4 5383/14/4 5389/14/4
f 5389/14/4 5383/14/4 5390/14/4
f 5389/23/4 5390/23/4 5396/23/4
f 5390/14/4 5391/14/4 5397/14/4
f 5396/23/4 5390/23/4 5397/23/4
f 5391/22/4 5392/22/4 5398/22/4
f 5397/14/4 5391/14/4 5398/14/4
f 5392/25/4 5393/25/4 5399/25/4
f 5398/22/4 5392/22/4 5399/22/4
f 5399/25/4 5393/25/4 5400/25/4
f 5394/12/4 5395/12/4 5403/12/4
f 5403/12/4 5395/12/4 5404/12/4
f 5401/11/4 5402/11/4 5405/11/4
f 5405/11/4 5402/11/4 5406/11/4
f 5407/6/4 5408/6/4 5409/6/4
f 5409/6/4 5408/6/4 5410/6/4
f 5411/16/4 5412/16/4 5413/16/4
f 5413/16/4 5412/16/4 5414/16/4
f 5415/20/4 5416/20/4 5417/20/4
f 5417/20/4 5416/20/4 5418/20/4
f 5419/12/4 5420/12/4 5423/12/4
f 5423/12/4 5420/12/4 5424/12/4
f 5421/6/4 5422/6/4 5425/6/4
f 5425/6/4 5422/6/4 5426/6/4
f 5427/6/4 5428/6/4 5429/6/4
f 5429/6/4 5428/6/4 5430/6/4
f 5431/20/4 5432/20/4 5433/20/4
f 5433/20/4 5432/20/4 5434/20/4
f 5435/20/4 5436/20/4 5439/20/4
f 5439/20/4 5436/20/4 5440/20/4
f 5437/25/4 5438/25/4 5441/25/4
f 5441/25/4 5438/25/4 5442/25/4
f 5443/6/4 5444/6/4 5445/6/4
f 5445/6/4 5444/6/4 5446/6/4
f 5447/7/4 5448/7/4 5449/7/4
f 5449/7/4 5448/7/4 5450/7/4
f 5451/20/4 5452/20/4 5458/20/4
f 5458/20/4 5452/20/4 5459/20/4
f 5453/2/4 5454/2/4 5460/2/4
f 5454/16/4 5455/16/4 5461/16/4
f 5460/2/4 5454/2/4 5461/2/4
f 5455/6/4 5456/6/4 5462/6/4
f 5461/16/4 5455/16/4 5462/16/4
f 5456/27/4 5457/27/4 5463/27/4
f 5462/6/4 5456/6/4 5463/6/4
f 5463/27/4 5457/27/4 5464/27/4
f 5459/20/4 5460/20/4 5472/20/4
f 5472/20/4 5460/20/4 5473/20/4
f 5464/9/4 5465/9/4 5474/9/4
f 5474/9/4 5465/9/4 5475/9/4
f 5465/3/4 5466/3/4 5476/3/4
f 5475/9/4 5465/9/4 5476/9/4
f 5466/17/4 5467/17/4 5477/17/4
f 5476/3/4 5466/3/4 5477/3/4
f 5467/13/4 5468/13/4 5478/13/4
f 5477/17/4 5467/17/4 5478/17/4
f 5478/13/4 5468/13/4 5479/13/4
f 5469/24/4 5470/24/4 5482/24/4
f 5470/6/4 5471/6/4 5483/6/4
f 5482/24/4 5470/24/4 5483/24/4
f 5483/6/4 5471/6/4 5484/6/4
f 5479/13/4 5480/13/4 5487/13/4
f 5480/17/4 5481/17/4 5488/17/4
f 5487/13/4 5480/13/4 5488/13/4
f 5488/17/4 5481/17/4 5489/17/4
f 5484/2/4 5485/2/4 5490/2/4
f 5485/24/4 5486/24/4 5491/24/4
f 5490/2/4 5485/2/4 5491/2/4
f 5491/24/4 5486/24/4 5492/24/4
f 5493/20/4 5494/20/4 5497/20/4
f 5497/20/4 5494/20/4 5498/20/4
f 5495/7/4 5496/7/4 5499/7/4
f 5499/7/4 5496/7/4 5500/7/4
f 5501/6/4 5502/6/4 5503/6/4
f 5503/6/4 5502/6/4 5504/6/4
f 5503/12/4 5504/12/4 5505/12/4
f 5505/12/4 5504/12/4 5506/12/4
f 5507/20/4 5508/20/4 5510/20/4
f 5508/24/4 5509/24/4 5511/24/4
f 5510/20/4 5508/20/4 5511/20/4
f 5511/24/4 5509/24/4 5512/24/4
f 5511/2/4 5512/2/4 5513/2/4
f 5513/2/4 5512/2/4 5514/2/4
f 5514/16/4 5515/16/4 5518/16/4
f 5515/16/4 5516/16/4 5518/16/4
f 5516/7/4 5517/7/4 5519/7/4
f 5518/16/4 5516/16/4 5519/16/4
f 5519/7/4 5517/7/4 5520/7/4
f 5520/7/4 5521/7/4 5523/7/4
f 5521/6/4 5522/6/4 5524/6/4
f 5523/7/4 5521/7/4 5524/7/4
f 5524/6/4 5522/6/4 5525/6/4
f 5525/6/4 5526/6/4 5527/6/4
f 5527/6/4 5526/6/4 5528/6/4
f 5528/6/4 5529/6/4 5533/6/4
f 5529/16/4 5530/16/4 5534/16/4
f 5533/6/4 5529/6/4 5534/6/4
f 5530/2/4 5531/2/4 5535/2/4
f 5534/16/4 5530/16/4 5535/16/4
f 5531/24/4 5532/24/4 5536/24/4
f 5535/2/4 5531/2/4 5536/2/4
f 5536/24/4 5532/24/4 5537/24/4
f 5538/20/4 5539/20/4 5541/20/4
f 5541/20/4 5539/20/4 5542/20/4
f 5540/10/4 5541/10/4 5543/10/4
f 5541/11/4 5542/11/4 5544/11/4
f 5543/10/4 5541/10/4 5544/10/4
f 5544/11/4 5542/11/4 5545/11/4
f 5543/11/4 5544/11/4 5548/11/4
f 5548/11/4 5544/11/4 5549/11/4
f 5546/12/4 5547/12/4 5550/12/4
f 5550/12/4 5547/12/4 5551/12/4
f 5552/6/4 5553/6/4 5554/6/4
f 5554/6/4 5553/6/4 5555/6/4
f 5556/7/4 5557/7/4 5558/7/4
f 5558/7/4 5557/7/4 5559/7/4
f 5560/20/4 5561/20/4 5562/20/4
f 5560/20/4 5562/20/4 5563/20/4
f 5563/20/4 5562/20/4 5564/20/4
f 5565/6/4 5566/6/4 5567/6/4
f 5567/6/4 5566/6/4 5568/6/4
f 5568/6/4 5566/6/4 5569/6/4
f 5568/16/4 5569/16/4 5570/16/4
f 5570/16/4 5569/16/4 5571/16/4
f 5572/20/4 5573/20/4 5574/20/4
f 5574/20/4 5573/20/4 5575/20/4
f 5576/6/4 5577/6/4 5580/6/4
f 5580/6/4 5577/6/4 5581/6/4
f 5578/20/4 5579/20/4 5582/20/4
f 5582/20/4 5579/20/4 5583/20/4
f 5584/6/4 5585/6/4 5586/6/4
f 5586/6/4 5585/6/4 5587/6/4
f 5588/12/4 5589/12/4 5590/12/4
f 5590/12/4 5589/12/4 5591/12/4
f 5592/15/4 5593/15/4 5602/15/4
f 5602/15/4 5593/15/4 5603/15/4
f 5594/19/4 5595/19/4 5604/19/4
f 5595/20/4 5596/20/4 5605/20/4
f 5604/19/4 5595/19/4 5605/19/4
f 5605/20/4 5596/20/4 5606/20/4
f 5597/2/4 5598/2/4 5607/2/4
f 5598/16/4 5599/16/4 5608/16/4
f 5607/2/4 5598/2/4 5608/2/4
f 5599/6/4 5600/6/4 5609/6/4
f 5608/16/4 5599/16/4 5609/16/4
f 5600/5/4 5601/5/4 5610/5/4
f 5609/6/4 5600/6/4 5610/6/4
f 5610/5/4 5601/5/4 5611/5/4
f 5605/19/4 5606/19/4 5614/19/4
f 5606/24/4 5607/24/4 5615/24/4
f 5614/19/4 5606/19/4 5615/19/4
f 5615/24/4 5607/24/4 5616/24/4
f 5611/27/4 5612/27/4 5617/27/4
f 5617/27/4 5612/27/4 5618/27/4
f 5612/16/4 5613/16/4 5619/16/4
f 5618/27/4 5612/27/4 5619/27/4
f 5619/16/4 5613/16/4 5620/16/4
f 5620/2/4 5621/2/4 5623/2/4
f 5621/24/4 5622/24/4 5624/24/4
f 5623/2/4 5621/2/4 5624/2/4
f 5624/24/4 5622/24/4 5625/24/4
f 5626/6/4 5627/6/4 5628/6/4
f 5628/6/4 5627/6/4 5629/6/4
f 5630/7/4 5631/7/4 5632/7/4
f 5632/7/4 5631/7/4 5633/7/4
f 5634/24/4 5635/24/4 5636/24/4
f 5636/24/4 5635/24/4 5637/24/4
f 5638/24/4 5639/24/4 5642/24/4
f 5642/24/4 5639/24/4 5643/24/4
f 5640/24/4 5641/24/4 5647/24/4
f 5647/24/4 5641/24/4 5648/24/4
f 5642/20/4 5643/20/4 5649/20/4
f 5643/20/4 5644/20/4 5649/20/4
f 5649/20/4 5644/20/4 5650/20/4
f 5645/11/4 5646/11/4 5653/11/4
f 5653/11/4 5646/11/4 5654/11/4
f 5651/6/4 5652/6/4 5666/6/4
f 5666/6/4 5652/6/4 5667/6/4
f 5655/20/4 5656/20/4 5668/20/4
f 5656/24/4 5657/24/4 5669/24/4
f 5668/20/4 5656/20/4 5669/20/4
f 5669/24/4 5657/24/4 5670/24/4
f 5658/24/4 5659/24/4 5671/24/4
f 5671/24/4 5659/24/4 5672/24/4
f 5660/2/4 5661/2/4 5673/2/4
f 5661/16/4 5662/16/4 5674/16/4
f 5673/2/4 5661/2/4 5674/2/4
f 5664/7/4 5665/7/4 5675/7/4
f 5674/16/4 5662/16/4 5675/16/4
f 5662/7/4 5663/7/4 5675/7/4
f 5663/7/4 5664/7/4 5675/7/4
f 5675/7/4 5665/7/4 5676/7/4
f 5676/6/4 5677/6/4 5678/6/4
f 5678/6/4 5677/6/4 5679/6/4
f 5680/6/4 5681/6/4 5682/6/4
f 5679/6/4 5680/6/4 5682/6/4
f 5682/6/4 5681/6/4 5683/6/4
f 5683/6/4 5684/6/4 5690/6/4
f 5684/16/4 5685/16/4 5691/16/4
f 5690/6/4 5684/6/4 5691/6/4
f 5685/2/4 5686/2/4 5692/2/4
f 5691/16/4 5685/16/4 5692/16/4
f 5686/24/4 5687/24/4 5693/24/4
f 5692/2/4 5686/2/4 5693/2/4
f 5693/24/4 5687/24/4 5694/24/4
f 5688/6/4 5689/6/4 5695/6/4
f 5695/6/4 5689/6/4 5696/6/4
f 5697/15/4 5698/15/4 5699/15/4
f 5699/15/4 5698/15/4 5700/15/4
f 5701/16/4 5702/16/4 5703/16/4
f 5703/16/4 5702/16/4 5704/16/4
f 5704/6/4 5705/6/4 5706/6/4
f 5706/6/4 5705/6/4 5707/6/4
f 5707/6/4 5705/6/4 5708/6/4
f 5709/4/4 5710/4/4 5713/4/4
f 5713/4/4 5710/4/4 5714/4/4
f 5711/6/4 5712/6/4 5715/6/4
f 5715/6/4 5712/6/4 5716/6/4
f 5717/11/4 5718/11/4 5723/11/4
f 5723/11/4 5718/11/4 5724/11/4
f 5719/20/4 5720/20/4 5730/20/4
f 5730/20/4 5720/20/4 5731/20/4
f 5731/20/4 5720/20/4 5732/20/4
f 5721/24/4 5722/24/4 5733/24/4
f 5733/24/4 5722/24/4 5734/24/4
f 5725/27/4 5726/27/4 5736/27/4
f 5736/27/4 5726/27/4 5737/27/4
f 5727/20/4 5728/20/4 5738/20/4
f 5728/11/4 5729/11/4 5739/11/4
f 5738/20/4 5728/20/4 5739/20/4
f 5729/20/4 5730/20/4 5740/20/4
f 5739/11/4 5729/11/4 5740/11/4
f 5740/20/4 5730/20/4 5741/20/4
f 5735/20/4 5736/20/4 5746/20/4
f 5737/27/4 5738/27/4 5747/27/4
f 5746/20/4 5736/20/4 5747/20/4
f 5738/27/4 5739/27/4 5747/27/4
f 5736/27/4 5737/27/4 5747/27/4
f 5747/27/4 5739/27/4 5748/27/4
f 5748/27/4 5739/27/4 5749/27/4
f 5749/27/4 5739/27/4 5750/27/4
f 5740/11/4 5741/11/4 5751/11/4
f 5751/11/4 5741/11/4 5752/11/4
f 5742/24/4 5743/24/4 5754/24/4
f 5754/24/4 5743/24/4 5755/24/4
f 5744/24/4 5745/24/4 5756/24/4
f 5756/24/4 5745/24/4 5757/24/4
f 5748/27/4 5749/27/4 5758/27/4
f 5749/11/4 5750/11/4 5759/11/4
f 5758/27/4 5749/27/4 5759/27/4
f 5759/11/4 5750/11/4 5760/11/4
f 5752/20/4 5753/20/4 5761/20/4
f 5761/20/4 5753/20/4 5762/20/4
f 5763/6/4 5764/6/4 5766/6/4
f 5766/6/4 5764/6/4 5767/6/4
f 5765/7/4 5766/7/4 5769/7/4
f 5769/7/4 5766/7/4 5770/7/4
f 5768/12/4 5769/12/4 5771/12/4
f 5771/12/4 5769/12/4 5772/12/4
f 5773/15/4 5774/15/4 5775/15/4
f 5775/15/4 5774/15/4 5776/15/4
f 5777/19/4 5778/19/4 5784/19/4
f 5784/19/4 5778/19/4 5785/19/4
f 5779/2/4 5780/2/4 5787/2/4
f 5780/16/4 5781/16/4 5788/16/4
f 5787/2/4 5780/2/4 5788/2/4
f 5781/6/4 5782/6/4 5789/6/4
f 5788/16/4 5781/16/4 5789/16/4
f 5789/6/4 5782/6/4 5790/6/4
f 5783/20/4 5784/20/4 5797/20/4
f 5797/20/4 5784/20/4 5798/20/4
f 5785/20/4 5786/20/4 5799/20/4
f 5786/24/4 5787/24/4 5800/24/4
f 5799/20/4 5786/20/4 5800/20/4
f 5800/24/4 5787/24/4 5801/24/4
f 5790/7/4 5791/7/4 5802/7/4
f 5802/7/4 5791/7/4 5803/7/4
f 5791/6/4 5792/6/4 5804/6/4
f 5803/7/4 5791/7/4 5804/7/4
f 5792/16/4 5793/16/4 5805/16/4
f 5804/6/4 5792/6/4 5805/6/4
f 5793/5/4 5794/5/4 5806/5/4
f 5805/16/4 5793/16/4 5806/16/4
f 5806/5/4 5794/5/4 5807/5/4
f 5795/15/4 5796/15/4 5810/15/4
f 5810/15/4 5796/15/4 5811/15/4
f 5807/2/4 5808/2/4 5812/2/4
f 5808/24/4 5809/24/4 5813/24/4
f 5812/2/4 5808/2/4 5813/2/4
f 5813/24/4 5809/24/4 5814/24/4
f 5815/7/4 5816/7/4 5819/7/4
f 5819/7/4 5816/7/4 5820/7/4
f 5817/5/4 5818/5/4 5821/5/4
f 5821/5/4 5818/5/4 5822/5/4
f 5823/6/4 5824/6/4 5826/6/4
f 5826/6/4 5824/6/4 5827/6/4
f 5825/7/4 5826/7/4 5828/7/4
f 5828/7/4 5826/7/4 5829/7/4
f 5829/7/4 5826/7/4 5830/7/4
f 5831/15/4 5832/15/4 5842/15/4
f 5842/15/4 5832/15/4 5843/15/4
f 5833/26/4 5834/26/4 5844/26/4
f 5844/26/4 5834/26/4 5845/26/4
f 5835/16/4 5836/16/4 5847/16/4
f 5847/16/4 5836/16/4 5848/16/4
f 5837/20/4 5838/20/4 5851/20/4
f 5851/20/4 5838/20/4 5852/20/4
f 5839/20/4 5840/20/4 5853/20/4
f 5840/24/4 5841/24/4 5854/24/4
f 5853/20/4 5840/20/4 5854/20/4
f 5854/24/4 5841/24/4 5855/24/4
f 5846/20/4 5847/20/4 5859/20/4
f 5849/11/4 5850/11/4 5860/11/4
f 5860/11/4 5850/11/4 5861/11/4
f 5852/24/4 5853/24/4 5865/24/4
f 5865/24/4 5853/24/4 5866/24/4
f 5857/20/4 5858/20/4 5867/20/4
f 5856/20/4 5857/20/4 5867/20/4
f 5867/20/4 5858/20/4 5868/20/4
f 5859/20/4 5847/20/4 5869/20/4
f 5869/20/4 5847/20/4 5870/20/4
f 5861/11/4 5862/11/4 5871/11/4
f 5863/24/4 5864/24/4 5872/24/4
f 5871/11/4 5862/11/4 5872/11/4
f 5862/24/4 5863/24/4 5872/24/4
f 5872/24/4 5864/24/4 5873/24/4
f 5873/24/4 5864/24/4 5874/24/4
f 5872/20/4 5873/20/4 5883/20/4
f 5871/20/4 5872/20/4 5883/20/4
f 5883/20/4 5873/20/4 5884/20/4
f 5875/24/4 5876/24/4 5885/24/4
f 5885/24/4 5876/24/4 5886/24/4
f 5877/2/4 5878/2/4 5887/2/4
f 5878/16/4 5879/16/4 5888/16/4
f 5887/2/4 5878/2/4 5888/2/4
f 5879/7/4 5880/7/4 5889/7/4
f 5888/16/4 5879/16/4 5889/16/4
f 5880/5/4 5881/5/4 5890/5/4
f 5889/7/4 5880/7/4 5890/7/4
f 5881/7/4 5882/7/4 5891/7/4
f 5890/5/4 5881/5/4 5891/5/4
f 5891/7/4 5882/7/4 5892/7/4
f 5892/6/4 5893/6/4 5896/6/4
f 5896/6/4 5893/6/4 5897/6/4
f 5894/7/4 5895/7/4 5900/7/4
f 5900/7/4 5895/7/4 5901/7/4
f 5898/6/4 5899/6/4 5902/6/4
f 5897/6/4 5898/6/4 5902/6/4
f 5902/6/4 5899/6/4 5903/6/4
f 5903/7/4 5904/7/4 5908/7/4
f 5904/16/4 5905/16/4 5909/16/4
f 5908/7/4 5904/7/4 5909/7/4
f 5905/2/4 5906/2/4 5910/2/4
f 5909/16/4 5905/16/4 5910/16/4
f 5906/24/4 5907/24/4 5911/24/4
f 5910/2/4 5906/2/4 5911/2/4
f 5911/24/4 5907/24/4 5912/24/4
f 5913/15/4 5914/15/4 5915/15/4
f 5915/15/4 5914/15/4 5916/15/4
f 5917/3/4 5918/3/4 5921/3/4
f 5921/3/4 5918/3/4 5922/3/4
f 5919/15/4 5920/15/4 5930/15/4
f 5930/15/4 5920/15/4 5931/15/4
f 5922/3/4 5923/3/4 5932/3/4
f 5924/19/4 5925/19/4 5933/19/4
f 5933/19/4 5925/19/4 5934/19/4
f 5926/2/4 5927/2/4 5936/2/4
f 5927/16/4 5928/16/4 5937/16/4
f 5936/2/4 5927/2/4 5937/2/4
f 5928/6/4 5929/6/4 5938/6/4
f 5937/16/4 5928/16/4 5938/16/4
f 5938/6/4 5929/6/4 5939/6/4
f 5939/6/4 5929/6/4 5940/6/4
f 5922/3/4 5932/3/4 5945/3/4
f 5945/3/4 5932/3/4 5946/3/4
f 5934/19/4 5935/19/4 5947/19/4
f 5947/19/4 5935/19/4 5948/19/4
f 5940/6/4 5941/6/4 5949/6/4
f 5939/6/4 5940/6/4 5949/6/4
f 5941/7/4 5942/7/4 5950/7/4
f 5949/6/4 5941/6/4 5950/6/4
f 5950/7/4 5942/7/4 5951/7/4
f 5951/7/4 5942/7/4 5952/7/4
f 5952/7/4 5942/7/4 5953/7/4
f 5942/16/4 5943/16/4 5954/16/4
f 5953/7/4 5942/7/4 5954/7/4
f 5943/5/4 5944/5/4 5955/5/4
f 5954/16/4 5943/16/4 5955/16/4
f 5955/5/4 5944/5/4 5956/5/4
f 5956/2/4 5957/2/4 5960/2/4
f 5957/24/4 5958/24/4 5961/24/4
f 5960/2/4 5957/2/4 5961/2/4
f 5958/16/4 5959/16/4 5962/16/4
f 5961/24/4 5958/24/4 5962/24/4
f 5962/16/4 5959/16/4 5963/16/4
f 5963/16/4 5959/16/4 5964/16/4
f 5963/6/4 5964/6/4 5965/6/4
f 5965/6/4 5964/6/4 5966/6/4
f 5966/6/4 5967/6/4 5970/6/4
f 5970/6/4 5967/6/4 5971/6/4
f 5968/4/4 5969/4/4 5972/4/4
f 5972/4/4 5969/4/4 5973/4/4
f 5970/7/4 5971/7/4 5976/7/4
f 5976/7/4 5971/7/4 5977/7/4
f 5974/24/4 5975/24/4 5978/24/4
f 5978/24/4 5975/24/4 5979/24/4
f 5982/15/4 5983/15/4 5984/15/4
f 5984/15/4 5983/15/4 5985/15/4
f 5980/7/4 5981/7/4 5989/7/4
f 5989/7/4 5981/7/4 5990/7/4
f 5987/20/4 5988/20/4 5993/20/4
f 5991/24/4 5992/24/4 5995/24/4
f 5995/24/4 5992/24/4 5996/24/4
f 5986/24/4 5987/24/4 6001/24/4
f 5987/20/4 5993/20/4 6002/20/4
f 6001/24/4 5987/24/4 6002/24/4
f 6002/20/4 5993/20/4 6003/20/4
f 5994/24/4 5995/24/4 6004/24/4
f 6004/24/4 5995/24/4 6005/24/4
f 6005/24/4 5995/24/4 6006/24/4
f 5997/24/4 5998/24/4 6008/24/4
f 6008/24/4 5998/24/4 6009/24/4
f 5999/15/4 6000/15/4 6011/15/4
f 6011/15/4 6000/15/4 6012/15/4
f 6009/24/4 6010/24/4 6020/24/4
f 6008/24/4 6009/24/4 6020/24/4
f 6006/24/4 6007/24/4 6020/24/4
f 6007/24/4 6008/24/4 6020/24/4
f 6005/24/4 6006/24/4 6020/24/4
f 6020/24/4 6010/24/4 6021/24/4
f 6013/2/4 6014/2/4 6022/2/4
f 6014/16/4 6015/16/4 6023/16/4
f 6022/2/4 6014/2/4 6023/2/4
f 6015/6/4 6016/6/4 6024/6/4
f 6023/16/4 6015/16/4 6024/16/4
f 6016/7/4 6017/7/4 6025/7/4
f 6024/6/4 6016/6/4 6025/6/4
f 6025/7/4 6017/7/4 6026/7/4
f 6026/6/4 6027/6/4 6029/6/4
f 6027/5/4 6028/5/4 6030/5/4
f 6029/6/4 6027/6/4 6030/6/4
f 6030/5/4 6028/5/4 6031/5/4
f 6018/7/4 6019/7/4 6034/7/4
f 6034/7/4 6019/7/4 6035/7/4
f 6030/6/4 6031/6/4 6036/6/4
f 6031/5/4 6032/5/4 6037/5/4
f 6036/6/4 6031/6/4 6037/6/4
f 6037/5/4 6032/5/4 6038/5/4
f 6033/7/4 6034/7/4 6044/7/4
f 6044/7/4 6034/7/4 6045/7/4
f 6038/7/4 6039/7/4 6046/7/4
f 6039/16/4 6040/16/4 6047/16/4
f 6046/7/4 6039/7/4 6047/7/4
f 6040/2/4 6041/2/4 6048/2/4
f 6047/16/4 6040/16/4 6048/16/4
f 6041/24/4 6042/24/4 6049/24/4
f 6048/2/4 6041/2/4 6049/2/4
f 6049/24/4 6042/24/4 6050/24/4
f 6043/12/4 6044/12/4 6051/12/4
f 6051/12/4 6044/12/4 6052/12/4
f 6050/12/4 6051/12/4 6053/12/4
f 6053/12/4 6051/12/4 6054/12/4
f 6055/15/4 6056/15/4 6058/15/4
f 6058/15/4 6056/15/4 6059/15/4
f 6057/15/4 6058/15/4 6062/15/4
f 6062/15/4 6058/15/4 6063/15/4
f 6059/3/4 6060/3/4 6064/3/4
f 6064/3/4 6060/3/4 6065/3/4
f 6061/15/4 6062/15/4 6066/15/4
f 6066/15/4 6062/15/4 6067/15/4
f 6070/15/4 6071/15/4 6080/15/4
f 6080/15/4 6071/15/4 6081/15/4
f 6068/3/4 6069/3/4 6082/3/4
f 6082/3/4 6069/3/4 6083/3/4
f 6072/24/4 6073/24/4 6084/24/4
f 6073/19/4 6074/19/4 6085/19/4
f 6075/2/4 6076/2/4 6086/2/4
f 6076/6/4 6077/6/4 6087/6/4
f 6086/2/4 6076/2/4 6087/2/4
f 6077/16/4 6078/16/4 6088/16/4
f 6087/6/4 6077/6/4 6088/6/4
f 6078/6/4 6079/6/4 6089/6/4
f 6088/16/4 6078/16/4 6089/16/4
f 6089/6/4 6079/6/4 6090/6/4
f 6083/3/4 6084/3/4 6099/3/4
f 6084/24/4 6073/24/4 6100/24/4
f 6099/3/4 6084/3/4 6100/3/4
f 6073/19/4 6085/19/4 6101/19/4
f 6085/19/4 6086/19/4 6101/19/4
f 6101/19/4 6086/19/4 6102/19/4
f 6090/6/4 6091/6/4 6103/6/4
f 6091/7/4 6092/7/4 6104/7/4
f 6103/6/4 6091/6/4 6104/6/4
f 6092/6/4 6093/6/4 6105/6/4
f 6104/7/4 6092/7/4 6105/7/4
f 6105/6/4 6093/6/4 6106/6/4
f 6094/7/4 6095/7/4 6107/7/4
f 6107/7/4 6095/7/4 6108/7/4
f 6095/6/4 6096/6/4 6109/6/4
f 6108/7/4 6095/7/4 6109/7/4
f 6096/16/4 6097/16/4 6110/16/4
f 6109/6/4 6096/6/4 6110/6/4
f 6097/2/4 6098/2/4 6111/2/4
f 6110/16/4 6097/16/4 6111/16/4
f 6111/2/4 6098/2/4 6112/2/4
f 6100/24/4 6073/24/4 6117/24/4
f 6073/19/4 6101/19/4 6118/19/4
f 6117/24/4 6073/24/4 6118/24/4
f 6101/24/4 6102/24/4 6119/24/4
f 6118/19/4 6101/19/4 6119/19/4
f 6112/24/4 6113/24/4 6120/24/4
f 6113/16/4 6114/16/4 6121/16/4
f 6120/24/4 6113/24/4 6121/24/4
f 6115/5/4 6116/5/4 6122/5/4
f 6122/5/4 6116/5/4 6123/5/4
f 6119/24/4 6102/24/4 6128/24/4
f 6128/24/4 6102/24/4 6129/24/4
f 6121/16/4 6114/16/4 6130/16/4
f 6130/16/4 6114/16/4 6131/16/4
f 6124/4/4 6125/4/4 6133/4/4
f 6133/4/4 6125/4/4 6134/4/4
f 6134/4/4 6125/4/4 6135/4/4
f 6126/24/4 6127/24/4 6137/24/4
f 6137/24/4 6127/24/4 6138/24/4
f 6131/7/4 6132/7/4 6139/7/4
f 6139/7/4 6132/7/4 6140/7/4
f 6135/4/4 6136/4/4 6141/4/4
f 6134/4/4 6135/4/4 6141/4/4
f 6141/4/4 6136/4/4 6142/4/4
f 6142/24/4 6143/24/4 6147/24/4
f 6147/24/4 6143/24/4 6148/24/4
f 6144/7/4 6145/7/4 6151/7/4
f 6151/7/4 6145/7/4 6152/7/4
f 6146/4/4 6147/4/4 6153/4/4
f 6147/3/4 6148/3/4 6154/3/4
f 6153/4/4 6147/4/4 6154/4/4
f 6148/11/4 6149/11/4 6155/11/4
f 6154/3/4 6148/3/4 6155/3/4
f 6150/6/4 6151/6/4 6156/6/4
f 6155/11/4 6149/11/4 6159/11/4
f 6159/11/4 6149/11/4 6160/11/4
f 6156/6/4 6151/6/4 6163/6/4
f 6163/6/4 6151/6/4 6164/6/4
f 6157/15/4 6158/15/4 6165/15/4
f 6165/15/4 6158/15/4 6166/15/4
f 6160/12/4 6161/12/4 6167/12/4
f 6161/20/4 6162/20/4 6168/20/4
f 6167/12/4 6161/12/4 6168/12/4
f 6168/20/4 6162/20/4 6169/20/4
f 6167/24/4 6168/24/4 6170/24/4
f 6168/20/4 6169/20/4 6171/20/4
f 6170/24/4 6168/24/4 6171/24/4
f 6171/20/4 6169/20/4 6172/20/4
f 6173/7/4 6174/7/4 6182/7/4
f 6182/7/4 6174/7/4 6183/7/4
f 6175/15/4 6176/15/4 6186/15/4
f 6186/15/4 6176/15/4 6187/15/4
f 6179/6/4 6180/6/4 6188/6/4
f 6178/6/4 6179/6/4 6188/6/4
f 6188/6/4 6180/6/4 6189/6/4
f 6181/7/4 6182/7/4 6191/7/4
f 6184/24/4 6185/24/4 6192/24/4
f 6192/24/4 6185/24/4 6193/24/4
f 6177/2/4 6178/2/4 6198/2/4
f 6178/6/4 6188/6/4 6199/6/4
f 6198/2/4 6178/2/4 6199/2/4
f 6188/5/4 6189/5/4 6200/5/4
f 6199/6/4 6188/6/4 6200/6/4
f 6189/6/4 6190/6/4 6201/6/4
f 6200/5/4 6189/5/4 6201/5/4
f 6191/7/4 6182/7/4 6202/7/4
f 6202/7/4 6182/7/4 6203/7/4
f 6194/15/4 6195/15/4 6205/15/4
f 6205/15/4 6195/15/4 6206/15/4
f 6196/3/4 6197/3/4 6207/3/4
f 6207/3/4 6197/3/4 6208/3/4
f 6201/6/4 6190/6/4 6209/6/4
f 6209/6/4 6190/6/4 6210/6/4
f 6204/15/4 6205/15/4 6214/15/4
f 6214/15/4 6205/15/4 6215/15/4
f 6210/6/4 6211/6/4 6216/6/4
f 6216/6/4 6211/6/4 6217/6/4
f 6212/7/4 6213/7/4 6223/7/4
f 6223/7/4 6213/7/4 6224/7/4
f 6217/7/4 6218/7/4 6225/7/4
f 6218/16/4 6219/16/4 6226/16/4
f 6225/7/4 6218/7/4 6226/7/4
f 6219/5/4 6220/5/4 6227/5/4
f 6226/16/4 6219/16/4 6227/16/4
f 6220/1/4 6221/1/4 6228/1/4
f 6227/5/4 6220/5/4 6228/5/4
f 6228/1/4 6221/1/4 6229/1/4
f 6222/12/4 6223/12/4 6230/12/4
f 6230/12/4 6223/12/4 6231/12/4
f 6229/24/4 6230/24/4 6232/24/4
f 6232/24/4 6230/24/4 6233/24/4
f 6234/15/4 6235/15/4 6236/15/4
f 6236/15/4 6235/15/4 6237/15/4
f 6237/3/4 6238/3/4 6241/3/4
f 6241/3/4 6238/3/4 6242/3/4
f 6239/15/4 6240/15/4 6244/15/4
f 6244/15/4 6240/15/4 6245/15/4
f 6243/15/4 6244/15/4 6247/15/4
f 6247/15/4 6244/15/4 6248/15/4
f 6246/15/4 6247/15/4 6257/15/4
f 6257/15/4 6247/15/4 6258/15/4
f 6249/3/4 6250/3/4 6262/3/4
f 6262/3/4 6250/3/4 6263/3/4
f 6252/16/4 6253/16/4 6265/16/4
f 6253/6/4 6254/6/4 6266/6/4
f 6265/16/4 6253/16/4 6266/16/4
f 6266/6/4 6254/6/4 6267/6/4
f 6255/7/4 6256/7/4 6269/7/4
f 6269/7/4 6256/7/4 6270/7/4
f 6258/5/4 6259/5/4 6274/5/4
f 6259/4/4 6260/4/4 6275/4/4
f 6274/5/4 6259/5/4 6275/5/4
f 6275/4/4 6260/4/4 6276/4/4
f 6261/4/4 6262/4/4 6278/4/4
f 6262/4/4 6263/4/4 6278/4/4
f 6263/3/4 6264/3/4 6279/3/4
f 6270/7/4 6271/7/4 6282/7/4
f 6271/16/4 6272/16/4 6283/16/4
f 6282/7/4 6271/7/4 6283/7/4
f 6283/16/4 6272/16/4 6284/16/4
f 6272/2/4 6273/2/4 6285/2/4
f 6284/16/4 6272/16/4 6285/16/4
f 6285/2/4 6273/2/4 6286/2/4
f 6277/4/4 6278/4/4 6288/4/4
f 6276/4/4 6277/4/4 6288/4/4
f 6275/4/4 6276/4/4 6288/4/4
f 6288/4/4 6278/4/4 6289/4/4
f 6263/3/4 6279/3/4 6290/3/4
f 6289/4/4 6278/4/4 6290/4/4
f 6278/4/4 6263/4/4 6290/4/4
f 6279/11/4 6280/11/4 6291/11/4
f 6290/3/4 6279/3/4 6291/3/4
f 6280/19/4 6281/19/4 6292/19/4
f 6291/11/4 6280/11/4 6292/11/4
f 6292/19/4 6281/19/4 6293/19/4
f 6251/2/4 6252/2/4 6294/2/4
f 6252/16/4 6265/16/4 6295/16/4
f 6294/2/4 6252/2/4 6295/2/4
f 6267/6/4 6268/6/4 6296/6/4
f 6295/16/4 6265/16/4 6296/16/4
f 6265/6/4 6266/6/4 6296/6/4
f 6266/6/4 6267/6/4 6296/6/4
f 6296/6/4 6268/6/4 6297/6/4
f 6268/7/4 6269/7/4 6298/7/4
f 6298/7/4 6269/7/4 6299/7/4
f 6286/24/4 6287/24/4 6300/24/4
f 6300/24/4 6287/24/4 6301/24/4
f 6275/4/4 6288/4/4 6303/4/4
f 6303/4/4 6288/4/4 6304/4/4
f 6289/4/4 6290/4/4 6305/4/4
f 6305/4/4 6290/4/4 6306/4/4
f 6306/4/4 6290/4/4 6307/4/4
f 6307/4/4 6290/4/4 6308/4/4
f 6291/11/4 6292/11/4 6309/11/4
f 6293/24/4 6294/24/4 6310/24/4
f 6292/20/4 6293/20/4 6310/20/4
f 6310/24/4 6294/24/4 6311/24/4
f 6297/6/4 6268/6/4 6312/6/4
f 6268/7/4 6298/7/4 6313/7/4
f 6312/6/4 6268/6/4 6313/6/4
f 6298/6/4 6299/6/4 6314/6/4
f 6313/7/4 6298/7/4 6314/7/4
f 6299/7/4 6269/7/4 6315/7/4
f 6314/6/4 6299/6/4 6315/6/4
f 6315/7/4 6269/7/4 6316/7/4
f 6301/16/4 6302/16/4 6317/16/4
f 6317/16/4 6302/16/4 6318/16/4
f 6306/4/4 6307/4/4 6320/4/4
f 6308/20/4 6309/20/4 6321/20/4
f 6320/4/4 6307/4/4 6321/4/4
f 6307/20/4 6308/20/4 6321/20/4
f 6309/11/4 6292/11/4 6322/11/4
f 6321/20/4 6309/20/4 6322/20/4
f 6318/7/4 6319/7/4 6323/7/4
f 6321/11/4 6322/11/4 6327/11/4
f 6327/11/4 6322/11/4 6328/11/4
f 6322/11/4 6292/11/4 6329/11/4
f 6328/11/4 6322/11/4 6329/11/4
f 6292/20/4 6310/20/4 6330/20/4
f 6329/11/4 6292/11/4 6330/11/4
f 6323/7/4 6319/7/4 6331/7/4
f 6331/7/4 6319/7/4 6332/7/4
f 6324/5/4 6325/5/4 6335/5/4
f 6325/4/4 6326/4/4 6336/4/4
f 6335/5/4 6325/5/4 6336/5/4
f 6336/4/4 6326/4/4 6337/4/4
f 6328/11/4 6329/11/4 6339/11/4
f 6329/12/4 6330/12/4 6339/12/4
f 6330/20/4 6310/20/4 6340/20/4
f 6339/12/4 6330/12/4 6340/12/4
f 6340/20/4 6310/20/4 6341/20/4
f 6333/15/4 6334/15/4 6342/15/4
f 6342/15/4 6334/15/4 6343/15/4
f 6337/4/4 6338/4/4 6344/4/4
f 6344/4/4 6338/4/4 6345/4/4
f 6328/11/4 6339/11/4 6346/11/4
f 6339/20/4 6340/20/4 6347/20/4
f 6346/11/4 6339/11/4 6347/11/4
f 6340/24/4 6341/24/4 6348/24/4
f 6347/20/4 6340/20/4 6348/20/4
f 6348/24/4 6341/24/4 6353/24/4
f 6353/24/4 6341/24/4 6354/24/4
f 6349/6/4 6350/6/4 6358/6/4
f 6358/6/4 6350/6/4 6359/6/4
f 6351/3/4 6352/3/4 6362/3/4
f 6362/3/4 6352/3/4 6363/3/4
f 6354/16/4 6355/16/4 6364/16/4
f 6355/16/4 6356/16/4 6364/16/4
f 6356/6/4 6357/6/4 6365/6/4
f 6364/16/4 6356/16/4 6365/16/4
f 6365/6/4 6357/6/4 6366/6/4
f 6358/7/4 6359/7/4 6368/7/4
f 6368/7/4 6359/7/4 6369/7/4
f 6360/15/4 6361/15/4 6370/15/4
f 6370/15/4 6361/15/4 6371/15/4
f 6353/2/4 6354/2/4 6374/2/4
f 6354/16/4 6364/16/4 6375/16/4
f 6374/2/4 6354/2/4 6375/2/4
f 6366/6/4 6367/6/4 6376/6/4
f 6375/16/4 6364/16/4 6376/16/4
f 6364/6/4 6365/6/4 6376/6/4
f 6365/6/4 6366/6/4 6376/6/4
f 6376/6/4 6367/6/4 6377/6/4
f 6372/3/4 6373/3/4 6381/3/4
f 6377/6/4 6367/6/4 6382/6/4
f 6382/6/4 6367/6/4 6383/6/4
f 6378/15/4 6379/15/4 6386/15/4
f 6386/15/4 6379/15/4 6387/15/4
f 6380/3/4 6381/3/4 6389/3/4
f 6381/3/4 6373/3/4 6390/3/4
f 6389/3/4 6381/3/4 6390/3/4
f 6388/3/4 6389/3/4 6393/3/4
f 6393/3/4 6389/3/4 6394/3/4
f 6391/6/4 6392/6/4 6395/6/4
f 6395/6/4 6392/6/4 6396/6/4
f 6384/7/4 6385/7/4 6403/7/4
f 6403/7/4 6385/7/4 6404/7/4
f 6396/7/4 6397/7/4 6405/7/4
f 6397/16/4 6398/16/4 6406/16/4
f 6405/7/4 6397/7/4 6406/7/4
f 6398/16/4 6399/16/4 6406/16/4
f 6399/7/4 6400/7/4 6407/7/4
f 6406/16/4 6399/16/4 6407/16/4
f 6400/1/4 6401/1/4 6408/1/4
f 6407/7/4 6400/7/4 6408/7/4
f 6408/1/4 6401/1/4 6409/1/4
f 6402/12/4 6403/12/4 6410/12/4
f 6410/12/4 6403/12/4 6411/12/4
f 6409/24/4 6410/24/4 6412/24/4
f 6412/24/4 6410/24/4 6413/24/4
f 6414/15/4 6415/15/4 6417/15/4
f 6415/3/4 6416/3/4 6418/3/4
f 6417/15/4 6415/15/4 6418/15/4
f 6418/3/4 6416/3/4 6419/3/4
f 6417/3/4 6418/3/4 6421/3/4
f 6419/3/4 6420/3/4 6421/3/4
f 6418/3/4 6419/3/4 6421/3/4
f 6421/3/4 6420/3/4 6422/3/4
f 6422/3/4 6420/3/4 6423/3/4
f 6423/3/4 6420/3/4 6424/3/4
f 6422/3/4 6423/3/4 6427/3/4
f 6423/4/4 6424/4/4 6427/4/4
f 6427/4/4 6424/4/4 6428/4/4
f 6425/4/4 6426/4/4 6429/4/4
f 6429/4/4 6426/4/4 6430/4/4
f 6421/4/4 6422/4/4 6431/4/4
f 6422/3/4 6427/3/4 6432/3/4
f 6427/3/4 6428/3/4 6432/3/4
f 6432/3/4 6428/3/4 6433/3/4
f 6430/4/4 6431/4/4 6436/4/4
f 6422/3/4 6432/3/4 6437/3/4
f 6436/4/4 6431/4/4 6437/4/4
f 6431/4/4 6422/4/4 6437/4/4
f 6437/3/4 6432/3/4 6438/3/4
f 6434/7/4 6435/7/4 6439/7/4
f 6441/2/4 6442/2/4 6447/2/4
f 6443/2/4 6444/2/4 6450/2/4
f 6444/16/4 6445/16/4 6451/16/4
f 6450/2/4 6444/2/4 6451/2/4
f 6445/6/4 6446/6/4 6452/6/4
f 6434/7/4 6439/7/4 6454/7/4
f 6439/7/4 6440/7/4 6454/7/4
f 6440/16/4 6441/16/4 6455/16/4
f 6441/2/4 6447/2/4 6456/2/4
f 6455/16/4 6441/16/4 6456/16/4
f 6447/24/4 6448/24/4 6457/24/4
f 6451/16/4 6445/16/4 6459/16/4
f 6450/16/4 6451/16/4 6459/16/4
f 6452/6/4 6453/6/4 6460/6/4
f 6459/16/4 6445/16/4 6460/16/4
f 6445/6/4 6452/6/4 6460/6/4
f 6453/7/4 6454/7/4 6461/7/4
f 6440/16/4 6455/16/4 6462/16/4
f 6461/7/4 6454/7/4 6462/7/4
f 6454/7/4 6440/7/4 6462/7/4
f 6455/6/4 6456/6/4 6463/6/4
f 6462/16/4 6455/16/4 6463/16/4
f 6456/2/4 6447/2/4 6464/2/4
f 6463/6/4 6456/6/4 6464/6/4
f 6457/16/4 6458/16/4 6465/16/4
f 6447/24/4 6457/24/4 6465/24/4
f 6465/16/4 6458/16/4 6466/16/4
f 6460/6/4 6453/6/4 6467/6/4
f 6453/7/4 6461/7/4 6467/7/4
f 6459/6/4 6460/6/4 6467/6/4
f 6467/7/4 6461/7/4 6468/7/4
f 6464/2/4 6447/2/4 6469/2/4
f 6447/24/4 6465/24/4 6470/24/4
f 6469/2/4 6447/2/4 6470/2/4
f 6449/2/4 6450/2/4 6475/2/4
f 6450/16/4 6459/16/4 6476/16/4
f 6475/2/4 6450/2/4 6476/2/4
f 6470/24/4 6465/24/4 6477/24/4
f 6465/6/4 6466/6/4 6478/6/4
f 6477/24/4 6465/24/4 6478/24/4
f 6478/6/4 6466/6/4 6479/6/4
f 6471/4/4 6472/4/4 6480/4/4
f 6472/5/4 6473/5/4 6481/5/4
f 6480/4/4 6472/4/4 6481/4/4
f 6473/4/4 6474/4/4 6482/4/4
f 6481/5/4 6473/5/4 6482/5/4
f 6482/4/4 6474/4/4 6483/4/4
f 6477/6/4 6478/6/4 6486/6/4
f 6478/7/4 6479/7/4 6487/7/4
f 6486/6/4 6478/6/4 6487/6/4
f 6487/7/4 6479/7/4 6488/7/4
f 6484/4/4 6485/4/4 6492/4/4
f 6492/4/4 6485/4/4 6493/4/4
f 6493/4/4 6485/4/4 6494/4/4
f 6475/1/4 6476/1/4 6495/1/4
f 6476/16/4 6459/16/4 6496/16/4
f 6495/1/4 6476/1/4 6496/1/4
f 6467/6/4 6468/6/4 6497/6/4
f 6496/16/4 6459/16/4 6497/16/4
f 6459/6/4 6467/6/4 6497/6/4
f 6497/6/4 6468/6/4 6498/6/4
f 6498/6/4 6468/6/4 6499/6/4
f 6489/15/4 6490/15/4 6500/15/4
f 6500/15/4 6490/15/4 6501/15/4
f 6492/4/4 6493/4/4 6502/4/4
f 6491/4/4 6492/4/4 6502/4/4
f 6502/4/4 6493/4/4 6503/4/4
f 6498/6/4 6499/6/4 6505/6/4
f 6505/6/4 6499/6/4 6506/6/4
f 6506/6/4 6499/6/4 6507/6/4
f 6487/6/4 6488/6/4 6510/6/4
f 6503/3/4 6504/3/4 6513/3/4
f 6502/3/4 6503/3/4 6513/3/4
f 6513/3/4 6504/3/4 6514/3/4
f 6514/3/4 6504/3/4 6515/3/4
f 6515/3/4 6504/3/4 6516/3/4
f 6507/7/4 6508/7/4 6517/7/4
f 6509/6/4 6510/6/4 6523/6/4
f 6510/6/4 6488/6/4 6524/6/4
f 6523/6/4 6510/6/4 6524/6/4
f 6524/6/4 6488/6/4 6525/6/4
f 6511/15/4 6512/15/4 6526/15/4
f 6526/15/4 6512/15/4 6527/15/4
f 6514/3/4 6515/3/4 6529/3/4
f 6529/3/4 6515/3/4 6530/3/4
f 6521/16/4 6522/16/4 6531/16/4
f 6522/16/4 6523/16/4 6531/16/4
f 6520/1/4 6521/1/4 6531/1/4
f 6531/16/4 6523/16/4 6532/16/4
f 6523/6/4 6524/6/4 6533/6/4
f 6532/16/4 6523/16/4 6533/16/4
f 6533/6/4 6524/6/4 6534/6/4
f 6528/3/4 6529/3/4 6537/3/4
f 6537/3/4 6529/3/4 6538/3/4
f 6506/6/4 6507/6/4 6539/6/4
f 6507/7/4 6517/7/4 6540/7/4
f 6539/6/4 6507/6/4 6540/6/4
f 6517/7/4 6518/7/4 6540/7/4
f 6540/7/4 6518/7/4 6541/7/4
f 6518/16/4 6519/16/4 6542/16/4
f 6541/7/4 6518/7/4 6542/7/4
f 6535/15/4 6536/15/4 6544/15/4
f 6536/3/4 6537/3/4 6545/3/4
f 6544/15/4 6536/15/4 6545/15/4
f 6545/3/4 6537/3/4 6546/3/4
f 6540/7/4 6541/7/4 6547/7/4
f 6541/6/4 6542/6/4 6548/6/4
f 6547/7/4 6541/7/4 6548/7/4
f 6542/16/4 6519/16/4 6549/16/4
f 6548/6/4 6542/6/4 6549/6/4
f 6519/7/4 6520/7/4 6550/7/4
f 6549/16/4 6519/16/4 6550/16/4
f 6520/1/4 6531/1/4 6551/1/4
f 6550/7/4 6520/7/4 6551/7/4
f 6531/24/4 6532/24/4 6552/24/4
f 6551/1/4 6531/1/4 6552/1/4
f 6532/16/4 6533/16/4 6553/16/4
f 6552/24/4 6532/24/4 6553/24/4
f 6553/16/4 6533/16/4 6554/16/4
f 6543/15/4 6544/15/4 6555/15/4
f 6555/15/4 6544/15/4 6556/15/4
f 6552/24/4 6553/24/4 6557/24/4
f 6557/24/4 6553/24/4 6558/24/4
f 6559/15/4 6560/15/4 6562/15/4
f 6562/15/4 6560/15/4 6563/15/4
f 6561/15/4 6562/15/4 6565/15/4
f 6562/4/4 6563/4/4 6566/4/4
f 6565/15/4 6562/15/4 6566/15/4
f 6564/15/4 6565/15/4 6567/15/4
f 6567/15/4 6565/15/4 6568/15/4
f 6566/4/4 6563/4/4 6569/4/4
f 6569/4/4 6563/4/4 6570/4/4
f 6571/7/4 6572/7/4 6575/7/4
f 6575/7/4 6572/7/4 6576/7/4
f 6576/7/4 6572/7/4 6577/7/4
f 6572/16/4 6573/16/4 6578/16/4
f 6577/7/4 6572/7/4 6578/7/4
f 6573/6/4 6574/6/4 6579/6/4
f 6578/16/4 6573/16/4 6579/16/4
f 6579/6/4 6574/6/4 6580/6/4
f 6575/6/4 6576/6/4 6587/6/4
f 6576/7/4 6577/7/4 6588/7/4
f 6587/6/4 6576/6/4 6588/6/4
f 6580/24/4 6581/24/4 6589/24/4
f 6582/15/4 6583/15/4 6591/15/4
f 6583/4/4 6584/4/4 6592/4/4
f 6591/15/4 6583/15/4 6592/15/4
f 6592/4/4 6584/4/4 6593/4/4
f 6593/4/4 6584/4/4 6594/4/4
f 6585/4/4 6586/4/4 6595/4/4
f 6595/4/4 6586/4/4 6596/4/4
f 6596/4/4 6586/4/4 6597/4/4
f 6575/6/4 6587/6/4 6598/6/4
f 6587/7/4 6588/7/4 6599/7/4
f 6598/6/4 6587/6/4 6599/6/4
f 6595/4/4 6596/4/4 6602/4/4
f 6594/4/4 6595/4/4 6602/4/4
f 6602/4/4 6596/4/4 6603/4/4
f 6603/4/4 6596/4/4 6604/4/4
f 6598/7/4 6599/7/4 6605/7/4
f 6599/7/4 6588/7/4 6606/7/4
f 6605/7/4 6599/7/4 6606/7/4
f 6588/7/4 6577/7/4 6607/7/4
f 6606/7/4 6588/7/4 6607/7/4
f 6577/16/4 6578/16/4 6608/16/4
f 6607/7/4 6577/7/4 6608/7/4
f 6579/2/4 6580/2/4 6609/2/4
f 6580/24/4 6589/24/4 6609/24/4
f 6589/6/4 6590/6/4 6610/6/4
f 6609/24/4 6589/24/4 6610/24/4
f 6610/6/4 6590/6/4 6611/6/4
f 6600/15/4 6601/15/4 6612/15/4
f 6612/15/4 6601/15/4 6613/15/4
f 6603/3/4 6604/3/4 6614/3/4
f 6614/3/4 6604/3/4 6615/3/4
f 6606/7/4 6607/7/4 6617/7/4
f 6607/16/4 6608/16/4 6618/16/4
f 6617/7/4 6607/7/4 6618/7/4
f 6578/7/4 6579/7/4 6619/7/4
f 6618/16/4 6608/16/4 6619/16/4
f 6608/16/4 6578/16/4 6619/16/4
f 6579/2/4 6609/2/4 6620/2/4
f 6619/7/4 6579/7/4 6620/7/4
f 6609/6/4 6610/6/4 6621/6/4
f 6620/2/4 6609/2/4 6621/2/4
f 6621/6/4 6610/6/4 6622/6/4
f 6615/3/4 6616/3/4 6625/3/4
f 6614/3/4 6615/3/4 6625/3/4
f 6625/3/4 6616/3/4 6626/3/4
f 6623/15/4 6624/15/4 6627/15/4
f 6624/3/4 6625/3/4 6628/3/4
f 6627/15/4 6624/15/4 6628/15/4
f 6628/3/4 6625/3/4 6629/3/4
f 6630/4/4 6631/4/4 6634/4/4
f 6634/4/4 6631/4/4 6635/4/4
f 6632/15/4 6633/15/4 6636/15/4
f 6633/4/4 6634/4/4 6637/4/4
f 6636/15/4 6633/15/4 6637/15/4
f 6637/4/4 6634/4/4 6638/4/4
f 6638/4/4 6639/4/4 6640/4/4
f 6637/15/4 6638/15/4 6640/15/4
f 6640/4/4 6639/4/4 6641/4/4
f 6637/15/4 6640/15/4 6642/15/4
f 6640/3/4 6641/3/4 6643/3/4
f 6642/15/4 6640/15/4 6643/15/4
f 6643/3/4 6641/3/4 6644/3/4
f 6648/15/5 6646/15/5 6645/15/5
f 6649/15/5 6646/15/5 6648/15/5
f 6652/15/5 6648/15/5 6647/15/5
f 6653/15/5 6648/15/5 6652/15/5
f 6654/15/5 6651/15/5 6650/15/5
f 6656/15/5 6655/15/5 6654/15/5
f 6658/15/5 6657/15/5 6656/15/5
f 6662/15/5 6654/15/5 6650/15/5
f 6662/15/5 6656/15/5 6654/15/5
f 6662/15/5 6659/15/5 6658/15/5
f 6662/15/5 6658/15/5 6656/15/5
f 6663/15/5 6659/15/5 6662/15/5
f 6664/15/5 6659/15/5 6663/15/5
f 6665/15/5 6659/15/5 6664/15/5
f 6666/15/5 6661/15/5 6660/15/5
f 6667/15/5 6661/15/5 6666/15/5
f 6668/6/5 6664/6/5 6663/6/5
f 6669/15/5 6665/15/5 6664/15/5
f 6669/6/5 6664/6/5 6668/6/5
f 6669/15/5 6666/15/5 6665/15/5
f 6670/15/5 6666/15/5 6669/15/5
f 6676/15/5 6672/15/5 6671/15/5
f 6677/15/5 6672/15/5 6676/15/5
f 6679/15/5 6674/15/5 6673/15/5
f 6680/15/5 6674/15/5 6679/15/5
f 6681/15/5 6678/15/5 6677/15/5
f 6681/15/5 6676/15/5 6675/15/5
f 6681/15/5 6677/15/5 6676/15/5
f 6682/15/5 6678/15/5 6681/15/5
f 6683/15/5 6681/15/5 6675/15/5
f 6684/15/5 6681/15/5 6683/15/5
f 6685/15/5 6683/15/5 6675/15/5
f 6686/15/5 6683/15/5 6685/15/5
f 6692/15/5 6688/15/5 6687/15/5
f 6693/15/5 6688/15/5 6692/15/5
f 6696/15/5 6690/15/5 6689/15/5
f 6697/15/5 6690/15/5 6696/15/5
f 6699/15/5 6692/15/5 6691/15/5
f 6700/15/5 6692/15/5 6699/15/5
f 6701/5/5 6694/5/5 6693/5/5
f 6702/5/5 6696/5/5 6695/5/5
f 6703/15/5 6698/15/5 6697/15/5
f 6703/5/5 6696/5/5 6702/5/5
f 6703/15/5 6697/15/5 6696/15/5
f 6704/15/5 6698/15/5 6703/15/5
f 6708/5/5 6701/5/5 6700/5/5
f 6709/5/5 6694/5/5 6701/5/5
f 6709/5/5 6701/5/5 6708/5/5
f 6710/5/5 6694/5/5 6709/5/5
f 6711/15/5 6705/15/5 6704/15/5
f 6711/15/5 6704/15/5 6703/15/5
f 6712/15/5 6705/15/5 6711/15/5
f 6713/15/5 6705/15/5 6712/15/5
f 6717/15/5 6707/15/5 6706/15/5
f 6718/5/5 6708/5/5 6707/5/5
f 6718/15/5 6707/15/5 6717/15/5
f 6718/5/5 6709/5/5 6708/5/5
f 6719/5/5 6709/5/5 6718/5/5
f 6720/5/5 6709/5/5 6719/5/5
f 6721/15/5 6714/15/5 6713/15/5
f 6721/15/5 6713/15/5 6712/15/5
f 6722/15/5 6714/15/5 6721/15/5
f 6723/15/5 6714/15/5 6722/15/5
f 6724/15/5 6716/15/5 6715/15/5
f 6725/15/5 6716/15/5 6724/15/5
f 6727/5/5 6719/5/5 6718/5/5
f 6728/5/5 6719/5/5 6727/5/5
f 6729/15/5 6723/15/5 6722/15/5
f 6729/15/5 6726/15/5 6725/15/5
f 6729/15/5 6725/15/5 6724/15/5
f 6729/15/5 6724/15/5 6723/15/5
f 6730/15/5 6726/15/5 6729/15/5
f 6731/15/5 6726/15/5 6730/15/5
f 6732/15/5 6726/15/5 6731/15/5
f 6733/15/5 6726/15/5 6732/15/5
f 6734/15/5 6731/15/5 6730/15/5
f 6735/15/5 6731/15/5 6734/15/5
f 6738/5/5 6737/5/5 6736/5/5
f 6739/5/5 6737/5/5 6738/5/5
f 6743/15/5 6739/15/5 6738/15/5
f 6743/5/5 6740/5/5 6739/5/5
f 6744/5/5 6740/5/5 6743/5/5
f 6746/15/5 6742/15/5 6741/15/5
f 6747/15/5 6742/15/5 6746/15/5
f 6748/15/5 6743/15/5 6738/15/5
f 6749/15/5 6745/15/5 6744/15/5
f 6753/15/5 6742/15/5 6747/15/5
f 6756/15/5 6748/15/5 6738/15/5
f 6756/15/5 6749/15/5 6748/15/5
f 6757/15/5 6749/15/5 6756/15/5
f 6759/15/5 6753/15/5 6752/15/5
f 6760/15/5 6742/15/5 6753/15/5
f 6760/15/5 6753/15/5 6759/15/5
f 6761/15/5 6742/15/5 6760/15/5
f 6762/15/5 6749/15/5 6757/15/5
f 6763/15/5 6745/15/5 6749/15/5
f 6763/15/5 6749/15/5 6762/15/5
f 6764/15/5 6751/15/5 6750/15/5
f 6765/15/5 6759/15/5 6758/15/5
f 6765/15/5 6760/15/5 6759/15/5
f 6766/15/5 6760/15/5 6765/15/5
f 6767/15/5 6760/15/5 6766/15/5
f 6768/15/5 6755/15/5 6754/15/5
f 6769/15/5 6755/15/5 6768/15/5
f 6770/15/5 6745/15/5 6763/15/5
f 6771/15/5 6745/15/5 6770/15/5
f 6772/15/5 6766/15/5 6765/15/5
f 6772/15/5 6764/15/5 6750/15/5
f 6772/15/5 6765/15/5 6764/15/5
f 6773/15/5 6766/15/5 6772/15/5
f 6774/15/5 6766/15/5 6773/15/5
f 6775/15/5 6766/15/5 6774/15/5
f 6776/15/5 6774/15/5 6773/15/5
f 6777/15/5 6774/15/5 6776/15/5
f 6778/15/5 6776/15/5 6773/15/5
f 6779/15/5 6776/15/5 6778/15/5
f 6785/15/5 6781/15/5 6780/15/5
f 6786/4/5 6782/4/5 6781/4/5
f 6786/15/5 6781/15/5 6785/15/5
f 6787/4/5 6782/4/5 6786/4/5
f 6788/15/5 6784/15/5 6783/15/5
f 6789/15/5 6784/15/5 6788/15/5
f 6791/5/5 6787/5/5 6786/5/5
f 6791/5/5 6786/5/5 6785/5/5
f 6792/5/5 6787/5/5 6791/5/5
f 6793/15/5 6790/15/5 6789/15/5
f 6793/15/5 6789/15/5 6788/15/5
f 6794/15/5 6790/15/5 6793/15/5
f 6795/15/5 6790/15/5 6794/15/5
f 6799/5/5 6787/5/5 6792/5/5
f 6801/15/5 6796/15/5 6795/15/5
f 6801/15/5 6795/15/5 6794/15/5
f 6802/15/5 6796/15/5 6801/15/5
f 6803/15/5 6796/15/5 6802/15/5
f 6804/15/5 6798/15/5 6797/15/5
f 6805/15/5 6798/15/5 6804/15/5
f 6808/5/5 6800/5/5 6799/5/5
f 6808/5/5 6799/5/5 6792/5/5
f 6809/5/5 6800/5/5 6808/5/5
f 6810/5/5 6800/5/5 6809/5/5
f 6812/15/5 6803/15/5 6802/15/5
f 6812/15/5 6805/15/5 6804/15/5
f 6812/15/5 6804/15/5 6803/15/5
f 6812/15/5 6806/15/5 6805/15/5
f 6813/15/5 6806/15/5 6812/15/5
f 6814/15/5 6806/15/5 6813/15/5
f 6815/15/5 6806/15/5 6814/15/5
f 6817/6/5 6809/6/5 6808/6/5
f 6817/6/5 6808/6/5 6807/6/5
f 6818/5/5 6811/5/5 6810/5/5
f 6818/5/5 6810/5/5 6809/5/5
f 6818/6/5 6809/6/5 6817/6/5
f 6819/5/5 6811/5/5 6818/5/5
f 6820/15/5 6814/15/5 6813/15/5
f 6821/15/5 6814/15/5 6820/15/5
f 6822/15/5 6806/15/5 6815/15/5
f 6823/15/5 6806/15/5 6822/15/5
f 6824/5/5 6817/5/5 6816/5/5
f 6825/6/5 6818/6/5 6817/6/5
f 6825/5/5 6817/5/5 6824/5/5
f 6826/6/5 6818/6/5 6825/6/5
f 6827/6/5 6818/6/5 6826/6/5
f 6828/5/5 6811/5/5 6819/5/5
f 6829/5/5 6811/5/5 6828/5/5
f 6830/5/5 6825/5/5 6824/5/5
f 6830/5/5 6826/5/5 6825/5/5
f 6831/5/5 6826/5/5 6830/5/5
f 6834/6/5 6833/6/5 6832/6/5
f 6836/6/5 6834/6/5 6832/6/5
f 6837/5/5 6835/5/5 6834/5/5
f 6837/6/5 6834/6/5 6836/6/5
f 6838/5/5 6835/5/5 6837/5/5
f 6844/5/5 6840/5/5 6839/5/5
f 6845/6/5 6841/6/5 6840/6/5
f 6845/5/5 6840/5/5 6844/5/5
f 6846/6/5 6841/6/5 6845/6/5
f 6848/6/5 6843/6/5 6842/6/5
f 6849/6/5 6843/6/5 6848/6/5
f 6850/5/5 6846/5/5 6845/5/5
f 6851/6/5 6847/6/5 6846/6/5
f 6851/5/5 6846/5/5 6850/5/5
f 6852/6/5 6847/6/5 6851/6/5
f 6856/5/5 6853/5/5 6852/5/5
f 6856/5/5 6852/5/5 6851/5/5
f 6857/5/5 6853/5/5 6856/5/5
f 6858/15/5 6855/15/5 6854/15/5
f 6860/15/5 6858/15/5 6854/15/5
f 6863/5/5 6856/5/5 6851/5/5
f 6864/5/5 6856/5/5 6863/5/5
f 6866/15/5 6860/15/5 6859/15/5
f 6867/15/5 6858/15/5 6860/15/5
f 6867/15/5 6860/15/5 6866/15/5
f 6868/15/5 6858/15/5 6867/15/5
f 6870/15/5 6862/15/5 6861/15/5
f 6871/15/5 6862/15/5 6870/15/5
f 6872/5/5 6863/5/5 6851/5/5
f 6873/5/5 6863/5/5 6872/5/5
f 6877/15/5 6867/15/5 6866/15/5
f 6877/15/5 6866/15/5 6865/15/5
f 6878/15/5 6867/15/5 6877/15/5
f 6879/15/5 6867/15/5 6878/15/5
f 6880/4/5 6875/4/5 6874/4/5
f 6881/4/5 6875/4/5 6880/4/5
f 6883/15/5 6878/15/5 6877/15/5
f 6883/15/5 6877/15/5 6876/15/5
f 6884/15/5 6878/15/5 6883/15/5
f 6885/15/5 6878/15/5 6884/15/5
f 6886/15/5 6869/15/5 6868/15/5
f 6887/15/5 6869/15/5 6886/15/5
f 6888/15/5 6872/15/5 6871/15/5
f 6889/15/5 6872/15/5 6888/15/5
f 6890/15/5 6884/15/5 6883/15/5
f 6890/15/5 6883/15/5 6882/15/5
f 6891/15/5 6884/15/5 6890/15/5
f 6892/15/5 6884/15/5 6891/15/5
f 6893/15/5 6891/15/5 6890/15/5
f 6894/15/5 6891/15/5 6893/15/5
f 6898/4/5 6896/4/5 6895/4/5
f 6899/4/5 6896/4/5 6898/4/5
f 6903/15/5 6898/15/5 6897/15/5
f 6904/15/5 6898/15/5 6903/15/5
f 6907/15/5 6901/15/5 6900/15/5
f 6908/15/5 6901/15/5 6907/15/5
f 6909/15/5 6901/15/5 6908/15/5
f 6911/15/5 6903/15/5 6902/15/5
f 6912/15/5 6903/15/5 6911/15/5
f 6913/4/5 6906/4/5 6905/4/5
f 6914/4/5 6906/4/5 6913/4/5
f 6916/15/5 6910/15/5 6909/15/5
f 6916/15/5 6909/15/5 6908/15/5
f 6917/15/5 6910/15/5 6916/15/5
f 6918/15/5 6910/15/5 6917/15/5
f 6921/5/5 6915/5/5 6914/5/5
f 6921/5/5 6914/5/5 6913/5/5
f 6922/5/5 6915/5/5 6921/5/5
f 6923/15/5 6918/15/5 6917/15/5
f 6924/15/5 6918/15/5 6923/15/5
f 6926/15/5 6920/15/5 6919/15/5
f 6927/15/5 6920/15/5 6926/15/5
f 6928/5/5 6915/5/5 6922/5/5
f 6929/5/5 6915/5/5 6928/5/5
f 6930/15/5 6926/15/5 6925/15/5
f 6931/15/5 6926/15/5 6930/15/5
f 6939/4/5 6931/4/5 6930/4/5
f 6940/3/5 6932/3/5 6931/3/5
f 6940/4/5 6931/4/5 6939/4/5
f 6941/3/5 6932/3/5 6940/3/5
f 6944/6/5 6934/6/5 6933/6/5
f 6945/6/5 6934/6/5 6944/6/5
f 6946/5/5 6936/5/5 6935/5/5
f 6947/5/5 6936/5/5 6946/5/5
f 6948/5/5 6938/5/5 6937/5/5
f 6950/4/5 6942/4/5 6941/4/5
f 6951/4/5 6942/4/5 6950/4/5
f 6953/6/5 6945/6/5 6944/6/5
f 6953/6/5 6946/6/5 6945/6/5
f 6953/6/5 6944/6/5 6943/6/5
f 6954/6/5 6946/6/5 6953/6/5
f 6955/6/5 6946/6/5 6954/6/5
f 6956/5/5 6949/5/5 6948/5/5
f 6956/5/5 6948/5/5 6937/5/5
f 6957/5/5 6949/5/5 6956/5/5
f 6958/5/5 6949/5/5 6957/5/5
f 6959/5/5 6953/5/5 6952/5/5
f 6960/6/5 6954/6/5 6953/6/5
f 6960/5/5 6953/5/5 6959/5/5
f 6961/6/5 6954/6/5 6960/6/5
f 6962/6/5 6958/6/5 6957/6/5
f 6963/6/5 6958/6/5 6962/6/5
f 6966/5/5 6965/5/5 6964/5/5
f 6967/5/5 6965/5/5 6966/5/5
f 6973/6/5 6969/6/5 6968/6/5
f 6974/6/5 6969/6/5 6973/6/5
f 6979/15/5 6971/15/5 6970/15/5
f 6980/5/5 6972/5/5 6971/5/5
f 6980/15/5 6971/15/5 6979/15/5
f 6981/5/5 6972/5/5 6980/5/5
f 6982/6/5 6969/6/5 6974/6/5
f 6983/6/5 6969/6/5 6982/6/5
f 6984/24/5 6976/24/5 6975/24/5
f 6985/24/5 6976/24/5 6984/24/5
f 6989/5/5 6978/5/5 6977/5/5
f 6990/5/5 6978/5/5 6989/5/5
f 6991/5/5 6978/5/5 6990/5/5
f 6992/15/5 6981/15/5 6980/15/5
f 6993/15/5 6981/15/5 6992/15/5
f 6994/6/5 6984/6/5 6983/6/5
f 6995/3/5 6985/3/5 6984/3/5
f 6995/6/5 6984/6/5 6994/6/5
f 6996/4/5 6986/4/5 6985/4/5
f 6996/3/5 6985/3/5 6995/3/5
f 6997/4/5 6986/4/5 6996/4/5
f 6999/5/5 6988/5/5 6987/5/5
f 7000/5/5 6988/5/5 6999/5/5
f 7003/5/5 6999/5/5 6998/5/5
f 7004/5/5 6999/5/5 7003/5/5
f 7008/4/5 7002/4/5 7001/4/5
f 7011/15/5 7006/15/5 7005/15/5
f 7012/15/5 7006/15/5 7011/15/5
f 7014/4/5 7008/4/5 7007/4/5
f 7015/4/5 7002/4/5 7008/4/5
f 7015/4/5 7008/4/5 7014/4/5
f 7017/15/5 7010/15/5 7009/15/5
f 7019/15/5 7017/15/5 7016/15/5
f 7020/15/5 7010/15/5 7017/15/5
f 7020/15/5 7017/15/5 7019/15/5
f 7021/15/5 7010/15/5 7020/15/5
f 7022/15/5 7013/15/5 7012/15/5
f 7023/15/5 7013/15/5 7022/15/5
f 7025/15/5 7019/15/5 7018/15/5
f 7025/15/5 7020/15/5 7019/15/5
f 7026/15/5 7020/15/5 7025/15/5
f 7027/15/5 7020/15/5 7026/15/5
f 7028/15/5 7025/15/5 7024/15/5
f 7028/15/5 7026/15/5 7025/15/5
f 7029/15/5 7026/15/5 7028/15/5
f 7033/15/5 7031/15/5 7030/15/5
f 7034/15/5 7031/15/5 7033/15/5
f 7037/15/5 7033/15/5 7032/15/5
f 7038/15/5 7033/15/5 7037/15/5
f 7039/3/5 7036/3/5 7035/3/5
f 7040/3/5 7036/3/5 7039/3/5
f 7044/15/5 7042/15/5 7041/15/5
f 7045/15/5 7042/15/5 7044/15/5
f 7051/15/5 7044/15/5 7043/15/5
f 7052/15/5 7044/15/5 7051/15/5
f 7053/4/5 7047/4/5 7046/4/5
f 7054/4/5 7047/4/5 7053/4/5
f 7055/5/5 7049/5/5 7048/5/5
f 7056/3/5 7051/3/5 7050/3/5
f 7057/3/5 7051/3/5 7056/3/5
f 7058/5/5 7054/5/5 7053/5/5
f 7059/5/5 7054/5/5 7058/5/5
f 7060/5/5 7055/5/5 7048/5/5
f 7061/5/5 7055/5/5 7060/5/5
f 7064/4/5 7063/4/5 7062/4/5
f 7065/4/5 7063/4/5 7064/4/5
f 7072/4/5 7066/4/5 7065/4/5
f 7073/5/5 7067/5/5 7066/5/5
f 7073/4/5 7066/4/5 7072/4/5
f 7074/5/5 7067/5/5 7073/5/5
f 7076/5/5 7069/5/5 7068/5/5
f 7077/24/5 7070/24/5 7069/24/5
f 7077/5/5 7069/5/5 7076/5/5
f 7078/20/5 7071/20/5 7070/20/5
f 7081/5/5 7076/5/5 7075/5/5
f 7082/5/5 7076/5/5 7081/5/5
f 7083/24/5 7070/24/5 7077/24/5
f 7084/20/5 7079/20/5 7078/20/5
f 7084/24/5 7070/24/5 7083/24/5
f 7084/20/5 7078/20/5 7070/20/5
f 7085/24/5 7080/24/5 7079/24/5
f 7085/20/5 7079/20/5 7084/20/5
f 7086/24/5 7080/24/5 7085/24/5
f 7089/20/5 7086/20/5 7085/20/5
f 7089/20/5 7085/20/5 7084/20/5
f 7089/20/5 7084/20/5 7083/20/5
f 7090/5/5 7088/5/5 7087/5/5
f 7091/5/5 7088/5/5 7090/5/5
f 7092/20/5 7089/20/5 7083/20/5
f 7092/20/5 7090/20/5 7089/20/5
f 7092/20/5 7091/20/5 7090/20/5
f 7093/20/5 7091/20/5 7092/20/5
f 7094/20/5 7091/20/5 7093/20/5
f 7095/20/5 7091/20/5 7094/20/5
f 7099/20/5 7092/20/5 7083/20/5
f 7100/20/5 7092/20/5 7099/20/5
f 7101/20/5 7092/20/5 7100/20/5
f 7104/5/5 7097/5/5 7096/5/5
f 7105/5/5 7097/5/5 7104/5/5
f 7106/24/5 7099/24/5 7098/24/5
f 7107/20/5 7100/20/5 7099/20/5
f 7107/24/5 7099/24/5 7106/24/5
f 7108/20/5 7100/20/5 7107/20/5
f 7109/20/5 7100/20/5 7108/20/5
f 7111/6/5 7103/6/5 7102/6/5
f 7112/6/5 7103/6/5 7111/6/5
f 7115/6/5 7107/6/5 7106/6/5
f 7116/6/5 7107/6/5 7115/6/5
f 7118/6/5 7111/6/5 7110/6/5
f 7119/6/5 7111/6/5 7118/6/5
f 7120/15/5 7114/15/5 7113/15/5
f 7125/5/5 7118/5/5 7117/5/5
f 7126/5/5 7118/5/5 7125/5/5
f 7127/15/5 7120/15/5 7113/15/5
f 7127/15/5 7121/15/5 7120/15/5
f 7128/15/5 7121/15/5 7127/15/5
f 7129/24/5 7123/24/5 7122/24/5
f 7130/24/5 7123/24/5 7129/24/5
f 7131/4/5 7130/4/5 7129/4/5
f 7132/4/5 7130/4/5 7131/4/5
f 7133/15/5 7121/15/5 7128/15/5
f 7134/15/5 7121/15/5 7133/15/5
f 7139/5/5 7125/5/5 7124/5/5
f 7140/5/5 7125/5/5 7139/5/5
f 7142/4/5 7138/4/5 7137/4/5
f 7143/4/5 7138/4/5 7142/4/5
f 7144/15/5 7136/15/5 7135/15/5
f 7145/15/5 7136/15/5 7144/15/5
f 7146/4/5 7142/4/5 7141/4/5
f 7147/4/5 7142/4/5 7146/4/5
f 7150/4/5 7149/4/5 7148/4/5
f 7151/4/5 7149/4/5 7150/4/5
f 7154/15/5 7153/15/5 7152/15/5
f 7155/15/5 7153/15/5 7154/15/5
f 7159/15/5 7157/15/5 7156/15/5
f 7160/15/5 7157/15/5 7159/15/5
f 7162/15/5 7159/15/5 7158/15/5
f 7163/15/5 7159/15/5 7162/15/5
f 7166/15/5 7162/15/5 7161/15/5
f 7167/15/5 7162/15/5 7166/15/5
f 7168/3/5 7165/3/5 7164/3/5
f 7169/3/5 7165/3/5 7168/3/5
f 7170/3/5 7165/3/5 7169/3/5
f 7174/24/5 7172/24/5 7171/24/5
f 7174/24/5 7173/24/5 7172/24/5
f 7175/24/5 7173/24/5 7174/24/5
f 7176/24/5 7173/24/5 7175/24/5
f 7183/20/5 7176/20/5 7175/20/5
f 7184/24/5 7177/24/5 7176/24/5
f 7184/20/5 7176/20/5 7183/20/5
f 7185/24/5 7177/24/5 7184/24/5
f 7187/5/5 7179/5/5 7178/5/5
f 7187/5/5 7180/5/5 7179/5/5
f 7188/5/5 7180/5/5 7187/5/5
f 7189/5/5 7180/5/5 7188/5/5
f 7190/24/5 7182/24/5 7181/24/5
f 7191/24/5 7182/24/5 7190/24/5
f 7192/24/5 7186/24/5 7185/24/5
f 7196/24/5 7189/24/5 7188/24/5
f 7196/24/5 7191/24/5 7190/24/5
f 7196/24/5 7190/24/5 7189/24/5
f 7197/24/5 7191/24/5 7196/24/5
f 7198/24/5 7186/24/5 7192/24/5
f 7199/24/5 7186/24/5 7198/24/5
f 7200/24/5 7194/24/5 7193/24/5
f 7201/24/5 7194/24/5 7200/24/5
f 7202/20/5 7197/20/5 7196/20/5
f 7202/20/5 7196/20/5 7195/20/5
f 7203/20/5 7197/20/5 7202/20/5
f 7206/20/5 7201/20/5 7200/20/5
f 7207/20/5 7201/20/5 7206/20/5
f 7208/20/5 7197/20/5 7203/20/5
f 7209/20/5 7197/20/5 7208/20/5
f 7210/20/5 7205/20/5 7204/20/5
f 7211/20/5 7206/20/5 7200/20/5
f 7212/20/5 7206/20/5 7211/20/5
f 7213/24/5 7209/24/5 7208/24/5
f 7214/24/5 7209/24/5 7213/24/5
f 7215/20/5 7197/20/5 7209/20/5
f 7215/24/5 7209/24/5 7214/24/5
f 7216/20/5 7197/20/5 7215/20/5
f 7218/20/5 7210/20/5 7204/20/5
f 7218/20/5 7211/20/5 7210/20/5
f 7219/20/5 7211/20/5 7218/20/5
f 7220/24/5 7212/24/5 7211/24/5
f 7220/20/5 7211/20/5 7219/20/5
f 7221/24/5 7212/24/5 7220/24/5
f 7227/20/5 7218/20/5 7217/20/5
f 7228/20/5 7218/20/5 7227/20/5
f 7229/5/5 7219/5/5 7218/5/5
f 7229/20/5 7218/20/5 7228/20/5
f 7230/5/5 7219/5/5 7229/5/5
f 7231/5/5 7222/5/5 7221/5/5
f 7231/5/5 7221/5/5 7220/5/5
f 7232/5/5 7222/5/5 7231/5/5
f 7234/4/5 7224/4/5 7223/4/5
f 7235/4/5 7224/4/5 7234/4/5
f 7236/20/5 7226/20/5 7225/20/5
f 7237/24/5 7228/24/5 7227/24/5
f 7237/20/5 7226/20/5 7236/20/5
f 7237/24/5 7227/24/5 7226/24/5
f 7238/24/5 7228/24/5 7237/24/5
f 7239/5/5 7229/5/5 7228/5/5
f 7239/24/5 7228/24/5 7238/24/5
f 7240/5/5 7229/5/5 7239/5/5
f 7241/3/5 7234/3/5 7233/3/5
f 7242/3/5 7234/3/5 7241/3/5
f 7243/5/5 7239/5/5 7238/5/5
f 7244/5/5 7239/5/5 7243/5/5
f 7245/15/5 7242/15/5 7241/15/5
f 7247/15/5 7245/15/5 7241/15/5
f 7247/15/5 7246/15/5 7245/15/5
f 7248/15/5 7246/15/5 7247/15/5
f 7251/15/5 7246/15/5 7248/15/5
f 7252/15/5 7246/15/5 7251/15/5
f 7254/4/5 7250/4/5 7249/4/5
f 7255/4/5 7250/4/5 7254/4/5
f 7256/15/5 7253/15/5 7252/15/5
f 7257/15/5 7253/15/5 7256/15/5
f 7261/15/5 7259/15/5 7258/15/5
f 7262/15/5 7259/15/5 7261/15/5
f 7266/15/5 7261/15/5 7260/15/5
f 7267/15/5 7261/15/5 7266/15/5
f 7270/4/5 7264/4/5 7263/4/5
f 7271/4/5 7264/4/5 7270/4/5
f 7272/15/5 7266/15/5 7265/15/5
f 7273/15/5 7266/15/5 7272/15/5
f 7274/4/5 7269/4/5 7268/4/5
f 7275/4/5 7269/4/5 7274/4/5
f 7276/4/5 7269/4/5 7275/4/5
f 7280/3/5 7277/3/5 7276/3/5
f 7280/3/5 7276/3/5 7275/3/5
f 7281/3/5 7277/3/5 7280/3/5
f 7282/3/5 7277/3/5 7281/3/5
f 7284/4/5 7279/4/5 7278/4/5
f 7285/4/5 7279/4/5 7284/4/5
f 7286/24/5 7282/24/5 7281/24/5
f 7287/20/5 7283/20/5 7282/20/5
f 7287/24/5 7282/24/5 7286/24/5
f 7288/20/5 7283/20/5 7287/20/5
f 7291/24/5 7288/24/5 7287/24/5
f 7291/24/5 7287/24/5 7286/24/5
f 7292/24/5 7288/24/5 7291/24/5
f 7293/3/5 7290/3/5 7289/3/5
f 7294/3/5 7290/3/5 7293/3/5
f 7296/4/5 7294/4/5 7293/4/5
f 7297/4/5 7294/4/5 7296/4/5
f 7302/4/5 7296/4/5 7295/4/5
f 7303/4/5 7296/4/5 7302/4/5
f 7304/11/5 7299/11/5 7298/11/5
f 7305/20/5 7300/20/5 7299/20/5
f 7305/11/5 7299/11/5 7304/11/5
f 7306/20/5 7300/20/5 7305/20/5
f 7307/24/5 7302/24/5 7301/24/5
f 7308/11/5 7303/11/5 7302/11/5
f 7308/24/5 7302/24/5 7307/24/5
f 7309/11/5 7303/11/5 7308/11/5
f 7311/11/5 7309/11/5 7308/11/5
f 7311/20/5 7308/20/5 7307/20/5
f 7312/12/5 7310/12/5 7309/12/5
f 7312/11/5 7309/11/5 7311/11/5
f 7313/12/5 7310/12/5 7312/12/5
f 7314/20/5 7312/20/5 7311/20/5
f 7314/20/5 7313/20/5 7312/20/5
f 7315/20/5 7313/20/5 7314/20/5
f 7316/20/5 7305/20/5 7304/20/5
f 7317/20/5 7305/20/5 7316/20/5
f 7320/20/5 7311/20/5 7307/20/5
f 7320/20/5 7314/20/5 7311/20/5
f 7321/11/5 7315/11/5 7314/11/5
f 7321/20/5 7314/20/5 7320/20/5
f 7322/11/5 7315/11/5 7321/11/5
f 7323/12/5 7317/12/5 7316/12/5
f 7324/11/5 7318/11/5 7317/11/5
f 7324/12/5 7317/12/5 7323/12/5
f 7325/11/5 7318/11/5 7324/11/5
f 7326/20/5 7320/20/5 7319/20/5
f 7326/20/5 7321/20/5 7320/20/5
f 7327/20/5 7321/20/5 7326/20/5
f 7328/20/5 7321/20/5 7327/20/5
f 7329/24/5 7325/24/5 7324/24/5
f 7330/24/5 7325/24/5 7329/24/5
f 7331/20/5 7327/20/5 7326/20/5
f 7332/20/5 7327/20/5 7331/20/5
f 7333/20/5 7327/20/5 7332/20/5
f 7334/24/5 7333/24/5 7332/24/5
f 7337/24/5 7333/24/5 7334/24/5
f 7338/24/5 7333/24/5 7337/24/5
f 7340/24/5 7336/24/5 7335/24/5
f 7341/4/5 7339/4/5 7338/4/5
f 7342/4/5 7339/4/5 7341/4/5
f 7345/24/5 7340/24/5 7335/24/5
f 7346/24/5 7340/24/5 7345/24/5
f 7347/15/5 7344/15/5 7343/15/5
f 7348/15/5 7344/15/5 7347/15/5
f 7352/15/5 7349/15/5 7348/15/5
f 7353/15/5 7349/15/5 7352/15/5
f 7354/4/5 7351/4/5 7350/4/5
f 7355/4/5 7351/4/5 7354/4/5
f 7358/4/5 7357/4/5 7356/4/5
f 7359/4/5 7357/4/5 7358/4/5
f 7362/11/5 7361/11/5 7360/11/5
f 7363/11/5 7361/11/5 7362/11/5
f 7364/11/5 7361/11/5 7363/11/5
f 7365/11/5 7364/11/5 7363/11/5
f 7366/11/5 7364/11/5 7365/11/5
f 7367/11/5 7364/11/5 7366/11/5
f 7370/11/5 7369/11/5 7368/11/5
f 7371/11/5 7369/11/5 7370/11/5
f 7372/12/5 7371/12/5 7370/12/5
f 7373/12/5 7371/12/5 7372/12/5
f 7377/20/5 7375/20/5 7374/20/5
f 7378/11/5 7377/11/5 7376/11/5
f 7379/20/5 7375/20/5 7377/20/5
f 7379/11/5 7377/11/5 7378/11/5
f 7380/20/5 7375/20/5 7379/20/5
f 7381/20/5 7379/20/5 7378/20/5
f 7382/20/5 7379/20/5 7381/20/5
f 7386/24/5 7384/24/5 7383/24/5
f 7387/24/5 7384/24/5 7386/24/5
f 7388/4/5 7386/4/5 7385/4/5
f 7389/4/5 7386/4/5 7388/4/5
f 7392/11/5 7391/11/5 7390/11/5
f 7393/11/5 7391/11/5 7392/11/5
f 7394/11/5 7391/11/5 7393/11/5
f 7397/11/5 7396/11/5 7395/11/5
f 7398/11/5 7396/11/5 7397/11/5
f 7401/11/5 7400/11/5 7399/11/5
f 7402/11/5 7400/11/5 7401/11/5
f 7404/10/5 7402/10/5 7401/10/5
f 7405/10/5 7402/10/5 7404/10/5
f 7406/10/5 7404/10/5 7403/10/5
f 7407/11/5 7405/11/5 7404/11/5
f 7407/10/5 7404/10/5 7406/10/5
f 7408/11/5 7405/11/5 7407/11/5
f 7409/20/5 7407/20/5 7406/20/5
f 7410/11/5 7408/11/5 7407/11/5
f 7410/20/5 7407/20/5 7409/20/5
f 7411/11/5 7408/11/5 7410/11/5
f 7412/11/5 7411/11/5 7410/11/5
f 7413/11/5 7412/11/5 7410/11/5
f 7414/11/5 7412/11/5 7413/11/5
f 7417/20/5 7416/20/5 7415/20/5
f 7418/20/5 7416/20/5 7417/20/5
f 7421/11/5 7420/11/5 7419/11/5
f 7422/11/5 7420/11/5 7421/11/5
f 7425/12/5 7424/12/5 7423/12/5
f 7426/12/5 7424/12/5 7425/12/5
f 7429/11/5 7428/11/5 7427/11/5
f 7430/11/5 7428/11/5 7429/11/5
f 7431/10/5 7430/10/5 7429/10/5
f 7433/10/5 7431/10/5 7429/10/5
f 7434/10/5 7431/10/5 7433/10/5
f 7435/10/5 7433/10/5 7432/10/5
f 7435/11/5 7434/11/5 7433/11/5
f 7436/11/5 7434/11/5 7435/11/5
f 7437/10/5 7435/10/5 7432/10/5
f 7438/10/5 7437/10/5 7432/10/5
f 7439/10/5 7437/10/5 7438/10/5
f 7441/20/5 7439/20/5 7438/20/5
f 7442/11/5 7440/11/5 7439/11/5
f 7442/20/5 7439/20/5 7441/20/5
f 7443/11/5 7440/11/5 7442/11/5
f 7444/11/5 7440/11/5 7443/11/5
f 7445/10/5 7444/10/5 7443/10/5
f 7446/10/5 7444/10/5 7445/10/5
f 7450/20/5 7448/20/5 7447/20/5
f 7451/20/5 7448/20/5 7450/20/5
f 7453/26/5 7450/26/5 7449/26/5
f 7454/26/5 7450/26/5 7453/26/5
f 7455/24/5 7453/24/5 7452/24/5
f 7456/24/5 7453/24/5 7455/24/5
f 7459/11/5 7458/11/5 7457/11/5
f 7460/11/5 7458/11/5 7459/11/5
f 7465/12/5 7462/12/5 7461/12/5
f 7466/12/5 7462/12/5 7465/12/5
f 7467/12/5 7462/12/5 7466/12/5
f 7468/24/5 7464/24/5 7463/24/5
f 7469/24/5 7464/24/5 7468/24/5
f 7470/24/5 7464/24/5 7469/24/5
f 7471/24/5 7469/24/5 7468/24/5
f 7472/24/5 7469/24/5 7471/24/5
f 7476/11/5 7474/11/5 7473/11/5
f 7476/11/5 7475/11/5 7474/11/5
f 7477/11/5 7475/11/5 7476/11/5
f 7478/11/5 7475/11/5 7477/11/5
f 7483/10/5 7480/10/5 7479/10/5
f 7484/10/5 7480/10/5 7483/10/5
f 7487/10/5 7486/10/5 7485/10/5
f 7488/10/5 7486/10/5 7487/10/5
f 7489/11/5 7488/11/5 7487/11/5
f 7490/11/5 7488/11/5 7489/11/5
f 7491/10/5 7490/10/5 7489/10/5
f 7492/10/5 7490/10/5 7491/10/5
f 7493/11/5 7492/11/5 7491/11/5
f 7494/11/5 7492/11/5 7493/11/5
f 7497/20/5 7496/20/5 7495/20/5
f 7498/2/5 7482/2/5 7481/2/5
f 7499/2/5 7482/2/5 7498/2/5
f 7500/20/5 7497/20/5 7495/20/5
f 7501/20/5 7497/20/5 7500/20/5
f 7504/11/5 7503/11/5 7502/11/5
f 7505/11/5 7503/11/5 7504/11/5
f 7508/24/5 7507/24/5 7506/24/5
f 7509/24/5 7507/24/5 7508/24/5
f 7512/11/5 7511/11/5 7510/11/5
f 7513/11/5 7511/11/5 7512/11/5
f 7517/24/5 7515/24/5 7514/24/5
f 7518/2/5 7516/2/5 7515/2/5
f 7518/24/5 7515/24/5 7517/24/5
f 7519/2/5 7516/2/5 7518/2/5
f 7520/2/5 7516/2/5 7519/2/5
f 7524/24/5 7520/24/5 7519/24/5
f 7525/2/5 7521/2/5 7520/2/5
f 7525/24/5 7520/24/5 7524/24/5
f 7526/2/5 7521/2/5 7525/2/5
f 7529/12/5 7523/12/5 7522/12/5
f 7530/12/5 7523/12/5 7529/12/5
f 7531/24/5 7526/24/5 7525/24/5
f 7532/2/5 7527/2/5 7526/2/5
f 7532/24/5 7526/24/5 7531/24/5
f 7533/2/5 7527/2/5 7532/2/5
f 7535/12/5 7529/12/5 7528/12/5
f 7536/11/5 7530/11/5 7529/11/5
f 7536/12/5 7529/12/5 7535/12/5
f 7537/11/5 7530/11/5 7536/11/5
f 7540/24/5 7533/24/5 7532/24/5
f 7541/2/5 7534/2/5 7533/2/5
f 7541/24/5 7533/24/5 7540/24/5
f 7542/2/5 7534/2/5 7541/2/5
f 7544/10/5 7539/10/5 7538/10/5
f 7545/10/5 7539/10/5 7544/10/5
f 7548/24/5 7542/24/5 7541/24/5
f 7549/2/5 7543/2/5 7542/2/5
f 7549/24/5 7542/24/5 7548/24/5
f 7550/2/5 7543/2/5 7549/2/5
f 7552/11/5 7547/11/5 7546/11/5
f 7553/11/5 7552/11/5 7546/11/5
f 7554/11/5 7552/11/5 7553/11/5
f 7557/20/5 7556/20/5 7555/20/5
f 7558/20/5 7556/20/5 7557/20/5
f 7561/16/5 7551/16/5 7550/16/5
f 7562/16/5 7551/16/5 7561/16/5
f 7566/24/5 7560/24/5 7559/24/5
f 7567/19/5 7564/19/5 7563/19/5
f 7568/11/5 7565/11/5 7564/11/5
f 7568/19/5 7564/19/5 7567/19/5
f 7569/11/5 7565/11/5 7568/11/5
f 7571/24/5 7560/24/5 7566/24/5
f 7572/2/5 7561/2/5 7560/2/5
f 7572/24/5 7560/24/5 7571/24/5
f 7573/2/5 7561/2/5 7572/2/5
f 7574/19/5 7569/19/5 7568/19/5
f 7575/19/5 7574/19/5 7568/19/5
f 7576/19/5 7574/19/5 7575/19/5
f 7579/24/5 7571/24/5 7570/24/5
f 7580/2/5 7572/2/5 7571/2/5
f 7580/24/5 7571/24/5 7579/24/5
f 7581/2/5 7572/2/5 7580/2/5
f 7582/19/5 7577/19/5 7576/19/5
f 7583/19/5 7577/19/5 7582/19/5
f 7586/24/5 7579/24/5 7578/24/5
f 7587/2/5 7580/2/5 7579/2/5
f 7587/24/5 7579/24/5 7586/24/5
f 7588/2/5 7580/2/5 7587/2/5
f 7591/24/5 7585/24/5 7584/24/5
f 7592/2/5 7586/2/5 7585/2/5
f 7592/2/5 7587/2/5 7586/2/5
f 7592/24/5 7585/24/5 7591/24/5
f 7593/2/5 7587/2/5 7592/2/5
f 7594/24/5 7590/24/5 7589/24/5
f 7595/2/5 7591/2/5 7590/2/5
f 7595/24/5 7590/24/5 7594/24/5
f 7595/2/5 7592/2/5 7591/2/5
f 7596/2/5 7592/2/5 7595/2/5
f 7599/2/5 7598/2/5 7597/2/5
f 7600/2/5 7598/2/5 7599/2/5
f 7601/2/5 7598/2/5 7600/2/5
f 7605/2/5 7603/2/5 7602/2/5
f 7606/1/5 7604/1/5 7603/1/5
f 7606/2/5 7603/2/5 7605/2/5
f 7607/1/5 7604/1/5 7606/1/5
f 7611/2/5 7609/2/5 7608/2/5
f 7612/2/5 7609/2/5 7611/2/5
f 7614/2/5 7611/2/5 7610/2/5
f 7615/2/5 7611/2/5 7614/2/5
f 7616/2/5 7611/2/5 7615/2/5
f 7617/2/5 7614/2/5 7613/2/5
f 7618/2/5 7614/2/5 7617/2/5
f 7621/2/5 7620/2/5 7619/2/5
f 7622/2/5 7620/2/5 7621/2/5
f 7625/2/5 7624/2/5 7623/2/5
f 7625/2/5 7623/2/5 7622/2/5
f 7626/2/5 7624/2/5 7625/2/5
f 7628/2/5 7627/2/5 7626/2/5
f 7629/2/5 7627/2/5 7628/2/5
f 7633/2/5 7631/2/5 7630/2/5
f 7634/2/5 7631/2/5 7633/2/5
f 7636/2/5 7633/2/5 7632/2/5
f 7637/2/5 7633/2/5 7636/2/5
f 7638/2/5 7636/2/5 7635/2/5
f 7640/2/5 7638/2/5 7635/2/5
f 7641/2/5 7638/2/5 7640/2/5
f 7642/2/5 7640/2/5 7639/2/5
f 7643/2/5 7642/2/5 7639/2/5
f 7644/2/5 7643/2/5 7639/2/5
f 7645/2/5 7644/2/5 7639/2/5
f 7646/2/5 7644/2/5 7645/2/5
f 7648/2/5 7647/2/5 7646/2/5
f 7649/2/5 7648/2/5 7646/2/5
f 7650/2/5 7648/2/5 7649/2/5
f 7652/2/5 7651/2/5 7650/2/5
f 7653/2/5 7651/2/5 7652/2/5
f 7655/2/5 7654/2/5 7653/2/5
f 7656/2/5 7654/2/5 7655/2/5
f 7659/6/5 7658/6/5 7657/6/5
f 7660/6/5 7658/6/5 7659/6/5
f 7663/6/5 7662/6/5 7661/6/5
f 7664/6/5 7662/6/5 7663/6/5
f 7666/6/5 7665/6/5 7664/6/5
f 7667/6/5 7665/6/5 7666/6/5
f 7669/6/5 7668/6/5 7667/6/5
f 7670/6/5 7668/6/5 7669/6/5
f 7672/6/5 7671/6/5 7670/6/5
f 7673/6/5 7671/6/5 7672/6/5
f 7674/6/5 7671/6/5 7673/6/5
f 7676/6/5 7675/6/5 7674/6/5
f 7677/6/5 7675/6/5 7676/6/5
f 7678/7/5 7677/7/5 7676/7/5
f 7679/7/5 7677/7/5 7678/7/5
f 7682/7/5 7680/7/5 7679/7/5
f 7683/7/5 7680/7/5 7682/7/5
f 7685/6/5 7682/6/5 7681/6/5
f 7686/6/5 7682/6/5 7685/6/5
f 7688/6/5 7685/6/5 7684/6/5
f 7689/6/5 7685/6/5 7688/6/5
f 7691/6/5 7688/6/5 7687/6/5
f 7692/6/5 7688/6/5 7691/6/5
f 7695/6/5 7691/6/5 7690/6/5
f 7696/6/5 7691/6/5 7695/6/5
f 7699/6/5 7694/6/5 7693/6/5
f 7700/6/5 7694/6/5 7699/6/5
f 7701/6/5 7698/6/5 7697/6/5
f 7702/6/5 7698/6/5 7701/6/5
f 7705/6/5 7704/6/5 7703/6/5
f 7706/6/5 7704/6/5 7705/6/5
f 7708/6/5 7707/6/5 7706/6/5
f 7709/6/5 7707/6/5 7708/6/5
f 7711/6/5 7710/6/5 7709/6/5
f 7712/6/5 7710/6/5 7711/6/5
f 7713/5/5 7712/5/5 7711/5/5
f 7714/5/5 7712/5/5 7713/5/5
f 7716/7/5 7715/7/5 7714/7/5
f 7717/7/5 7715/7/5 7716/7/5
f 7719/6/5 7717/6/5 7716/6/5
f 7720/6/5 7717/6/5 7719/6/5
f 7722/6/5 7719/6/5 7718/6/5
f 7723/6/5 7719/6/5 7722/6/5
f 7725/6/5 7722/6/5 7721/6/5
f 7726/6/5 7722/6/5 7725/6/5
f 7727/6/5 7725/6/5 7724/6/5
f 7728/6/5 7725/6/5 7727/6/5
f 7731/7/5 7730/7/5 7729/7/5
f 7732/7/5 7730/7/5 7731/7/5
f 7734/7/5 7733/7/5 7732/7/5
f 7735/7/5 7733/7/5 7734/7/5
f 7737/7/5 7736/7/5 7735/7/5
f 7738/7/5 7736/7/5 7737/7/5
f 7742/6/5 7740/6/5 7739/6/5
f 7743/6/5 7740/6/5 7742/6/5
f 7745/6/5 7742/6/5 7741/6/5
f 7746/6/5 7742/6/5 7745/6/5
f 7747/6/5 7742/6/5 7746/6/5
f 7748/6/5 7745/6/5 7744/6/5
f 7748/6/5 7746/6/5 7745/6/5
f 7749/6/5 7746/6/5 7748/6/5
f 7754/6/5 7751/6/5 7750/6/5
f 7755/12/5 7752/12/5 7751/12/5
f 7755/6/5 7751/6/5 7754/6/5
f 7756/12/5 7752/12/5 7755/12/5
f 7757/7/5 7753/7/5 7752/7/5
f 7757/12/5 7752/12/5 7756/12/5
f 7758/7/5 7753/7/5 7757/7/5
f 7761/7/5 7760/7/5 7759/7/5
f 7762/7/5 7760/7/5 7761/7/5
f 7764/7/5 7763/7/5 7762/7/5
f 7765/7/5 7763/7/5 7764/7/5
f 7767/7/5 7766/7/5 7765/7/5
f 7768/7/5 7766/7/5 7767/7/5
f 7770/16/5 7769/16/5 7768/16/5
f 7771/16/5 7769/16/5 7770/16/5
f 7773/16/5 7772/16/5 7771/16/5
f 7774/16/5 7772/16/5 7773/16/5
f 7775/5/5 7774/5/5 7773/5/5
f 7776/5/5 7774/5/5 7775/5/5
f 7778/5/5 7777/5/5 7776/5/5
f 7779/5/5 7777/5/5 7778/5/5
f 7780/5/5 7777/5/5 7779/5/5
f 7783/6/5 7781/6/5 7780/6/5
f 7784/6/5 7781/6/5 7783/6/5
f 7786/6/5 7783/6/5 7782/6/5
f 7787/6/5 7783/6/5 7786/6/5
f 7788/7/5 7786/7/5 7785/7/5
f 7790/7/5 7786/7/5 7788/7/5
f 7791/7/5 7786/7/5 7790/7/5
f 7793/7/5 7790/7/5 7789/7/5
f 7794/7/5 7790/7/5 7793/7/5
f 7796/7/5 7793/7/5 7792/7/5
f 7797/7/5 7793/7/5 7796/7/5
f 7799/7/5 7796/7/5 7795/7/5
f 7800/7/5 7796/7/5 7799/7/5
f 7805/7/5 7799/7/5 7798/7/5
f 7806/7/5 7799/7/5 7805/7/5
f 7807/7/5 7802/7/5 7801/7/5
f 7808/6/5 7803/6/5 7802/6/5
f 7808/7/5 7802/7/5 7807/7/5
f 7809/7/5 7804/7/5 7803/7/5
f 7809/6/5 7803/6/5 7808/6/5
f 7810/7/5 7804/7/5 7809/7/5
f 7816/7/5 7812/7/5 7811/7/5
f 7817/7/5 7812/7/5 7816/7/5
f 7819/5/5 7814/5/5 7813/5/5
f 7820/5/5 7814/5/5 7819/5/5
f 7821/6/5 7815/6/5 7814/6/5
f 7821/5/5 7814/5/5 7820/5/5
f 7822/6/5 7815/6/5 7821/6/5
f 7823/27/5 7819/27/5 7818/27/5
f 7824/27/5 7819/27/5 7823/27/5
f 7827/7/5 7826/7/5 7825/7/5
f 7828/7/5 7826/7/5 7827/7/5
f 7830/7/5 7829/7/5 7828/7/5
f 7831/7/5 7829/7/5 7830/7/5
f 7834/7/5 7833/7/5 7832/7/5
f 7835/7/5 7833/7/5 7834/7/5
f 7838/27/5 7837/27/5 7836/27/5
f 7839/27/5 7837/27/5 7838/27/5
f 7842/27/5 7841/27/5 7840/27/5
f 7843/27/5 7841/27/5 7842/27/5
f 7846/24/5 7845/24/5 7844/24/5
f 7847/24/5 7845/24/5 7846/24/5
f 7849/24/5 7848/24/5 7847/24/5
f 7850/24/5 7848/24/5 7849/24/5
f 7854/12/5 7851/12/5 7850/12/5
f 7855/12/5 7851/12/5 7854/12/5
f 7858/24/5 7853/24/5 7852/24/5
f 7859/24/5 7853/24/5 7858/24/5
f 7860/12/5 7856/12/5 7855/12/5
f 7861/12/5 7856/12/5 7860/12/5
f 7862/24/5 7858/24/5 7857/24/5
f 7863/24/5 7858/24/5 7862/24/5
f 7867/27/5 7863/27/5 7862/27/5
f 7868/27/5 7863/27/5 7867/27/5
f 7869/12/5 7865/12/5 7864/12/5
f 7870/12/5 7865/12/5 7869/12/5
f 7874/24/5 7867/24/5 7866/24/5
f 7875/24/5 7867/24/5 7874/24/5
f 7876/12/5 7872/12/5 7871/12/5
f 7877/12/5 7872/12/5 7876/12/5
f 7880/12/5 7879/12/5 7878/12/5
f 7881/12/5 7879/12/5 7880/12/5
f 7882/16/5 7881/16/5 7880/16/5
f 7883/16/5 7881/16/5 7882/16/5
f 7884/24/5 7874/24/5 7873/24/5
f 7885/24/5 7874/24/5 7884/24/5
f 7888/12/5 7887/12/5 7886/12/5
f 7889/12/5 7887/12/5 7888/12/5
f 7892/12/5 7891/12/5 7890/12/5
f 7893/12/5 7891/12/5 7892/12/5
f 7897/12/5 7895/12/5 7894/12/5
f 7898/12/5 7895/12/5 7897/12/5
f 7900/24/5 7897/24/5 7896/24/5
f 7901/24/5 7897/24/5 7900/24/5
f 7903/24/5 7900/24/5 7899/24/5
f 7904/24/5 7900/24/5 7903/24/5
f 7905/24/5 7903/24/5 7902/24/5
f 7906/24/5 7903/24/5 7905/24/5
f 7909/27/5 7908/27/5 7907/27/5
f 7910/27/5 7908/27/5 7909/27/5
f 7913/27/5 7912/27/5 7911/27/5
f 7914/27/5 7912/27/5 7913/27/5
f 7917/20/5 7916/20/5 7915/20/5
f 7918/20/5 7916/20/5 7917/20/5
f 7921/20/5 7920/20/5 7919/20/5
f 7922/20/5 7920/20/5 7921/20/5
f 7926/11/5 7924/11/5 7923/11/5
f 7927/11/5 7924/11/5 7926/11/5
f 7928/11/5 7926/11/5 7925/11/5
f 7929/11/5 7926/11/5 7928/11/5
f 7931/20/5 7930/20/5 7929/20/5
f 7932/20/5 7930/20/5 7931/20/5
f 7936/11/5 7934/11/5 7933/11/5
f 7937/11/5 7934/11/5 7936/11/5
f 7937/20/5 7936/20/5 7935/20/5
f 7938/11/5 7934/11/5 7937/11/5
f 7939/20/5 7937/20/5 7935/20/5
f 7940/20/5 7937/20/5 7939/20/5
f 7944/11/5 7942/11/5 7941/11/5
f 7945/11/5 7942/11/5 7944/11/5
f 7947/11/5 7944/11/5 7943/11/5
f 7948/11/5 7944/11/5 7947/11/5
f 7949/20/5 7946/20/5 7945/20/5
f 7950/20/5 7946/20/5 7949/20/5
f 7955/11/5 7952/11/5 7951/11/5
f 7956/11/5 7952/11/5 7955/11/5
f 7957/20/5 7954/20/5 7953/20/5
f 7958/20/5 7954/20/5 7957/20/5
f 7963/20/5 7960/20/5 7959/20/5
f 7964/20/5 7960/20/5 7963/20/5
f 7965/11/5 7962/11/5 7961/11/5
f 7966/11/5 7962/11/5 7965/11/5
f 7967/11/5 7964/11/5 7963/11/5
f 7968/11/5 7964/11/5 7967/11/5
f 7971/11/5 7970/11/5 7969/11/5
f 7972/11/5 7970/11/5 7971/11/5
f 7974/20/5 7973/20/5 7972/20/5
f 7975/20/5 7973/20/5 7974/20/5
f 7976/20/5 7973/20/5 7975/20/5
f 7978/11/5 7976/11/5 7975/11/5
f 7979/11/5 7976/11/5 7978/11/5
f 7980/20/5 7978/20/5 7977/20/5
f 7980/20/5 7979/20/5 7978/20/5
f 7981/20/5 7979/20/5 7980/20/5
f 7982/20/5 7979/20/5 7981/20/5
f 7983/20/5 7981/20/5 7980/20/5
f 7984/20/5 7981/20/5 7983/20/5
f 7987/25/5 7986/25/5 7985/25/5
f 7988/25/5 7986/25/5 7987/25/5
f 7991/15/5 7990/15/5 7989/15/5
f 7992/15/5 7990/15/5 7991/15/5
f 7995/20/5 7994/20/5 7993/20/5
f 7996/20/5 7994/20/5 7995/20/5
f 7997/20/5 7994/20/5 7996/20/5
f 7999/20/5 7997/20/5 7996/20/5
f 7999/20/5 7998/20/5 7997/20/5
f 8000/20/5 7998/20/5 7999/20/5
f 8001/20/5 7998/20/5 8000/20/5
f 8004/20/5 8000/20/5 7999/20/5
f 8005/20/5 8000/20/5 8004/20/5
f 8006/11/5 8003/11/5 8002/11/5
f 8007/20/5 8004/20/5 8003/20/5
f 8007/11/5 8003/11/5 8006/11/5
f 8008/20/5 8004/20/5 8007/20/5
f 8012/20/5 8010/20/5 8009/20/5
f 8013/20/5 8010/20/5 8012/20/5
f 8014/11/5 8012/11/5 8011/11/5
f 8014/11/5 8013/11/5 8012/11/5
f 8015/11/5 8013/11/5 8014/11/5
f 8016/11/5 8013/11/5 8015/11/5
f 8017/20/5 8015/20/5 8014/20/5
f 8018/20/5 8015/20/5 8017/20/5
f 8019/24/5 8018/24/5 8017/24/5
f 8020/24/5 8018/24/5 8019/24/5
f 8021/11/5 8020/11/5 8019/11/5
f 8022/11/5 8020/11/5 8021/11/5
f 8025/11/5 8024/11/5 8023/11/5
f 8026/11/5 8024/11/5 8025/11/5
f 8029/11/5 8028/11/5 8027/11/5
f 8030/11/5 8028/11/5 8029/11/5
f 8033/20/5 8032/20/5 8031/20/5
f 8034/20/5 8032/20/5 8033/20/5
f 8037/20/5 8036/20/5 8035/20/5
f 8038/20/5 8036/20/5 8037/20/5
f 8039/24/5 8038/24/5 8037/24/5
f 8040/24/5 8038/24/5 8039/24/5
f 8043/24/5 8042/24/5 8041/24/5
f 8044/24/5 8042/24/5 8043/24/5
f 8047/24/5 8046/24/5 8045/24/5
f 8048/24/5 8046/24/5 8047/24/5
f 8051/20/5 8050/20/5 8049/20/5
f 8052/20/5 8050/20/5 8051/20/5
f 8055/24/5 8054/24/5 8053/24/5
f 8056/24/5 8054/24/5 8055/24/5
f 8059/24/5 8058/24/5 8057/24/5
f 8060/24/5 8058/24/5 8059/24/5
f 8064/24/5 8061/24/5 8060/24/5
f 8065/24/5 8061/24/5 8064/24/5
f 8066/20/5 8063/20/5 8062/20/5
f 8067/20/5 8063/20/5 8066/20/5
f 8070/23/5 8069/23/5 8068/23/5
f 8071/23/5 8069/23/5 8070/23/5
f 8074/20/5 8073/20/5 8072/20/5
f 8075/20/5 8073/20/5 8074/20/5
f 8077/24/5 8076/24/5 8075/24/5
f 8078/24/5 8076/24/5 8077/24/5
f 8083/24/5 8080/24/5 8079/24/5
f 8084/24/5 8080/24/5 8083/24/5
f 8085/24/5 8082/24/5 8081/24/5
f 8086/24/5 8082/24/5 8085/24/5
f 8089/24/5 8088/24/5 8087/24/5
f 8090/24/5 8088/24/5 8089/24/5
f 8091/24/5 8090/24/5 8089/24/5
f 8092/24/5 8090/24/5 8091/24/5
f 8095/24/5 8094/24/5 8093/24/5
f 8096/24/5 8094/24/5 8095/24/5
f 8099/24/5 8098/24/5 8097/24/5
f 8100/24/5 8098/24/5 8099/24/5
f 8103/25/5 8102/25/5 8101/25/5
f 8104/25/5 8102/25/5 8103/25/5
f 8105/25/5 8102/25/5 8104/25/5
f 8106/25/5 8102/25/5 8105/25/5
f 8107/15/6 8108/15/6 8109/15/6
f 8109/15/6 8108/15/6 8110/15/6
f 8110/6/6 8111/6/6 8112/6/6
f 8112/6/6 8111/6/6 8113/6/6
f 8114/15/6 8115/15/6 8116/15/6
f 8116/15/6 8115/15/6 8117/15/6
f 8116/4/6 8117/4/6 8118/4/6
f 8118/4/6 8117/4/6 8119/4/6
f 8120/15/6 8121/15/6 8122/15/6
f 8122/15/6 8121/15/6 8123/15/6
f 8123/15/6 8121/15/6 8126/15/6
f 8126/15/6 8121/15/6 8127/15/6
f 8124/15/6 8125/15/6 8128/15/6
f 8128/15/6 8125/15/6 8129/15/6
f 8130/4/6 8131/4/6 8133/4/6
f 8131/15/6 8132/15/6 8134/15/6
f 8133/4/6 8131/4/6 8134/4/6
f 8134/15/6 8132/15/6 8135/15/6
f 8135/15/6 8132/15/6 8136/15/6
f 8137/5/6 8138/5/6 8141/5/6
f 8141/5/6 8138/5/6 8142/5/6
f 8139/3/6 8140/3/6 8143/3/6
f 8143/3/6 8140/3/6 8144/3/6
f 8144/3/6 8145/3/6 8146/3/6
f 8146/3/6 8145/3/6 8147/3/6
f 8148/15/6 8149/15/6 8152/15/6
f 8152/15/6 8149/15/6 8153/15/6
f 8150/5/6 8151/5/6 8154/5/6
f 8154/5/6 8151/5/6 8155/5/6
f 8156/4/6 8157/4/6 8158/4/6
f 8158/4/6 8157/4/6 8159/4/6
f 8160/4/6 8161/4/6 8162/4/6
f 8162/4/6 8161/4/6 8163/4/6
f 8164/3/6 8165/3/6 8166/3/6
f 8166/3/6 8165/3/6 8167/3/6
f 8167/3/6 8165/3/6 8168/3/6
f 8169/4/6 8170/4/6 8173/4/6
f 8173/4/6 8170/4/6 8174/4/6
f 8171/3/6 8172/3/6 8175/3/6
f 8175/3/6 8172/3/6 8176/3/6
f 8177/4/6 8178/4/6 8179/4/6
f 8179/4/6 8178/4/6 8180/4/6
f 8181/3/6 8182/3/6 8187/3/6
f 8187/3/6 8182/3/6 8188/3/6
f 8183/15/6 8184/15/6 8189/15/6
f 8184/4/6 8185/4/6 8190/4/6
f 8189/15/6 8184/15/6 8190/15/6
f 8190/4/6 8185/4/6 8191/4/6
f 8186/3/6 8187/3/6 8196/3/6
f 8196/3/6 8187/3/6 8197/3/6
f 8192/4/6 8193/4/6 8198/4/6
f 8198/4/6 8193/4/6 8199/4/6
f 8194/4/6 8195/4/6 8200/4/6
f 8195/3/6 8196/3/6 8201/3/6
f 8200/4/6 8195/4/6 8201/4/6
f 8201/3/6 8196/3/6 8202/3/6
f 8203/3/6 8204/3/6 8206/3/6
f 8204/4/6 8205/4/6 8207/4/6
f 8206/3/6 8204/3/6 8207/3/6
f 8207/4/6 8205/4/6 8208/4/6
f 8209/4/6 8210/4/6 8212/4/6
f 8212/4/6 8210/4/6 8213/4/6
f 8211/4/6 8212/4/6 8215/4/6
f 8215/4/6 8212/4/6 8216/4/6
f 8214/5/6 8215/5/6 8219/5/6
f 8219/5/6 8215/5/6 8220/5/6
f 8217/3/6 8218/3/6 8221/3/6
f 8221/3/6 8218/3/6 8222/3/6
f 8222/3/6 8218/3/6 8225/3/6
f 8225/3/6 8218/3/6 8226/3/6
f 8223/4/6 8224/4/6 8227/4/6
f 8227/4/6 8224/4/6 8228/4/6
f 8229/4/6 8230/4/6 8232/4/6
f 8232/4/6 8230/4/6 8233/4/6
f 8231/3/6 8232/3/6 8234/3/6
f 8234/3/6 8232/3/6 8235/3/6
f 8236/4/6 8237/4/6 8238/4/6
f 8238/4/6 8237/4/6 8239/4/6
f 8239/4/6 8240/4/6 8241/4/6
f 8241/4/6 8240/4/6 8242/4/6
f 8243/4/6 8244/4/6 8246/4/6
f 8244/3/6 8245/3/6 8247/3/6
f 8246/4/6 8244/4/6 8247/4/6
f 8247/3/6 8245/3/6 8248/3/6
f 8249/15/6 8250/15/6 8252/15/6
f 8252/15/6 8250/15/6 8253/15/6
f 8251/15/6 8252/15/6 8257/15/6
f 8257/15/6 8252/15/6 8258/15/6
f 8254/4/6 8255/4/6 8259/4/6
f 8259/4/6 8255/4/6 8260/4/6
f 8256/15/6 8257/15/6 8264/15/6
f 8264/15/6 8257/15/6 8265/15/6
f 8261/4/6 8262/4/6 8266/4/6
f 8266/4/6 8262/4/6 8267/4/6
f 8267/4/6 8262/4/6 8268/4/6
f 8263/15/6 8264/15/6 8269/15/6
f 8269/15/6 8264/15/6 8270/15/6
f 8267/3/6 8268/3/6 8272/3/6
f 8272/3/6 8268/3/6 8273/3/6
f 8270/4/6 8271/4/6 8274/4/6
f 8269/4/6 8270/4/6 8274/4/6
f 8274/4/6 8271/4/6 8275/4/6
f 8276/4/6 8277/4/6 8280/4/6
f 8280/4/6 8277/4/6 8281/4/6
f 8278/4/6 8279/4/6 8283/4/6
f 8281/4/6 8282/4/6 8284/4/6
f 8284/4/6 8282/4/6 8285/4/6
f 8283/4/6 8279/4/6 8286/4/6
f 8286/4/6 8279/4/6 8287/4/6
f 8288/11/6 8289/11/6 8290/11/6
f 8290/11/6 8289/11/6 8291/11/6
f 8290/20/6 8291/20/6 8292/20/6
f 8290/20/6 8292/20/6 8293/20/6
f 8293/20/6 8292/20/6 8294/20/6
f 8293/12/6 8294/12/6 8295/12/6
f 8295/12/6 8294/12/6 8296/12/6
f 8297/4/6 8298/4/6 8299/4/6
f 8299/4/6 8298/4/6 8300/4/6
f 8301/4/6 8302/4/6 8304/4/6
f 8304/4/6 8302/4/6 8305/4/6
f 8303/3/6 8304/3/6 8306/3/6
f 8304/3/6 8305/3/6 8306/3/6
f 8306/3/6 8305/3/6 8307/3/6
f 8307/3/6 8305/3/6 8308/3/6
f 8306/15/6 8307/15/6 8309/15/6
f 8309/15/6 8307/15/6 8310/15/6
f 8310/15/6 8311/15/6 8314/15/6
f 8314/15/6 8311/15/6 8315/15/6
f 8312/3/6 8313/3/6 8320/3/6
f 8320/3/6 8313/3/6 8321/3/6
f 8315/3/6 8316/3/6 8322/3/6
f 8322/3/6 8316/3/6 8323/3/6
f 8317/3/6 8318/3/6 8324/3/6
f 8324/3/6 8318/3/6 8325/3/6
f 8319/3/6 8320/3/6 8329/3/6
f 8329/3/6 8320/3/6 8330/3/6
f 8326/4/6 8327/4/6 8331/4/6
f 8331/4/6 8327/4/6 8332/4/6
f 8328/3/6 8329/3/6 8333/3/6
f 8333/3/6 8329/3/6 8334/3/6
f 8335/3/6 8336/3/6 8338/3/6
f 8338/3/6 8336/3/6 8339/3/6
f 8339/3/6 8336/3/6 8340/3/6
f 8340/3/6 8336/3/6 8341/3/6
f 8337/3/6 8338/3/6 8345/3/6
f 8345/3/6 8338/3/6 8346/3/6
f 8339/3/6 8340/3/6 8347/3/6
f 8347/3/6 8340/3/6 8348/3/6
f 8342/4/6 8343/4/6 8349/4/6
f 8349/4/6 8343/4/6 8350/4/6
f 8344/3/6 8345/3/6 8351/3/6
f 8351/3/6 8345/3/6 8352/3/6
f 8353/4/6 8354/4/6 8357/4/6
f 8357/4/6 8354/4/6 8358/4/6
f 8355/3/6 8356/3/6 8359/3/6
f 8359/3/6 8356/3/6 8360/3/6
f 8361/4/6 8362/4/6 8363/4/6
f 8363/4/6 8362/4/6 8364/4/6
f 8365/3/6 8366/3/6 8369/3/6
f 8366/4/6 8367/4/6 8370/4/6
f 8369/3/6 8366/3/6 8370/3/6
f 8370/4/6 8367/4/6 8371/4/6
f 8363/3/6 8364/3/6 8372/3/6
f 8372/3/6 8364/3/6 8373/3/6
f 8368/3/6 8369/3/6 8375/3/6
f 8375/3/6 8369/3/6 8376/3/6
f 8374/3/6 8375/3/6 8380/3/6
f 8380/3/6 8375/3/6 8381/3/6
f 8378/3/6 8379/3/6 8382/3/6
f 8377/3/6 8378/3/6 8382/3/6
f 8382/3/6 8379/3/6 8383/3/6
f 8383/3/6 8379/3/6 8384/3/6
f 8383/3/6 8384/3/6 8388/3/6
f 8384/3/6 8385/3/6 8388/3/6
f 8388/3/6 8385/3/6 8389/3/6
f 8389/3/6 8385/3/6 8390/3/6
f 8390/3/6 8385/3/6 8391/3/6
f 8386/4/6 8387/4/6 8393/4/6
f 8393/4/6 8387/4/6 8394/4/6
f 8389/3/6 8390/3/6 8399/3/6
f 8390/4/6 8391/4/6 8400/4/6
f 8399/3/6 8390/3/6 8400/3/6
f 8391/3/6 8392/3/6 8401/3/6
f 8400/4/6 8391/4/6 8401/4/6
f 8401/3/6 8392/3/6 8402/3/6
f 8395/4/6 8396/4/6 8403/4/6
f 8403/4/6 8396/4/6 8404/4/6
f 8397/3/6 8398/3/6 8405/3/6
f 8405/3/6 8398/3/6 8406/3/6
f 8407/3/6 8408/3/6 8412/3/6
f 8412/3/6 8408/3/6 8413/3/6
f 8409/3/6 8410/3/6 8414/3/6
f 8414/3/6 8410/3/6 8415/3/6
f 8415/3/6 8410/3/6 8416/3/6
f 8412/3/6 8413/3/6 8419/3/6
f 8411/3/6 8412/3/6 8419/3/6
f 8414/3/6 8415/3/6 8419/3/6
f 8413/3/6 8414/3/6 8419/3/6
f 8419/3/6 8415/3/6 8420/3/6
f 8420/3/6 8415/3/6 8421/3/6
f 8421/3/6 8415/3/6 8422/3/6
f 8417/3/6 8418/3/6 8423/3/6
f 8423/3/6 8418/3/6 8424/3/6
f 8424/3/6 8418/3/6 8425/3/6
f 8411/3/6 8419/3/6 8427/3/6
f 8427/3/6 8419/3/6 8428/3/6
f 8420/3/6 8421/3/6 8429/3/6
f 8429/3/6 8421/3/6 8430/3/6
f 8424/24/6 8425/24/6 8431/24/6
f 8425/3/6 8426/3/6 8432/3/6
f 8431/24/6 8425/24/6 8432/24/6
f 8432/3/6 8426/3/6 8433/3/6
f 8432/24/6 8433/24/6 8436/24/6
f 8434/4/6 8435/4/6 8437/4/6
f 8437/4/6 8435/4/6 8438/4/6
f 8436/24/6 8433/24/6 8439/24/6
f 8439/24/6 8433/24/6 8440/24/6
f 8441/3/6 8442/3/6 8443/3/6
f 8443/3/6 8442/3/6 8444/3/6
f 8445/3/6 8446/3/6 8450/3/6
f 8447/3/6 8448/3/6 8451/3/6
f 8451/3/6 8448/3/6 8452/3/6
f 8449/3/6 8450/3/6 8455/3/6
f 8452/3/6 8453/3/6 8456/3/6
f 8456/3/6 8453/3/6 8457/3/6
f 8454/3/6 8455/3/6 8463/3/6
f 8450/3/6 8446/3/6 8464/3/6
f 8455/3/6 8450/3/6 8464/3/6
f 8463/3/6 8455/3/6 8464/3/6
f 8464/3/6 8446/3/6 8465/3/6
f 8457/3/6 8458/3/6 8466/3/6
f 8466/3/6 8458/3/6 8467/3/6
f 8459/4/6 8460/4/6 8468/4/6
f 8468/4/6 8460/4/6 8469/4/6
f 8461/3/6 8462/3/6 8470/3/6
f 8462/3/6 8463/3/6 8470/3/6
f 8463/3/6 8464/3/6 8470/3/6
f 8470/3/6 8464/3/6 8471/3/6
f 8471/3/6 8464/3/6 8472/3/6
f 8472/3/6 8464/3/6 8473/3/6
f 8473/3/6 8464/3/6 8474/3/6
f 8470/4/6 8471/4/6 8475/4/6
f 8475/4/6 8471/4/6 8476/4/6
f 8472/3/6 8473/3/6 8477/3/6
f 8477/3/6 8473/3/6 8478/3/6
f 8479/3/6 8480/3/6 8481/3/6
f 8481/3/6 8480/3/6 8482/3/6
f 8481/4/6 8482/4/6 8483/4/6
f 8483/4/6 8482/4/6 8484/4/6
f 8485/3/6 8486/3/6 8487/3/6
f 8487/3/6 8486/3/6 8488/3/6
f 8489/3/6 8490/3/6 8491/3/6
f 8491/3/6 8490/3/6 8492/3/6
f 8493/20/6 8494/20/6 8497/20/6
f 8497/20/6 8494/20/6 8498/20/6
f 8495/12/6 8496/12/6 8500/12/6
f 8500/12/6 8496/12/6 8501/12/6
f 8499/12/6 8500/12/6 8503/12/6
f 8503/12/6 8500/12/6 8504/12/6
f 8502/12/6 8503/12/6 8505/12/6
f 8505/12/6 8503/12/6 8506/12/6
f 8505/10/6 8506/10/6 8507/10/6
f 8507/10/6 8506/10/6 8508/10/6
f 8509/19/6 8510/19/6 8511/19/6
f 8511/19/6 8510/19/6 8512/19/6
f 8512/19/6 8513/19/6 8514/19/6
f 8514/19/6 8513/19/6 8515/19/6
f 8515/19/6 8516/19/6 8517/19/6
f 8517/19/6 8516/19/6 8518/19/6
f 8519/19/6 8520/19/6 8521/19/6
f 8521/19/6 8520/19/6 8522/19/6
f 8523/12/6 8524/12/6 8525/12/6
f 8523/12/6 8525/12/6 8527/12/6
f 8527/12/6 8525/12/6 8528/12/6
f 8526/11/6 8527/11/6 8529/11/6
f 8526/11/6 8529/11/6 8530/11/6
f 8530/11/6 8529/11/6 8531/11/6
f 8530/20/6 8531/20/6 8532/20/6
f 8530/20/6 8532/20/6 8533/20/6
f 8530/20/6 8533/20/6 8534/20/6
f 8534/20/6 8533/20/6 8535/20/6
f 8535/20/6 8536/20/6 8537/20/6
f 8535/20/6 8537/20/6 8538/20/6
f 8538/20/6 8537/20/6 8539/20/6
f 8540/7/6 8541/7/6 8544/7/6
f 8544/7/6 8541/7/6 8545/7/6
f 8542/6/6 8543/6/6 8547/6/6
f 8547/6/6 8543/6/6 8548/6/6
f 8546/6/6 8547/6/6 8549/6/6
f 8549/6/6 8547/6/6 8550/6/6
f 8551/6/6 8552/6/6 8553/6/6
f 8553/6/6 8552/6/6 8554/6/6
f 8554/6/6 8555/6/6 8556/6/6
f 8556/6/6 8555/6/6 8557/6/6
f 8558/6/6 8559/6/6 8560/6/6
f 8560/6/6 8559/6/6 8561/6/6
f 8562/27/6 8563/27/6 8565/27/6
f 8565/27/6 8563/27/6 8566/27/6
f 8564/27/6 8565/27/6 8568/27/6
f 8568/27/6 8565/27/6 8569/27/6
f 8567/27/6 8568/27/6 8570/27/6
f 8570/27/6 8568/27/6 8571/27/6
f 8570/24/6 8571/24/6 8573/24/6
f 8573/24/6 8571/24/6 8574/24/6
f 8572/24/6 8573/24/6 8575/24/6
f 8575/24/6 8573/24/6 8576/24/6
f 8575/27/6 8576/27/6 8577/27/6
f 8577/27/6 8576/27/6 8578/27/6
f 8578/27/6 8579/27/6 8580/27/6
f 8580/27/6 8579/27/6 8581/27/6
f 8580/5/6 8581/5/6 8582/5/6
f 8582/5/6 8581/5/6 8583/5/6
f 8583/6/6 8584/6/6 8585/6/6
f 8585/6/6 8584/6/6 8586/6/6
f 8586/6/6 8587/6/6 8588/6/6
f 8588/6/6 8587/6/6 8589/6/6
f 8590/5/6 8591/5/6 8593/5/6
f 8593/5/6 8591/5/6 8594/5/6
f 8592/27/6 8593/27/6 8595/27/6
f 8595/27/6 8593/27/6 8596/27/6
f 8595/17/6 8596/17/6 8598/17/6
f 8598/17/6 8596/17/6 8599/17/6
f 8597/13/6 8598/13/6 8601/13/6
f 8601/13/6 8598/13/6 8602/13/6
f 8600/25/6 8601/25/6 8604/25/6
f 8604/25/6 8601/25/6 8605/25/6
f 8603/3/6 8604/3/6 8606/3/6
f 8603/3/6 8606/3/6 8608/3/6
f 8608/3/6 8606/3/6 8609/3/6
f 8607/3/6 8608/3/6 8610/3/6
f 8607/3/6 8610/3/6 8611/3/6
f 8611/3/6 8610/3/6 8612/3/6
f 8611/25/6 8612/25/6 8613/25/6
f 8613/25/6 8612/25/6 8614/25/6
f 8613/13/6 8614/13/6 8615/13/6
f 8615/13/6 8614/13/6 8616/13/6
f 8616/13/6 8617/13/6 8618/13/6
f 8618/13/6 8617/13/6 8619/13/6
f 8620/7/6 8621/7/6 8622/7/6
f 8622/7/6 8621/7/6 8623/7/6
f 8623/7/6 8624/7/6 8625/7/6
f 8625/7/6 8624/7/6 8626/7/6
f 8627/5/6 8628/5/6 8629/5/6
f 8629/5/6 8628/5/6 8630/5/6
f 8631/24/6 8632/24/6 8633/24/6
f 8633/24/6 8632/24/6 8634/24/6
f 8634/24/6 8635/24/6 8636/24/6
f 8636/24/6 8635/24/6 8637/24/6
f 8637/12/6 8638/12/6 8639/12/6
f 8639/12/6 8638/12/6 8640/12/6
f 8640/12/6 8641/12/6 8642/12/6
f 8642/12/6 8641/12/6 8643/12/6
f 8643/12/6 8644/12/6 8645/12/6
f 8645/12/6 8644/12/6 8646/12/6
f 8647/12/6 8648/12/6 8649/12/6
f 8649/12/6 8648/12/6 8650/12/6
f 8649/7/6 8650/7/6 8651/7/6
f 8651/7/6 8650/7/6 8652/7/6
f 8653/12/6 8654/12/6 8655/12/6
f 8655/12/6 8654/12/6 8656/12/6
f 8655/16/6 8656/16/6 8657/16/6
f 8657/16/6 8656/16/6 8658/16/6
f 8659/16/6 8660/16/6 8661/16/6
f 8661/16/6 8660/16/6 8662/16/6
f 8661/12/6 8662/12/6 8663/12/6
f 8663/12/6 8662/12/6 8664/12/6
f 8665/12/6 8666/12/6 8668/12/6
f 8668/12/6 8666/12/6 8669/12/6
f 8667/12/6 8668/12/6 8670/12/6
f 8670/12/6 8668/12/6 8672/12/6
f 8672/12/6 8668/12/6 8673/12/6
f 8671/24/6 8672/24/6 8675/24/6
f 8675/24/6 8672/24/6 8676/24/6
f 8674/24/6 8675/24/6 8678/24/6
f 8678/24/6 8675/24/6 8679/24/6
f 8677/24/6 8678/24/6 8682/24/6
f 8682/24/6 8678/24/6 8683/24/6
f 8680/6/6 8681/6/6 8684/6/6
f 8684/6/6 8681/6/6 8685/6/6
f 8686/24/6 8687/24/6 8692/24/6
f 8692/24/6 8687/24/6 8693/24/6
f 8688/24/6 8689/24/6 8694/24/6
f 8694/24/6 8689/24/6 8695/24/6
f 8690/2/6 8691/2/6 8700/2/6
f 8700/2/6 8691/2/6 8701/2/6
f 8696/16/6 8697/16/6 8702/16/6
f 8697/12/6 8698/12/6 8703/12/6
f 8702/16/6 8697/16/6 8703/16/6
f 8703/12/6 8698/12/6 8704/12/6
f 8699/2/6 8700/2/6 8707/2/6
f 8707/2/6 8700/2/6 8708/2/6
f 8704/12/6 8705/12/6 8709/12/6
f 8709/12/6 8705/12/6 8710/12/6
f 8706/2/6 8707/2/6 8713/2/6
f 8713/2/6 8707/2/6 8714/2/6
f 8710/12/6 8711/12/6 8715/12/6
f 8715/12/6 8711/12/6 8716/12/6
f 8712/5/6 8713/5/6 8719/5/6
f 8719/5/6 8713/5/6 8720/5/6
f 8716/7/6 8717/7/6 8721/7/6
f 8721/7/6 8717/7/6 8722/7/6
f 8718/5/6 8719/5/6 8725/5/6
f 8725/5/6 8719/5/6 8726/5/6
f 8722/8/6 8723/8/6 8727/8/6
f 8727/8/6 8723/8/6 8728/8/6
f 8728/8/6 8729/8/6 8730/8/6
f 8727/8/6 8728/8/6 8730/8/6
f 8730/8/6 8729/8/6 8731/8/6
f 8724/5/6 8725/5/6 8733/5/6
f 8733/5/6 8725/5/6 8734/5/6
f 8731/8/6 8729/8/6 8735/8/6
f 8735/8/6 8729/8/6 8736/8/6
f 8735/7/6 8736/7/6 8737/7/6
f 8737/7/6 8736/7/6 8738/7/6
f 8732/5/6 8733/5/6 8740/5/6
f 8740/5/6 8733/5/6 8741/5/6
f 8737/6/6 8738/6/6 8742/6/6
f 8738/7/6 8739/7/6 8743/7/6
f 8742/6/6 8738/6/6 8743/6/6
f 8743/7/6 8739/7/6 8745/7/6
f 8745/7/6 8739/7/6 8746/7/6
f 8744/6/6 8745/6/6 8746/6/6
f 8746/7/6 8739/7/6 8747/7/6
f 8740/6/6 8741/6/6 8748/6/6
f 8748/6/6 8741/6/6 8749/6/6
f 8749/6/6 8750/6/6 8751/6/6
f 8751/6/6 8750/6/6 8752/6/6
f 8744/6/6 8746/6/6 8754/6/6
f 8751/16/6 8752/16/6 8755/16/6
f 8755/16/6 8752/16/6 8756/16/6
f 8753/6/6 8754/6/6 8758/6/6
f 8754/6/6 8746/6/6 8759/6/6
f 8758/6/6 8754/6/6 8759/6/6
f 8759/6/6 8746/6/6 8760/6/6
f 8756/16/6 8757/16/6 8761/16/6
f 8761/16/6 8757/16/6 8762/16/6
f 8758/7/6 8759/7/6 8764/7/6
f 8764/7/6 8759/7/6 8765/7/6
f 8761/5/6 8762/5/6 8766/5/6
f 8766/5/6 8762/5/6 8767/5/6
f 8763/7/6 8764/7/6 8769/7/6
f 8769/7/6 8764/7/6 8770/7/6
f 8767/5/6 8768/5/6 8771/5/6
f 8771/5/6 8768/5/6 8772/5/6
f 8769/12/6 8770/12/6 8775/12/6
f 8775/12/6 8770/12/6 8776/12/6
f 8772/2/6 8773/2/6 8777/2/6
f 8777/2/6 8773/2/6 8778/2/6
f 8774/12/6 8775/12/6 8781/12/6
f 8781/12/6 8775/12/6 8782/12/6
f 8778/2/6 8779/2/6 8783/2/6
f 8783/2/6 8779/2/6 8784/2/6
f 8780/12/6 8781/12/6 8787/12/6
f 8787/12/6 8781/12/6 8788/12/6
f 8784/2/6 8785/2/6 8789/2/6
f 8789/2/6 8785/2/6 8790/2/6
f 8786/16/6 8787/16/6 8796/16/6
f 8796/16/6 8787/16/6 8797/16/6
f 8791/24/6 8792/24/6 8798/24/6
f 8792/24/6 8793/24/6 8798/24/6
f 8798/24/6 8793/24/6 8799/24/6
f 8794/6/6 8795/6/6 8800/6/6
f 8800/6/6 8795/6/6 8801/6/6
f 8802/24/6 8803/24/6 8807/24/6
f 8803/12/6 8804/12/6 8808/12/6
f 8807/24/6 8803/24/6 8808/24/6
f 8808/12/6 8804/12/6 8809/12/6
f 8805/24/6 8806/24/6 8813/24/6
f 8813/24/6 8806/24/6 8814/24/6
f 8810/7/6 8811/7/6 8815/7/6
f 8812/24/6 8813/24/6 8817/24/6
f 8817/24/6 8813/24/6 8818/24/6
f 8815/7/6 8816/7/6 8819/7/6
f 8810/7/6 8815/7/6 8819/7/6
f 8819/7/6 8816/7/6 8820/7/6
f 8820/7/6 8816/7/6 8821/7/6
f 8821/7/6 8816/7/6 8822/7/6
f 8822/7/6 8823/7/6 8824/7/6
f 8821/7/6 8822/7/6 8824/7/6
f 8824/7/6 8823/7/6 8825/7/6
f 8825/7/6 8823/7/6 8826/7/6
f 8826/7/6 8827/7/6 8828/7/6
f 8828/7/6 8827/7/6 8829/7/6
f 8830/8/6 8831/8/6 8832/8/6
f 8832/8/6 8831/8/6 8833/8/6
f 8832/7/6 8833/7/6 8834/7/6
f 8834/7/6 8833/7/6 8835/7/6
f 8834/6/6 8835/6/6 8837/6/6
f 8835/7/6 8836/7/6 8838/7/6
f 8837/6/6 8835/6/6 8838/6/6
f 8838/7/6 8836/7/6 8839/7/6
f 8837/6/6 8838/6/6 8840/6/6
f 8838/6/6 8839/6/6 8840/6/6
f 8840/6/6 8839/6/6 8841/6/6
f 8841/6/6 8839/6/6 8842/6/6
f 8841/6/6 8842/6/6 8844/6/6
f 8842/6/6 8843/6/6 8844/6/6
f 8844/6/6 8843/6/6 8845/6/6
f 8841/6/6 8844/6/6 8847/6/6
f 8847/6/6 8844/6/6 8848/6/6
f 8846/6/6 8847/6/6 8848/6/6
f 8848/6/6 8844/6/6 8849/6/6
f 8846/6/6 8848/6/6 8850/6/6
f 8850/6/6 8848/6/6 8851/6/6
f 8852/7/6 8853/7/6 8855/7/6
f 8855/7/6 8853/7/6 8856/7/6
f 8854/7/6 8855/7/6 8861/7/6
f 8861/7/6 8855/7/6 8862/7/6
f 8862/7/6 8855/7/6 8863/7/6
f 8857/24/6 8858/24/6 8864/24/6
f 8864/24/6 8858/24/6 8865/24/6
f 8859/6/6 8860/6/6 8867/6/6
f 8860/7/6 8861/7/6 8867/7/6
f 8861/7/6 8862/7/6 8867/7/6
f 8867/7/6 8862/7/6 8868/7/6
f 8865/24/6 8866/24/6 8869/24/6
f 8869/24/6 8866/24/6 8870/24/6
f 8859/6/6 8867/6/6 8873/6/6
f 8873/6/6 8867/6/6 8874/6/6
f 8871/6/6 8872/6/6 8875/6/6
f 8875/6/6 8872/6/6 8876/6/6
f 8877/16/6 8878/16/6 8883/16/6
f 8883/16/6 8878/16/6 8884/16/6
f 8878/12/6 8879/12/6 8885/12/6
f 8884/16/6 8878/16/6 8885/16/6
f 8885/12/6 8879/12/6 8886/12/6
f 8879/6/6 8880/6/6 8887/6/6
f 8886/12/6 8879/12/6 8887/12/6
f 8880/7/6 8881/7/6 8888/7/6
f 8887/6/6 8880/6/6 8888/6/6
f 8882/16/6 8883/16/6 8891/16/6
f 8891/16/6 8883/16/6 8892/16/6
f 8885/12/6 8886/12/6 8893/12/6
f 8886/6/6 8887/6/6 8894/6/6
f 8893/12/6 8886/12/6 8894/12/6
f 8894/6/6 8887/6/6 8895/6/6
f 8888/7/6 8881/7/6 8896/7/6
f 8896/7/6 8881/7/6 8897/7/6
f 8889/24/6 8890/24/6 8900/24/6
f 8890/16/6 8891/16/6 8901/16/6
f 8900/24/6 8890/24/6 8901/24/6
f 8901/16/6 8891/16/6 8902/16/6
f 8898/7/6 8899/7/6 8903/7/6
f 8897/6/6 8898/6/6 8903/6/6
f 8903/7/6 8899/7/6 8904/7/6
f 8904/6/6 8905/6/6 8909/6/6
f 8897/6/6 8903/6/6 8909/6/6
f 8903/6/6 8904/6/6 8909/6/6
f 8909/6/6 8905/6/6 8910/6/6
f 8905/7/6 8906/7/6 8911/7/6
f 8910/6/6 8905/6/6 8911/6/6
f 8911/7/6 8906/7/6 8912/7/6
f 8907/24/6 8908/24/6 8914/24/6
f 8914/24/6 8908/24/6 8915/24/6
f 8910/12/6 8911/12/6 8916/12/6
f 8911/6/6 8912/6/6 8917/6/6
f 8916/12/6 8911/12/6 8917/12/6
f 8917/6/6 8912/6/6 8920/6/6
f 8912/7/6 8913/7/6 8921/7/6
f 8920/6/6 8912/6/6 8921/6/6
f 8921/7/6 8913/7/6 8922/7/6
f 8918/24/6 8919/24/6 8923/24/6
f 8923/24/6 8919/24/6 8924/24/6
f 8921/6/6 8922/6/6 8925/6/6
f 8925/6/6 8922/6/6 8926/6/6
f 8927/24/6 8928/24/6 8929/24/6
f 8927/24/6 8929/24/6 8932/24/6
f 8932/24/6 8929/24/6 8933/24/6
f 8930/6/6 8931/6/6 8936/6/6
f 8936/6/6 8931/6/6 8937/6/6
f 8934/24/6 8935/24/6 8938/24/6
f 8938/24/6 8935/24/6 8939/24/6
f 8940/24/6 8941/24/6 8944/24/6
f 8944/24/6 8941/24/6 8945/24/6
f 8942/6/6 8943/6/6 8947/6/6
f 8946/6/6 8947/6/6 8951/6/6
f 8947/6/6 8943/6/6 8952/6/6
f 8951/6/6 8947/6/6 8952/6/6
f 8952/6/6 8943/6/6 8953/6/6
f 8948/24/6 8949/24/6 8954/24/6
f 8954/24/6 8949/24/6 8955/24/6
f 8950/6/6 8951/6/6 8958/6/6
f 8951/6/6 8952/6/6 8958/6/6
f 8952/7/6 8953/7/6 8959/7/6
f 8958/6/6 8952/6/6 8959/6/6
f 8959/7/6 8953/7/6 8960/7/6
f 8956/6/6 8957/6/6 8964/6/6
f 8957/7/6 8958/7/6 8965/7/6
f 8964/6/6 8957/6/6 8965/6/6
f 8958/7/6 8959/7/6 8965/7/6
f 8965/7/6 8959/7/6 8966/7/6
f 8966/7/6 8959/7/6 8967/7/6
f 8962/16/6 8963/16/6 8968/16/6
f 8961/16/6 8962/16/6 8968/16/6
f 8968/16/6 8963/16/6 8969/16/6
f 8965/7/6 8966/7/6 8975/7/6
f 8964/7/6 8965/7/6 8975/7/6
f 8975/7/6 8966/7/6 8976/7/6
f 8969/16/6 8970/16/6 8977/16/6
f 8977/16/6 8970/16/6 8978/16/6
f 8971/6/6 8972/6/6 8980/6/6
f 8972/7/6 8973/7/6 8981/7/6
f 8974/6/6 8975/6/6 8983/6/6
f 8978/16/6 8979/16/6 8984/16/6
f 8979/6/6 8980/6/6 8985/6/6
f 8984/16/6 8979/16/6 8985/16/6
f 8980/6/6 8972/6/6 8986/6/6
f 8985/6/6 8980/6/6 8986/6/6
f 8972/7/6 8981/7/6 8986/7/6
f 8982/6/6 8983/6/6 8987/6/6
f 8986/7/6 8981/7/6 8987/7/6
f 8981/6/6 8982/6/6 8987/6/6
f 8983/6/6 8975/6/6 8988/6/6
f 8987/6/6 8983/6/6 8988/6/6
f 8989/16/6 8990/16/6 8995/16/6
f 8990/8/6 8991/8/6 8996/8/6
f 8995/16/6 8990/16/6 8996/16/6
f 8996/8/6 8991/8/6 8997/8/6
f 8992/6/6 8993/6/6 8998/6/6
f 8998/6/6 8993/6/6 8999/6/6
f 8994/8/6 8995/8/6 9002/8/6
f 8995/8/6 8996/8/6 9002/8/6
f 9002/8/6 8996/8/6 9003/8/6
f 8997/8/6 8998/8/6 9004/8/6
f 8999/6/6 9000/6/6 9005/6/6
f 9004/8/6 8998/8/6 9005/8/6
f 8998/6/6 8999/6/6 9005/6/6
f 9005/6/6 9000/6/6 9006/6/6
f 9001/16/6 9002/16/6 9007/16/6
f 9007/16/6 9002/16/6 9008/16/6
f 9004/6/6 9005/6/6 9009/6/6
f 9009/6/6 9005/6/6 9010/6/6
f 9006/6/6 9000/6/6 9011/6/6
f 9011/6/6 9000/6/6 9012/6/6
f 9001/16/6 9007/16/6 9015/16/6
f 9015/16/6 9007/16/6 9016/16/6
f 9012/6/6 9013/6/6 9017/6/6
f 9017/6/6 9013/6/6 9018/6/6
f 9018/6/6 9013/6/6 9019/6/6
f 9014/16/6 9015/16/6 9020/16/6
f 9020/16/6 9015/16/6 9021/16/6
f 9017/20/6 9018/20/6 9022/20/6
f 9022/20/6 9018/20/6 9027/20/6
f 9027/20/6 9018/20/6 9028/20/6
f 9023/6/6 9024/6/6 9030/6/6
f 9030/6/6 9024/6/6 9031/6/6
f 9027/6/6 9028/6/6 9033/6/6
f 9028/20/6 9029/20/6 9034/20/6
f 9033/6/6 9028/6/6 9034/6/6
f 9031/6/6 9032/6/6 9035/6/6
f 9034/20/6 9029/20/6 9035/20/6
f 9029/6/6 9030/6/6 9035/6/6
f 9030/6/6 9031/6/6 9035/6/6
f 9035/6/6 9032/6/6 9036/6/6
f 9025/16/6 9026/16/6 9037/16/6
f 9037/16/6 9026/16/6 9038/16/6
f 9035/12/6 9036/12/6 9039/12/6
f 9039/12/6 9036/12/6 9040/12/6
f 9039/6/6 9040/6/6 9043/6/6
f 9040/12/6 9036/12/6 9044/12/6
f 9043/6/6 9040/6/6 9044/6/6
f 9036/6/6 9032/6/6 9045/6/6
f 9044/12/6 9036/12/6 9045/12/6
f 9041/24/6 9042/24/6 9046/24/6
f 9041/24/6 9046/24/6 9047/24/6
f 9041/24/6 9047/24/6 9048/24/6
f 9044/6/6 9045/6/6 9049/6/6
f 9045/6/6 9032/6/6 9050/6/6
f 9049/6/6 9045/6/6 9050/6/6
f 9041/24/6 9048/24/6 9051/24/6
f 9051/24/6 9048/24/6 9052/24/6
f 9049/12/6 9050/12/6 9054/12/6
f 9050/6/6 9032/6/6 9055/6/6
f 9054/12/6 9050/12/6 9055/12/6
f 9053/12/6 9054/12/6 9060/12/6
f 9054/6/6 9055/6/6 9061/6/6
f 9060/12/6 9054/12/6 9061/12/6
f 9056/12/6 9057/12/6 9062/12/6
f 9062/12/6 9057/12/6 9063/12/6
f 9058/6/6 9059/6/6 9064/6/6
f 9059/6/6 9060/6/6 9064/6/6
f 9060/6/6 9061/6/6 9064/6/6
f 9064/6/6 9061/6/6 9065/6/6
f 9061/6/6 9055/6/6 9066/6/6
f 9065/6/6 9061/6/6 9066/6/6
f 9055/6/6 9032/6/6 9067/6/6
f 9066/6/6 9055/6/6 9067/6/6
f 9067/6/6 9032/6/6 9068/6/6
f 9064/16/6 9065/16/6 9071/16/6
f 9066/6/6 9067/6/6 9072/6/6
f 9072/6/6 9067/6/6 9073/6/6
f 9069/16/6 9070/16/6 9074/16/6
f 9074/16/6 9070/16/6 9075/16/6
f 9071/16/6 9065/16/6 9078/16/6
f 9078/16/6 9065/16/6 9079/16/6
f 9076/6/6 9077/6/6 9081/6/6
f 9075/16/6 9076/16/6 9081/16/6
f 9081/6/6 9077/6/6 9082/6/6
f 9079/20/6 9080/20/6 9088/20/6
f 9078/20/6 9079/20/6 9088/20/6
f 9088/20/6 9080/20/6 9089/20/6
f 9075/16/6 9081/16/6 9090/16/6
f 9081/16/6 9082/16/6 9090/16/6
f 9082/6/6 9083/6/6 9091/6/6
f 9090/16/6 9082/16/6 9091/16/6
f 9091/6/6 9083/6/6 9092/6/6
f 9084/7/6 9085/7/6 9095/7/6
f 9085/6/6 9086/6/6 9096/6/6
f 9095/7/6 9085/7/6 9096/7/6
f 9096/6/6 9086/6/6 9097/6/6
f 9087/7/6 9088/7/6 9098/7/6
f 9093/7/6 9094/7/6 9099/7/6
f 9092/7/6 9093/7/6 9099/7/6
f 9099/7/6 9094/7/6 9100/7/6
f 9100/7/6 9094/7/6 9101/7/6
f 9096/6/6 9097/6/6 9102/6/6
f 9095/6/6 9096/6/6 9102/6/6
f 9097/7/6 9098/7/6 9103/7/6
f 9102/6/6 9097/6/6 9103/6/6
f 9103/7/6 9098/7/6 9104/7/6
f 9098/7/6 9088/7/6 9105/7/6
f 9104/7/6 9098/7/6 9105/7/6
f 9105/7/6 9088/7/6 9106/7/6
f 9101/7/6 9102/7/6 9107/7/6
f 9100/7/6 9101/7/6 9107/7/6
f 9107/7/6 9102/7/6 9108/7/6
f 9103/6/6 9104/6/6 9109/6/6
f 9104/7/6 9105/7/6 9110/7/6
f 9109/6/6 9104/6/6 9110/6/6
f 9110/7/6 9105/7/6 9111/7/6
f 9112/8/6 9113/8/6 9115/8/6
f 9115/8/6 9113/8/6 9116/8/6
f 9114/7/6 9115/7/6 9120/7/6
f 9115/6/6 9116/6/6 9121/6/6
f 9120/7/6 9115/7/6 9121/7/6
f 9121/6/6 9116/6/6 9122/6/6
f 9117/6/6 9118/6/6 9123/6/6
f 9123/6/6 9118/6/6 9124/6/6
f 9119/7/6 9120/7/6 9127/7/6
f 9120/7/6 9121/7/6 9127/7/6
f 9127/7/6 9121/7/6 9128/7/6
f 9128/7/6 9121/7/6 9129/7/6
f 9123/6/6 9124/6/6 9130/6/6
f 9122/6/6 9123/6/6 9130/6/6
f 9130/6/6 9124/6/6 9131/6/6
f 9124/12/6 9125/12/6 9132/12/6
f 9131/6/6 9124/6/6 9132/6/6
f 9132/12/6 9125/12/6 9133/12/6
f 9127/7/6 9128/7/6 9137/7/6
f 9126/7/6 9127/7/6 9137/7/6
f 9137/7/6 9128/7/6 9138/7/6
f 9138/7/6 9128/7/6 9139/7/6
f 9130/12/6 9131/12/6 9140/12/6
f 9131/6/6 9132/6/6 9141/6/6
f 9140/12/6 9131/12/6 9141/12/6
f 9141/6/6 9132/6/6 9142/6/6
f 9132/16/6 9133/16/6 9143/16/6
f 9142/6/6 9132/6/6 9143/6/6
f 9143/16/6 9133/16/6 9144/16/6
f 9136/7/6 9137/7/6 9145/7/6
f 9137/7/6 9138/7/6 9145/7/6
f 9145/7/6 9138/7/6 9146/7/6
f 9146/7/6 9138/7/6 9147/7/6
f 9147/7/6 9138/7/6 9148/7/6
f 9140/6/6 9141/6/6 9149/6/6
f 9141/12/6 9142/12/6 9150/12/6
f 9149/6/6 9141/6/6 9150/6/6
f 9143/6/6 9144/6/6 9151/6/6
f 9150/12/6 9142/12/6 9151/12/6
f 9142/6/6 9143/6/6 9151/6/6
f 9151/6/6 9144/6/6 9152/6/6
f 9134/27/6 9135/27/6 9153/27/6
f 9153/27/6 9135/27/6 9154/27/6
f 9146/7/6 9147/7/6 9155/7/6
f 9155/7/6 9147/7/6 9156/7/6
f 9149/7/6 9150/7/6 9157/7/6
f 9150/12/6 9151/12/6 9158/12/6
f 9157/7/6 9150/7/6 9158/7/6
f 9158/12/6 9151/12/6 9159/12/6
f 9136/7/6 9145/7/6 9163/7/6
f 9155/6/6 9156/6/6 9164/6/6
f 9164/6/6 9156/6/6 9165/6/6
f 9162/7/6 9163/7/6 9166/7/6
f 9163/7/6 9145/7/6 9166/7/6
f 9166/7/6 9145/7/6 9167/7/6
f 9160/6/6 9161/6/6 9168/6/6
f 9168/6/6 9161/6/6 9169/6/6
f 9169/6/6 9161/6/6 9170/6/6
f 9162/7/6 9166/7/6 9172/7/6
f 9172/7/6 9166/7/6 9173/7/6
f 9169/6/6 9170/6/6 9175/6/6
f 9170/6/6 9171/6/6 9175/6/6
f 9175/6/6 9171/6/6 9176/6/6
f 9172/6/6 9173/6/6 9177/6/6
f 9177/6/6 9173/6/6 9178/6/6
f 9174/12/6 9175/12/6 9179/12/6
f 9175/12/6 9176/12/6 9179/12/6
f 9177/7/6 9178/7/6 9180/7/6
f 9180/7/6 9178/7/6 9181/7/6
f 9176/6/6 9171/6/6 9182/6/6
f 9179/12/6 9176/12/6 9182/12/6
f 9182/6/6 9171/6/6 9183/6/6
f 9180/6/6 9181/6/6 9184/6/6
f 9179/12/6 9182/12/6 9186/12/6
f 9182/12/6 9183/12/6 9186/12/6
f 9186/12/6 9183/12/6 9187/12/6
f 9187/12/6 9183/12/6 9188/12/6
f 9184/6/6 9185/6/6 9189/6/6
f 9180/6/6 9184/6/6 9189/6/6
f 9189/6/6 9185/6/6 9190/6/6
f 9186/12/6 9187/12/6 9193/12/6
f 9193/12/6 9187/12/6 9194/12/6
f 9191/6/6 9192/6/6 9195/6/6
f 9193/6/6 9194/6/6 9198/6/6
f 9194/12/6 9187/12/6 9199/12/6
f 9198/6/6 9194/6/6 9199/6/6
f 9199/12/6 9187/12/6 9200/12/6
f 9190/6/6 9185/6/6 9201/6/6
f 9191/6/6 9195/6/6 9202/6/6
f 9202/6/6 9195/6/6 9203/6/6
f 9196/7/6 9197/7/6 9205/7/6
f 9205/7/6 9197/7/6 9206/7/6
f 9203/6/6 9204/6/6 9212/6/6
f 9190/6/6 9201/6/6 9212/6/6
f 9201/6/6 9202/6/6 9212/6/6
f 9202/6/6 9203/6/6 9212/6/6
f 9212/6/6 9204/6/6 9213/6/6
f 9213/6/6 9204/6/6 9214/6/6
f 9214/6/6 9204/6/6 9215/6/6
f 9205/7/6 9206/7/6 9217/7/6
f 9217/7/6 9206/7/6 9218/7/6
f 9206/12/6 9207/12/6 9219/12/6
f 9218/7/6 9206/7/6 9219/7/6
f 9207/7/6 9208/7/6 9220/7/6
f 9219/12/6 9207/12/6 9220/12/6
f 9208/6/6 9209/6/6 9221/6/6
f 9220/7/6 9208/7/6 9221/7/6
f 9221/6/6 9209/6/6 9222/6/6
f 9213/6/6 9214/6/6 9223/6/6
f 9214/7/6 9215/7/6 9224/7/6
f 9223/6/6 9214/6/6 9224/6/6
f 9215/6/6 9216/6/6 9225/6/6
f 9217/6/6 9218/6/6 9227/6/6
f 9219/7/6 9220/7/6 9228/7/6
f 9227/6/6 9218/6/6 9228/6/6
f 9218/7/6 9219/7/6 9228/7/6
f 9220/7/6 9221/7/6 9228/7/6
f 9210/27/6 9211/27/6 9229/27/6
f 9229/27/6 9211/27/6 9230/27/6
f 9224/7/6 9215/7/6 9231/7/6
f 9215/6/6 9225/6/6 9232/6/6
f 9231/7/6 9215/7/6 9232/7/6
f 9225/6/6 9226/6/6 9232/6/6
f 9232/6/6 9226/6/6 9233/6/6
f 9233/6/6 9226/6/6 9234/6/6
f 9227/7/6 9228/7/6 9235/7/6
f 9228/7/6 9221/7/6 9236/7/6
f 9235/7/6 9228/7/6 9236/7/6
f 9221/16/6 9222/16/6 9237/16/6
f 9236/7/6 9221/7/6 9237/7/6
f 9237/16/6 9222/16/6 9238/16/6
f 9232/6/6 9233/6/6 9239/6/6
f 9234/7/6 9235/7/6 9240/7/6
f 9239/6/6 9233/6/6 9240/6/6
f 9233/7/6 9234/7/6 9240/7/6
f 9240/7/6 9235/7/6 9241/7/6
f 9236/7/6 9237/7/6 9242/7/6
f 9242/7/6 9237/7/6 9243/7/6
f 9241/7/6 9235/7/6 9244/7/6
f 9244/7/6 9235/7/6 9245/7/6
f 9246/6/6 9247/6/6 9249/6/6
f 9248/7/6 9249/7/6 9251/7/6
f 9250/7/6 9251/7/6 9255/7/6
f 9249/6/6 9247/6/6 9256/6/6
f 9251/7/6 9249/7/6 9256/7/6
f 9255/7/6 9251/7/6 9256/7/6
f 9256/6/6 9247/6/6 9257/6/6
f 9254/7/6 9255/7/6 9260/7/6
f 9255/6/6 9256/6/6 9261/6/6
f 9260/7/6 9255/7/6 9261/7/6
f 9261/6/6 9256/6/6 9262/6/6
f 9256/7/6 9257/7/6 9263/7/6
f 9262/6/6 9256/6/6 9263/6/6
f 9263/7/6 9257/7/6 9264/7/6
f 9258/6/6 9259/6/6 9266/6/6
f 9266/6/6 9259/6/6 9267/6/6
f 9252/7/6 9253/7/6 9268/7/6
f 9261/8/6 9262/8/6 9269/8/6
f 9260/8/6 9261/8/6 9269/8/6
f 9269/8/6 9262/8/6 9270/8/6
f 9264/7/6 9265/7/6 9271/7/6
f 9270/8/6 9262/8/6 9271/8/6
f 9262/7/6 9263/7/6 9271/7/6
f 9263/7/6 9264/7/6 9271/7/6
f 9271/7/6 9265/7/6 9272/7/6
f 9266/11/6 9267/11/6 9273/11/6
f 9272/7/6 9265/7/6 9273/7/6
f 9265/11/6 9266/11/6 9273/11/6
f 9252/7/6 9268/7/6 9275/7/6
f 9269/8/6 9270/8/6 9276/8/6
f 9268/8/6 9269/8/6 9276/8/6
f 9271/7/6 9272/7/6 9277/7/6
f 9276/8/6 9270/8/6 9277/8/6
f 9270/7/6 9271/7/6 9277/7/6
f 9277/7/6 9272/7/6 9278/7/6
f 9272/6/6 9273/6/6 9279/6/6
f 9278/7/6 9272/7/6 9279/7/6
f 9273/11/6 9267/11/6 9280/11/6
f 9279/6/6 9273/6/6 9280/6/6
f 9280/11/6 9267/11/6 9281/11/6
f 9267/6/6 9259/6/6 9282/6/6
f 9274/7/6 9275/7/6 9283/7/6
f 9268/8/6 9276/8/6 9283/8/6
f 9275/7/6 9268/7/6 9283/7/6
f 9277/7/6 9278/7/6 9284/7/6
f 9283/8/6 9276/8/6 9284/8/6
f 9276/7/6 9277/7/6 9284/7/6
f 9284/7/6 9278/7/6 9285/7/6
f 9285/7/6 9278/7/6 9286/7/6
f 9286/7/6 9278/7/6 9287/7/6
f 9279/11/6 9280/11/6 9288/11/6
f 9280/6/6 9281/6/6 9289/6/6
f 9288/11/6 9280/11/6 9289/11/6
f 9281/11/6 9267/11/6 9290/11/6
f 9289/6/6 9281/6/6 9290/6/6
f 9267/6/6 9282/6/6 9291/6/6
f 9290/11/6 9267/11/6 9291/11/6
f 9291/6/6 9282/6/6 9292/6/6
f 9274/7/6 9283/7/6 9293/7/6
f 9283/7/6 9284/7/6 9293/7/6
f 9284/7/6 9285/7/6 9293/7/6
f 9293/7/6 9285/7/6 9294/7/6
f 9285/8/6 9286/8/6 9295/8/6
f 9294/7/6 9285/7/6 9295/7/6
f 9288/6/6 9289/6/6 9296/6/6
f 9289/11/6 9290/11/6 9297/11/6
f 9296/6/6 9289/6/6 9297/6/6
f 9291/11/6 9292/11/6 9297/11/6
f 9290/11/6 9291/11/6 9297/11/6
f 9297/11/6 9292/11/6 9298/11/6
f 9298/11/6 9292/11/6 9299/11/6
f 9299/11/6 9292/11/6 9300/11/6
f 9274/7/6 9293/7/6 9301/7/6
f 9293/6/6 9294/6/6 9302/6/6
f 9301/7/6 9293/7/6 9302/7/6
f 9296/11/6 9297/11/6 9303/11/6
f 9297/6/6 9298/6/6 9304/6/6
f 9303/11/6 9297/11/6 9304/11/6
f 9304/6/6 9298/6/6 9305/6/6
f 9298/11/6 9299/11/6 9306/11/6
f 9305/6/6 9298/6/6 9306/6/6
f 9299/12/6 9300/12/6 9307/12/6
f 9306/11/6 9299/11/6 9307/11/6
f 9307/12/6 9300/12/6 9308/12/6
f 9301/6/6 9302/6/6 9309/6/6
f 9302/6/6 9294/6/6 9310/6/6
f 9309/6/6 9302/6/6 9310/6/6
f 9286/6/6 9287/6/6 9311/6/6
f 9304/6/6 9305/6/6 9312/6/6
f 9303/6/6 9304/6/6 9312/6/6
f 9305/11/6 9306/11/6 9313/11/6
f 9306/11/6 9307/11/6 9313/11/6
f 9312/6/6 9305/6/6 9313/6/6
f 9313/11/6 9307/11/6 9314/11/6
f 9310/6/6 9294/6/6 9316/6/6
f 9294/8/6 9295/8/6 9317/8/6
f 9316/6/6 9294/6/6 9317/6/6
f 9295/8/6 9286/8/6 9318/8/6
f 9317/8/6 9295/8/6 9318/8/6
f 9286/6/6 9311/6/6 9318/6/6
f 9311/7/6 9312/7/6 9319/7/6
f 9318/6/6 9311/6/6 9319/6/6
f 9312/6/6 9313/6/6 9320/6/6
f 9319/7/6 9312/7/6 9320/7/6
f 9313/12/6 9314/12/6 9321/12/6
f 9320/6/6 9313/6/6 9321/6/6
f 9321/12/6 9314/12/6 9322/12/6
f 9318/8/6 9319/8/6 9323/8/6
f 9317/8/6 9318/8/6 9323/8/6
f 9323/8/6 9319/8/6 9324/8/6
f 9320/7/6 9321/7/6 9325/7/6
f 9324/8/6 9319/8/6 9325/8/6
f 9319/7/6 9320/7/6 9325/7/6
f 9325/7/6 9321/7/6 9326/7/6
f 9321/6/6 9322/6/6 9327/6/6
f 9326/7/6 9321/7/6 9327/7/6
f 9322/12/6 9314/12/6 9328/12/6
f 9327/6/6 9322/6/6 9328/6/6
f 9314/6/6 9315/6/6 9329/6/6
f 9328/12/6 9314/12/6 9329/12/6
f 9329/6/6 9315/6/6 9330/6/6
f 9310/6/6 9316/6/6 9331/6/6
f 9331/6/6 9316/6/6 9332/6/6
f 9323/7/6 9324/7/6 9333/7/6
f 9324/8/6 9325/8/6 9334/8/6
f 9333/7/6 9324/7/6 9334/7/6
f 9334/8/6 9325/8/6 9335/8/6
f 9325/6/6 9326/6/6 9336/6/6
f 9335/8/6 9325/8/6 9336/8/6
f 9336/6/6 9326/6/6 9337/6/6
f 9327/6/6 9328/6/6 9338/6/6
f 9328/6/6 9329/6/6 9338/6/6
f 9329/16/6 9330/16/6 9339/16/6
f 9338/6/6 9329/6/6 9339/6/6
f 9339/16/6 9330/16/6 9340/16/6
f 9334/7/6 9335/7/6 9341/7/6
f 9335/8/6 9336/8/6 9342/8/6
f 9341/7/6 9335/7/6 9342/7/6
f 9336/7/6 9337/7/6 9343/7/6
f 9342/8/6 9336/8/6 9343/8/6
f 9343/7/6 9337/7/6 9344/7/6
f 9342/6/6 9343/6/6 9345/6/6
f 9343/6/6 9344/6/6 9345/6/6
f 9345/6/6 9344/6/6 9346/6/6
f 9346/6/6 9344/6/6 9347/6/6
f 9347/6/6 9344/6/6 9348/6/6
f 9349/12/6 9350/12/6 9351/12/6
f 9351/12/6 9350/12/6 9352/12/6
f 9351/6/6 9352/6/6 9353/6/6
f 9353/6/6 9352/6/6 9354/6/6
f 9355/20/6 9356/20/6 9357/20/6
f 9357/20/6 9356/20/6 9358/20/6
f 9359/11/6 9360/11/6 9361/11/6
f 9361/11/6 9360/11/6 9362/11/6
f 9363/11/6 9364/11/6 9366/11/6
f 9365/27/6 9366/27/6 9367/27/6
f 9366/11/6 9364/11/6 9368/11/6
f 9367/27/6 9366/27/6 9368/27/6
f 9368/11/6 9364/11/6 9369/11/6
f 9370/11/6 9371/11/6 9373/11/6
f 9373/11/6 9371/11/6 9374/11/6
f 9372/11/6 9373/11/6 9375/11/6
f 9372/11/6 9375/11/6 9376/11/6
f 9372/11/6 9376/11/6 9377/11/6
f 9377/11/6 9376/11/6 9378/11/6
f 9377/20/6 9378/20/6 9379/20/6
f 9379/20/6 9378/20/6 9380/20/6
f 9381/25/6 9382/25/6 9383/25/6
f 9383/25/6 9382/25/6 9384/25/6
f 9385/15/6 9386/15/6 9387/15/6
f 9387/15/6 9386/15/6 9388/15/6
f 9389/11/6 9390/11/6 9391/11/6
f 9391/11/6 9390/11/6 9392/11/6
f 9393/20/6 9394/20/6 9395/20/6
f 9395/20/6 9394/20/6 9396/20/6
f 9397/20/6 9398/20/6 9400/20/6
f 9400/20/6 9398/20/6 9401/20/6
f 9399/20/6 9400/20/6 9402/20/6
f 9402/20/6 9400/20/6 9403/20/6
f 9404/25/6 9405/25/6 9406/25/6
f 9406/25/6 9405/25/6 9407/25/6
f 9408/20/6 9409/20/6 9411/20/6
f 9411/20/6 9409/20/6 9412/20/6
f 9410/11/6 9411/11/6 9413/11/6
f 9413/11/6 9411/11/6 9414/11/6
f 9415/20/6 9416/20/6 9417/20/6
f 9417/20/6 9416/20/6 9418/20/6
f 9419/20/6 9420/20/6 9421/20/6
f 9421/20/6 9420/20/6 9422/20/6
f 9423/20/6 9424/20/6 9425/20/6
f 9425/20/6 9424/20/6 9426/20/6
f 9425/11/6 9426/11/6 9428/11/6
f 9428/11/6 9426/11/6 9429/11/6
f 9427/20/6 9428/20/6 9430/20/6
f 9430/20/6 9428/20/6 9431/20/6
f 9432/11/6 9433/11/6 9436/11/6
f 9436/11/6 9433/11/6 9437/11/6
f 9434/20/6 9435/20/6 9438/20/6
f 9438/20/6 9435/20/6 9439/20/6
f 9440/20/6 9441/20/6 9442/20/6
f 9442/20/6 9441/20/6 9443/20/6
f 9442/24/6 9443/24/6 9444/24/6
f 9444/24/6 9443/24/6 9445/24/6
f 9446/20/6 9447/20/6 9448/20/6
f 9448/20/6 9447/20/6 9449/20/6
f 9450/20/6 9451/20/6 9452/20/6
f 9452/20/6 9451/20/6 9453/20/6
f 9453/20/6 9451/20/6 9454/20/6
f 9455/24/6 9456/24/6 9459/24/6
f 9459/24/6 9456/24/6 9460/24/6
f 9457/20/6 9458/20/6 9461/20/6
f 9461/20/6 9458/20/6 9462/20/6
f 9460/24/6 9461/24/6 9463/24/6
f 9463/24/6 9461/24/6 9464/24/6
f 9465/24/6 9466/24/6 9467/24/6
f 9467/24/6 9466/24/6 9468/24/6
f 9469/20/6 9470/20/6 9471/20/6
f 9469/20/6 9471/20/6 9472/20/6
f 9472/20/6 9471/20/6 9473/20/6
f 9474/14/6 9475/14/6 9476/14/6
f 9476/14/6 9475/14/6 9477/14/6
f 9478/24/6 9479/24/6 9481/24/6
f 9479/20/6 9480/20/6 9482/20/6
f 9481/24/6 9479/24/6 9482/24/6
f 9482/20/6 9480/20/6 9483/20/6
f 9484/20/6 9485/20/6 9486/20/6
f 9486/20/6 9485/20/6 9487/20/6
f 9488/24/6 9489/24/6 9490/24/6
f 9490/24/6 9489/24/6 9491/24/6
f 9492/24/6 9493/24/6 9494/24/6
f 9494/24/6 9493/24/6 9495/24/6
f 9496/24/6 9497/24/6 9498/24/6
f 9498/24/6 9497/24/6 9499/24/6
f 9500/24/6 9501/24/6 9502/24/6
f 9502/24/6 9501/24/6 9503/24/6
f 9504/24/6 9505/24/6 9506/24/6
f 9506/24/6 9505/24/6 9507/24/6
f 9508/24/6 9509/24/6 9510/24/6
f 9510/24/6 9509/24/6 9511/24/6
f 9511/24/6 9509/24/6 9513/24/6
f 9512/24/6 9513/24/6 9514/24/6
f 9513/24/6 9509/24/6 9515/24/6
f 9514/24/6 9513/24/6 9515/24/6
f 9515/24/6 9509/24/6 9516/24/6
f 9514/24/6 9515/24/6 9517/24/6
f 9517/24/6 9515/24/6 9518/24/6
f 9519/24/6 9520/24/6 9521/24/6
f 9521/24/6 9520/24/6 9522/24/6
f 9523/24/6 9524/24/6 9525/24/6
f 9525/24/6 9524/24/6 9526/24/6
f 9526/24/6 9524/24/6 9527/24/6
f 9527/24/6 9524/24/6 9528/24/6
f 9529/24/6 9530/24/6 9532/24/6
f 9532/24/6 9530/24/6 9533/24/6
f 9531/24/6 9532/24/6 9535/24/6
f 9535/24/6 9532/24/6 9536/24/6
f 9534/24/6 9535/24/6 9538/24/6
f 9536/24/6 9537/24/6 9539/24/6
f 9539/24/6 9537/24/6 9540/24/6
f 9534/24/6 9538/24/6 9541/24/6
f 9538/24/6 9539/24/6 9541/24/6
f 9541/24/6 9539/24/6 9542/24/6
f 9542/24/6 9539/24/6 9543/24/6
f 9543/24/6 9539/24/6 9544/24/6
f 9545/24/6 9546/24/6 9547/24/6
f 9547/24/6 9546/24/6 9548/24/6
f 9549/24/6 9550/24/6 9552/24/6
f 9552/24/6 9550/24/6 9553/24/6
f 9551/24/6 9552/24/6 9554/24/6
f 9554/24/6 9552/24/6 9555/24/6
f 9555/24/6 9556/24/6 9557/24/6
f 9557/24/6 9556/24/6 9558/24/6
f 9559/25/6 9560/25/6 9561/25/6
f 9561/25/6 9560/25/6 9562/25/6
f 9563/25/6 9564/25/6 9565/25/6
f 9565/25/6 9564/25/6 9566/25/6
